Time,Signal_X,Signal_Y,Signal_Z
0,0,0,-1.1
0.005,0,0,-1.1
0.01,0,0,-1.1
0.015,0,0,-1.1
0.02,0,0,-1.1
0.025,0,0,-1.1
0.03,0,0,-1.1
0.035,0,0,-1.1
0.04,0,0,-1.1
0.045,0,0,-1.1
0.05,0,0,-1.1
0.055,0,0,-1.1
0.06,0,0,-1.1
0.065,0,0,-1.1
0.07,0,0,-1.1
0.075,0,0,-1.1
0.08,0,0,-1.1
0.085,0,0,-1.1
0.09,0,0,-1.1
0.095,0,0,-1.1
0.1,0,0,-1.1
0.105,0,0,-1.1
0.11,0,0,-1.1
0.115,0,0,-1.1
0.12,0,0,-1.1
0.125,0,0,-1.1
0.13,0,0,-1.1
0.135,0,0,-1.1
0.14,0,0,-1.1
0.145,0,0,-1.1
0.15,0,0,-1.1
0.155,0,0,-1.1
0.16,0,0,-1.1
0.165,0,0,-1.1
0.17,0,0,-1.1
0.175,0,0,-1.1
0.18,0,0,-1.1
0.185,0,0,-1.1
0.19,0,0,-1.1
0.195,0,0,-1.1
0.2,0,0,-1.1
0.205,0,0,-1.1
0.21,0,0,-1.1
0.215,0,0,-1.1
0.22,0,0,-1.1
0.225,0,0,-1.1
0.23,0,0,-1.1
0.235,0,0,-1.1
0.24,0,0,-1.1
0.245,0,0,-1.1
0.25,0,0,-1.1
0.255,0,0,-1.1
0.26,0,0,-1.1
0.265,0,0,-1.1
0.27,0,0,-1.1
0.275,0,0,-1.1
0.28,0,0,-1.1
0.285,0,0,-1.1
0.29,0,0,-1.1
0.295,0,0,-1.1
0.3,0,0,-1.1
0.305,0,0,-1.1
0.31,0,0,-1.1
0.315,0,0,-1.1
0.32,0,0,-1.1
0.325,0,0,-1.1
0.33,0,0,-1.1
0.335,0,0,-1.1
0.34,0,0,-1.1
0.345,0,0,-1.1
0.35,0,0,-1.1
0.355,0,0,-1.1
0.36,0,0,-1.1
0.365,0,0,-1.1
0.37,0,0,-1.1
0.375,0,0,-1.1
0.38,0,0,-1.1
0.385,0,0,-1.1
0.39,0,0,-1.1
0.395,0,0,-1.1
0.4,0,0,-1.1
0.405,0.24941554465825,-0.0170935278852165,-1.1
0.41,0.249415725527415,-0.0170936928317441,-1.1
0.415,0.249415866748977,-0.017093822916885,-1.1
0.42,0.24941592460978,-0.0170938786075761,-1.1
0.425,0.249416115188028,-0.0170938897551959,-1.1
0.43,0.249417281577239,-0.0170939879868764,-1.1
0.435,0.24942083028664,-0.0170943459088529,-1.1
0.44,0.249428103608538,-0.017094985028515,-1.1
0.445,0.249439981771234,-0.0170958586927635,-1.1
0.45,0.249456728615501,-0.0170969610394503,-1.1
0.455,0.249464621763495,-0.0170968526945297,-1.1
0.46,0.249467730078054,-0.0170911403288382,-1.1
0.465,0.249461601415264,-0.0170828809173226,-1.1
0.47,0.249443749780498,-0.0170739450945884,-1.1
0.475,0.249413695284334,-0.0170661383540472,-1.1
0.48,0.249372158661304,-0.0170611807002468,-1.1
0.485,0.249322625229711,-0.0170584181974017,-1.1
0.49,0.249268791576201,-0.0170558323220656,-1.1
0.495,0.24921190553478,-0.0170527970144657,-1.1
0.5,0.249150729850685,-0.0170503702279428,-1.1
0.505,0.249084537553886,-0.0170488311955604,-1.1
0.51,0.249014185795845,-0.0170480282063262,-1.1
0.515,0.248941986177401,-0.0170464059770064,-1.1
0.52,0.248870952545717,-0.0170423798986202,-1.1
0.525,0.248803061632957,-0.0170346443042116,-1.1
0.53,0.248739681231841,-0.0170223937889285,-1.1
0.535,0.248681581546139,-0.0170055010526165,-1.1
0.54,0.248627114425931,-0.01698614440057,-1.1
0.545,0.248573113607294,-0.0169677440421846,-1.1
0.55,0.248517162890225,-0.0169525548985884,-1.1
0.555,0.248457995384983,-0.0169415948908035,-1.1
0.56,0.248396019651141,-0.0169344721503047,-1.1
0.565,0.248333969120454,-0.016929476783397,-1.1
0.57,0.248274719891656,-0.0169245267311534,-1.1
0.575,0.248219410855841,-0.0169187451970255,-1.1
0.58,0.248167543871846,-0.0169131512952926,-1.1
0.585,0.248119474588479,-0.0169080644550458,-1.1
0.59,0.248075918610725,-0.0169039291063281,-1.1
0.595,0.248035763823013,-0.0169018760348162,-1.1
0.6,0.247998241767805,-0.0169022354234666,-1.1
0.605,0.247858930077603,-0.0183861025600858,-1.1
0.61,0.247832165962284,-0.0183864018929821,-1.1
0.615,0.247811784200569,-0.0183863975710632,-1.1
0.62,0.247795039486339,-0.0183892241496291,-1.1
0.625,0.247779480462162,-0.0183968239455648,-1.1
0.63,0.247765664524598,-0.018408746227848,-1.1
0.635,0.247756265151513,-0.0184231150654309,-1.1
0.64,0.247753564548878,-0.0184379992154358,-1.1
0.645,0.247755899723818,-0.0184547816773342,-1.1
0.65,0.247759300913861,-0.0184766968689441,-1.1
0.655,0.247762989184087,-0.0185036532878225,-1.1
0.66,0.247770145815996,-0.0185323412754737,-1.1
0.665,0.247784796684248,-0.0185591640968564,-1.1
0.67,0.247810087563669,-0.0185818048833393,-1.1
0.675,0.247846996808624,-0.0186000649958227,-1.1
0.68,0.24789513326363,-0.0186155552421919,-1.1
0.685,0.247953660601018,-0.0186298302744912,-1.1
0.69,0.24802118986958,-0.0186441343269475,-1.1
0.695,0.248095090199461,-0.0186607743910794,-1.1
0.7,0.248172526877572,-0.0186813563362161,-1.1
0.705,0.248251677422052,-0.0187063812793862,-1.1
0.71,0.248331164523227,-0.018735946347348,-1.1
0.715,0.248412447447156,-0.018768732248915,-1.1
0.72,0.248499399855466,-0.0188018819774665,-1.1
0.725,0.248595195870114,-0.0188327748494852,-1.1
0.73,0.248701055640088,-0.0188616172111292,-1.1
0.735,0.248817127129262,-0.0188888677678701,-1.1
0.74,0.248943347386051,-0.0189142775364384,-1.1
0.745,0.249077412885929,-0.0189395602085792,-1.1
0.75,0.249216980566819,-0.0189657883186523,-1.1
0.755,0.249361968807027,-0.0189922132870346,-1.1
0.76,0.249513412393246,-0.0190184311234556,-1.1
0.765,0.249672899419641,-0.019043914873961,-1.1
0.77,0.24984084633292,-0.0190685467553489,-1.1
0.775,0.250015484915314,-0.0190943060318172,-1.1
0.78,0.250194865559427,-0.0191218910497777,-1.1
0.785,0.250379443681998,-0.0191498014485628,-1.1
0.79,0.250570725464461,-0.0191768348907285,-1.1
0.795,0.250770765288001,-0.01920100643683,-1.1
0.8,0.250980617409771,-0.0192221968775779,-1.1
0.805,0.251433313813989,-0.0157644372628995,-1.1
0.81,0.251658540907313,-0.0157849254864261,-1.1
0.815,0.251890914038752,-0.0158053625454188,-1.1
0.82,0.252130453697403,-0.0158251055944704,-1.1
0.825,0.252377395042215,-0.0158437775061459,-1.1
0.83,0.252631983243857,-0.0158607945740216,-1.1
0.835,0.252894544730891,-0.0158769773514935,-1.1
0.84,0.253164241313,-0.0158937789928161,-1.1
0.845,0.253439532582645,-0.0159120900752016,-1.1
0.85,0.253718007345681,-0.0159333491427817,-1.1
0.855,0.253999457218681,-0.015957145482301,-1.1
0.86,0.254286818196063,-0.0159806777336628,-1.1
0.865,0.254582319398407,-0.016002674757968,-1.1
0.87,0.254885299121027,-0.0160244785910465,-1.1
0.875,0.255193960842673,-0.0160486475178034,-1.1
0.88,0.255506345991973,-0.0160773887145326,-1.1
0.885,0.255820533250455,-0.0161111672022373,-1.1
0.89,0.256134916086678,-0.0161496797190041,-1.1
0.895,0.256449763652865,-0.0161915561729104,-1.1
0.9,0.256768953976218,-0.0162339633642689,-1.1
0.905,0.25709595390502,-0.0162745189699338,-1.1
0.91,0.257431051683609,-0.016313994590658,-1.1
0.915,0.25777250247914,-0.0163547492665232,-1.1
0.92,0.258119946335439,-0.0163964876518578,-1.1
0.925,0.258474529710595,-0.0164378868029446,-1.1
0.93,0.258836824436669,-0.0164778908328146,-1.1
0.935,0.259206932027821,-0.0165157360569567,-1.1
0.94,0.259583857831542,-0.0165526753370643,-1.1
0.945,0.259966867965643,-0.0165900367391289,-1.1
0.95,0.260356553819959,-0.0166277820789248,-1.1
0.955,0.260752938677554,-0.0166659784116775,-1.1
0.96,0.261155563396399,-0.0167047216636122,-1.1
0.965,0.261564629142169,-0.0167435191650868,-1.1
0.97,0.261980665837411,-0.0167819832530797,-1.1
0.975,0.262403737743382,-0.0168208249923766,-1.1
0.98,0.262832709577863,-0.0168618298447684,-1.1
0.985,0.263264870260839,-0.0169070663941086,-1.1
0.99,0.263697275881652,-0.0169581794724793,-1.1
0.995,0.264129185107533,-0.0170144753609777,-1.1
1,0.264563410532658,-0.0170724618327797,-1.1
1.005,0.265181931424367,-0.0138333372024405,-1.1
1.01,0.265632867570448,-0.0138866328352648,-1.1
1.015,0.26609390390985,-0.0139374532455165,-1.1
1.02,0.26656271679275,-0.0139885772669274,-1.1
1.025,0.267037480826902,-0.0140417893135506,-1.1
1.03,0.267518166209984,-0.0140956896075565,-1.1
1.035,0.268004385511803,-0.0141491603290248,-1.1
1.04,0.2684956246423,-0.0142020706271339,-1.1
1.045,0.268993276860046,-0.0142529196755547,-1.1
1.05,0.269499666746187,-0.0143007761517126,-1.1
1.055,0.270016249026584,-0.0143463064169097,-1.1
1.06,0.270542841162014,-0.0143895807860005,-1.1
1.065,0.271077472473907,-0.0144316018277365,-1.1
1.07,0.271618313844728,-0.0144733413772244,-1.1
1.075,0.272166982050466,-0.0145127656587917,-1.1
1.08,0.272725255917239,-0.0145482013186026,-1.1
1.085,0.273292040209698,-0.0145810821277607,-1.1
1.09,0.273865805696177,-0.0146138353457261,-1.1
1.095,0.274446213375258,-0.0146475715746689,-1.1
1.1,0.275033054630685,-0.0146826107238937,-1.1
1.105,0.275624414663243,-0.0147189942372549,-1.1
1.11,0.276218626405525,-0.0147563684450049,-1.1
1.115,0.276817066352296,-0.0147932641857821,-1.1
1.12,0.277424258868622,-0.0148266437181789,-1.1
1.125,0.278043497111129,-0.014855625778209,-1.1
1.13,0.278672538455057,-0.0148828872197825,-1.1
1.135,0.279307158421206,-0.0149123267920274,-1.1
1.14,0.279945371429848,-0.0149456814115453,-1.1
1.145,0.280587764214205,-0.0149807028656412,-1.1
1.15,0.281234409417438,-0.0150160197818238,-1.1
1.155,0.281883902605104,-0.0150523564962256,-1.1
1.16,0.282537303622293,-0.0150892790125269,-1.1
1.165,0.283197276051569,-0.015125987324636,-1.1
1.17,0.283864784743118,-0.0151620760744024,-1.1
1.175,0.284539162869978,-0.0151980826349515,-1.1
1.18,0.285219322647381,-0.0152342226074595,-1.1
1.185,0.285906456168222,-0.0152692210113216,-1.1
1.19,0.286601871009397,-0.0153019292929727,-1.1
1.195,0.287304881717491,-0.015333188902359,-1.1
1.2,0.288013033326196,-0.0153659512007195,-1.1
1.205,0.288866652149829,-0.0118449923436039,-1.1
1.21,0.289580440122756,-0.0118848305980556,-1.1
1.215,0.290298076320561,-0.0119280684127354,-1.1
1.22,0.29101975073305,-0.0119737895990603,-1.1
1.225,0.291742799777659,-0.0120236956833743,-1.1
1.23,0.292464213419827,-0.0120786851591312,-1.1
1.235,0.293185567457351,-0.012136768488481,-1.1
1.24,0.293910706389817,-0.0121939062925868,-1.1
1.245,0.294644592303905,-0.0122465721185201,-1.1
1.25,0.29539006014553,-0.0122936453523927,-1.1
1.255,0.296147482443723,-0.0123350961918824,-1.1
1.26,0.296915398884686,-0.0123727435099774,-1.1
1.265,0.297691823888692,-0.0124078189807825,-1.1
1.27,0.29847664942232,-0.0124401745240086,-1.1
1.275,0.299269342769059,-0.0124704718443447,-1.1
1.28,0.300068104613694,-0.0124999374936216,-1.1
1.285,0.300870398033532,-0.0125307097884708,-1.1
1.29,0.301674598802003,-0.0125642644095116,-1.1
1.295,0.302481880385551,-0.0125996267276698,-1.1
1.3,0.303293863285455,-0.0126349056924575,-1.1
1.305,0.304110759843263,-0.0126690209696882,-1.1
1.31,0.304933177281293,-0.0127018081809276,-1.1
1.315,0.305763130981597,-0.0127322251762145,-1.1
1.32,0.306602487314614,-0.0127597480866008,-1.1
1.325,0.30744881739107,-0.0127859131286734,-1.1
1.33,0.308298496503505,-0.0128132497745448,-1.1
1.335,0.309150854099664,-0.012842406224727,-1.1
1.34,0.310008646894368,-0.0128704832720452,-1.1
1.345,0.310873499114188,-0.0128961472625726,-1.1
1.35,0.311743749279651,-0.0129214503656023,-1.1
1.355,0.312618279803666,-0.0129482771123641,-1.1
1.36,0.313496703256043,-0.0129771574254029,-1.1
1.365,0.314377831269177,-0.0130084638337486,-1.1
1.37,0.315260278035077,-0.0130426782968336,-1.1
1.375,0.316144177664193,-0.013078887187212,-1.1
1.38,0.317031161833676,-0.013115377337008,-1.1
1.385,0.317922638703259,-0.0131514316278391,-1.1
1.39,0.318818652976426,-0.0131865508708053,-1.1
1.395,0.319719733644399,-0.0132210978160494,-1.1
1.4,0.320627430427941,-0.0132551744433933,-1.1
1.405,0.321642465462518,-0.00931984523827698,-1.1
1.41,0.322563357224297,-0.00935146084571745,-1.1
1.415,0.323485195209813,-0.00938520079995062,-1.1
1.42,0.324408500959706,-0.00942037079999711,-1.1
1.425,0.325336843302083,-0.00945363252008822,-1.1
1.43,0.326272293498349,-0.00948405137802031,-1.1
1.435,0.327214203347993,-0.00951328419665363,-1.1
1.44,0.32816152231915,-0.00954253051946428,-1.1
1.445,0.329113065769505,-0.00957282877112296,-1.1
1.45,0.330067537298036,-0.0096046911790457,-1.1
1.455,0.331024042835069,-0.00963752961302664,-1.1
1.46,0.331982366313767,-0.00967147958050039,-1.1
1.465,0.332943036725354,-0.00970664119864371,-1.1
1.47,0.33390681402905,-0.00974256137902405,-1.1
1.475,0.334872982969117,-0.00978038657973077,-1.1
1.48,0.335840813388657,-0.00982131448159482,-1.1
1.485,0.336811229159665,-0.00986486917878058,-1.1
1.49,0.337783962061238,-0.00991056638354924,-1.1
1.495,0.338756709863973,-0.00995958561594155,-1.1
1.5,0.339727468361688,-0.0100129862553861,-1.1
1.505,0.340697124173474,-0.010069632088342,-1.1
1.51,0.341668039133382,-0.0101276190258053,-1.1
1.515,0.342641882171464,-0.0101856571860101,-1.1
1.52,0.343619875182938,-0.0102435784652319,-1.1
1.525,0.344602725972962,-0.0103014829806473,-1.1
1.53,0.345590017309022,-0.0103592966921118,-1.1
1.535,0.346579476764035,-0.0104178223996845,-1.1
1.54,0.347569308748078,-0.0104773259959605,-1.1
1.545,0.348561584522557,-0.0105362996696916,-1.1
1.55,0.349559671749902,-0.0105921357176688,-1.1
1.555,0.350564837028813,-0.0106443847767499,-1.1
1.56,0.351575247516465,-0.0106955129891124,-1.1
1.565,0.352589517404866,-0.0107466961495068,-1.1
1.57,0.353608235289883,-0.0107975989818063,-1.1
1.575,0.354631028642487,-0.0108473357982424,-1.1
1.58,0.355657651593518,-0.010896550142714,-1.1
1.585,0.35668678539021,-0.010946338647553,-1.1
1.59,0.357717088928056,-0.0109965224988249,-1.1
1.595,0.358747914006543,-0.0110483315079894,-1.1
1.6,0.359781033863854,-0.0111005447111514,-1.1
1.605,0.360856946305815,-0.00655823915892408,-1.1
1.61,0.361902523533884,-0.00660556943782733,-1.1
1.615,0.362951341764513,-0.00665273906358646,-1.1
1.62,0.364001665012423,-0.00670069379427598,-1.1
1.625,0.365054290489737,-0.00674799427085684,-1.1
1.63,0.366110991434637,-0.00679278855838941,-1.1
1.635,0.367173176006857,-0.0068342137865083,-1.1
1.64,0.368241931991163,-0.0068726122162597,-1.1
1.645,0.369316536681238,-0.00690876755559013,-1.1
1.65,0.370394784705225,-0.00694425839626358,-1.1
1.655,0.371474269525591,-0.00698010313951538,-1.1
1.66,0.372555609540525,-0.007014809806581,-1.1
1.665,0.373641583816591,-0.00704621493511961,-1.1
1.67,0.37473433067042,-0.00707342492112086,-1.1
1.675,0.375833164648596,-0.00709780461781786,-1.1
1.68,0.376935016111914,-0.00712232727253006,-1.1
1.685,0.378037731842581,-0.00714869348027871,-1.1
1.69,0.37914147575337,-0.00717547692054079,-1.1
1.695,0.380247454838339,-0.0072003073773639,-1.1
1.7,0.381356756882254,-0.00722193268754647,-1.1
1.705,0.382471229629103,-0.00723962688514159,-1.1
1.71,0.383592929439131,-0.00725373269685672,-1.1
1.715,0.384720902638021,-0.00726573884182737,-1.1
1.72,0.385851766662184,-0.00727845325761602,-1.1
1.725,0.386982749895636,-0.00729441892051266,-1.1
1.73,0.388113703326765,-0.00731245444783137,-1.1
1.735,0.389245133595053,-0.00733137845688627,-1.1
1.74,0.390375714497152,-0.0073527485846834,-1.1
1.745,0.391504805283133,-0.00737764702805446,-1.1
1.75,0.392632405952993,-0.00740630848028825,-1.1
1.755,0.393758143977705,-0.00743866681748198,-1.1
1.76,0.394883122043196,-0.00747376324304507,-1.1
1.765,0.396009694532934,-0.00750942498141096,-1.1
1.77,0.397138785318914,-0.00754371162199543,-1.1
1.775,0.398269172505918,-0.00757728300684259,-1.1
1.78,0.399400617675367,-0.00761107232117222,-1.1
1.785,0.400535430507246,-0.00764345720105932,-1.1
1.79,0.401674788193289,-0.00767338990860746,-1.1
1.795,0.402817960576597,-0.00770295474373863,-1.1
1.8,0.403963442639891,-0.00773308768564032,-1.1
1.805,0.405021167534881,-0.00141085027185351,-1.1
1.81,0.40616670920282,-0.00144355552670628,-1.1
1.815,0.407311610120827,-0.00147700490829617,-1.1
1.82,0.408458045858436,-0.00150883751389653,-1.1
1.825,0.409607372421318,-0.00153845543441445,-1.1
1.83,0.410761392849975,-0.00156527845588595,-1.1
1.835,0.411921135324531,-0.00158838922557503,-1.1
1.84,0.413085810083443,-0.00160834001776844,-1.1
1.845,0.414254046219879,-0.00162607985016972,-1.1
1.85,0.415425739425712,-0.00164095493433148,-1.1
1.855,0.416600800293976,-0.00165250799086958,-1.1
1.86,0.417778707284027,-0.00166152319339186,-1.1
1.865,0.418959534901672,-0.0016683972853151,-1.1
1.87,0.420143715280586,-0.00167324295667082,-1.1
1.875,0.421330980199867,-0.00167678663906723,-1.1
1.88,0.422520569700294,-0.00167944742766291,-1.1
1.885,0.42371200694471,-0.0016815168264237,-1.1
1.89,0.42490450217157,-0.0016831568854776,-1.1
1.895,0.426097936171585,-0.00168471685079008,-1.1
1.9,0.427291832107597,-0.00168666052100331,-1.1
1.905,0.428485951561027,-0.00168964261588722,-1.1
1.91,0.429680026310974,-0.00169483101395041,-1.1
1.915,0.430873087781959,-0.00170204317596823,-1.1
1.92,0.432064241904312,-0.00171141786900431,-1.1
1.925,0.433253175753647,-0.0017224540415135,-1.1
1.93,0.434442556637817,-0.00173225621161133,-1.1
1.935,0.435635543602997,-0.00173927186456591,-1.1
1.94,0.436833343643242,-0.00174410542872816,-1.1
1.945,0.438034645456367,-0.00174912060079247,-1.1
1.95,0.439235083002144,-0.00175791973647743,-1.1
1.955,0.440430558461243,-0.00177266164151102,-1.1
1.96,0.441620222467476,-0.00179210486290127,-1.1
1.965,0.442806861537987,-0.00181267219063908,-1.1
1.97,0.443994320172363,-0.00183125580129296,-1.1
1.975,0.445184610027367,-0.00184656488177449,-1.1
1.98,0.446377954620415,-0.00185930164930493,-1.1
1.985,0.44757526292234,-0.00187040115174919,-1.1
1.99,0.44877823366552,-0.00187859399643809,-1.1
1.995,0.449986747640663,-0.00188370323208243,-1.1
2,0.451196647423798,-0.00188852748301893,-1.1
2.005,0.452069938026876,0.00597448467733007,-1.1
2.01,0.453274607502431,0.00596524409474474,-1.1
2.015,0.454478725635022,0.00595474995197397,-1.1
2.02,0.455683588825673,0.00594397548110824,-1.1
2.025,0.456887811266393,0.00593123312564235,-1.1
2.03,0.458090647899122,0.00591565954954963,-1.1
2.035,0.459293663345784,0.00589953556181532,-1.1
2.04,0.460498303019018,0.00588435686649423,-1.1
2.045,0.461703345023603,0.00586967549742799,-1.1
2.05,0.462906643592328,0.0058546988991056,-1.1
2.055,0.464107304655523,0.0058388384756599,-1.1
2.06,0.465307473980398,0.00582408539475542,-1.1
2.065,0.466511666618795,0.00581360801579099,-1.1
2.07,0.467721938930959,0.00580845035137277,-1.1
2.075,0.468936443172902,0.00580745290489536,-1.1
2.08,0.470152407728643,0.00580808713556867,-1.1
2.085,0.471369489871473,0.00580986782433134,-1.1
2.09,0.472589403234929,0.00581473864139658,-1.1
2.095,0.473811477266759,0.00582235499741178,-1.1
2.1,0.47503331288001,0.00582988939704042,-1.1
2.105,0.476254522644491,0.00583589456500154,-1.1
2.11,0.477475985728711,0.00584074675561529,-1.1
2.115,0.478696495138616,0.00584399241478782,-1.1
2.12,0.479913353764028,0.00584420289368969,-1.1
2.125,0.481126233779401,0.00584173302622181,-1.1
2.13,0.482338040911168,0.00583940565110784,-1.1
2.135,0.483551338159055,0.00583967200936418,-1.1
2.14,0.484766334139318,0.00584216515989643,-1.1
2.145,0.485982641421766,0.00584542665155273,-1.1
2.15,0.487201213680715,0.00584926742585045,-1.1
2.155,0.488422006212682,0.00585381134869199,-1.1
2.16,0.489642068587751,0.00585782348634344,-1.1
2.165,0.490858808003873,0.00585932291568857,-1.1
2.17,0.492073461257428,0.0058587678474341,-1.1
2.175,0.493288785063237,0.00585834037037235,-1.1
2.18,0.494504093967885,0.00585671521247965,-1.1
2.185,0.495716422640294,0.00584977034004074,-1.1
2.19,0.496924131952733,0.00583639654786926,-1.1
2.195,0.498127147399396,0.00581780641795736,-1.1
2.2,0.499325007044286,0.00579491823436361,-1.1
2.205,0.499167023685788,0.0209675828326478,-1.1
2.21,0.50035866954646,0.0209418932307496,-1.1
2.215,0.501549689558362,0.0209180290210977,-1.1
2.22,0.502741961267804,0.0208968451578155,-1.1
2.225,0.50393876293025,0.0208799295458927,-1.1
2.23,0.505143104580259,0.0208699522871509,-1.1
2.235,0.506353734520292,0.0208663499314323,-1.1
2.24,0.507566748646116,0.0208659606385961,-1.1
2.245,0.508780060795163,0.0208675606507793,-1.1
2.25,0.509993670967435,0.0208717907179132,-1.1
2.255,0.511207459953641,0.0208783835504189,-1.1
2.26,0.512421219137525,0.0208859766233697,-1.1
2.265,0.513634888914441,0.0208938677195444,-1.1
2.27,0.514847873237943,0.0209017215628162,-1.1
2.275,0.516059576061582,0.0209086366329327,-1.1
2.28,0.517269758966779,0.0209152983833089,-1.1
2.285,0.518478600767469,0.0209226958785191,-1.1
2.29,0.519684998777723,0.0209304584521785,-1.1
2.295,0.520889012602186,0.0209390117187038,-1.1
2.3,0.522092966822004,0.0209496399719253,-1.1
2.305,0.523299126413678,0.02096420865096,-1.1
2.31,0.524508623865461,0.0209829729381933,-1.1
2.315,0.525720565107679,0.0210042117495074,-1.1
2.32,0.526934056070661,0.0210265625599756,-1.1
2.325,0.528147099998807,0.021048665638639,-1.1
2.33,0.529356686857557,0.021068623881413,-1.1
2.335,0.530561386135434,0.0210851706895962,-1.1
2.34,0.531762360123014,0.0210997319180503,-1.1
2.345,0.532961933401441,0.021114118989183,-1.1
2.35,0.53416028478465,0.0211287845257654,-1.1
2.355,0.535357414272641,0.0211438328359261,-1.1
2.36,0.536554484155988,0.0211603992018833,-1.1
2.365,0.53775423624835,0.021181065249814,-1.1
2.37,0.538958250072812,0.0212068572971954,-1.1
2.375,0.540165273931836,0.0212357655499115,-1.1
2.38,0.541372804430341,0.0212641783390179,-1.1
2.385,0.542578189161634,0.0212895205575957,-1.1
2.39,0.543779669788694,0.0213105526152983,-1.1
2.395,0.544976531055784,0.021326824683322,-1.1
2.4,0.546169130590772,0.0213395661074653,-1.1
2.405,0.542808141247099,0.047493150207336,-1.1
2.41,0.543994869724577,0.0475013477086378,-1.1
2.415,0.545180376306837,0.0475083754687858,-1.1
2.42,0.546365435854261,0.0475147205694867,-1.1
2.425,0.547549243704145,0.047519779513712,-1.1
2.43,0.548731740251844,0.0475245516105843,-1.1
2.435,0.549913849369352,0.0475313260509921,-1.1
2.44,0.55109670354492,0.0475418853863431,-1.1
2.445,0.552280600801771,0.0475565509229255,-1.1
2.45,0.553464498058622,0.0475744555994225,-1.1
2.455,0.554647203222578,0.0475940618022633,-1.1
2.46,0.55582886530525,0.0476151618465138,-1.1
2.465,0.557011034027402,0.0476392048701001,-1.1
2.47,0.558194156423872,0.0476667329027606,-1.1
2.475,0.559376801983183,0.0476965724780512,-1.1
2.48,0.560557361379926,0.0477271263777567,-1.1
2.485,0.561735208765333,0.0477583182334257,-1.1
2.49,0.562911417023008,0.0477911017193747,-1.1
2.495,0.564087148443525,0.0478262135117603,-1.1
2.5,0.565262790457075,0.0478639814361287,-1.1
2.505,0.566437329784696,0.0479035896539045,-1.1
2.51,0.56761002136833,0.0479445520147038,-1.1
2.515,0.56878217651016,0.047988476912613,-1.1
2.52,0.569955970779722,0.0480377317696167,-1.1
2.525,0.571132298246687,0.0480926234565032,-1.1
2.53,0.572310175434415,0.0481511109798504,-1.1
2.535,0.573488022819822,0.0482108134134961,-1.1
2.54,0.574664648310011,0.04827029093274,-1.1
2.545,0.575839098230665,0.0483293572730673,-1.1
2.55,0.577010716930692,0.0483886936969412,-1.1
2.555,0.578180011049574,0.0484495477109504,-1.1
2.56,0.579349007145231,0.0485142858057571,-1.1
2.565,0.580520476833646,0.0485853852994097,-1.1
2.57,0.581695642010038,0.0486635046369684,-1.1
2.575,0.582874353662794,0.0487476677923751,-1.1
2.58,0.584056343571012,0.0488366230680895,-1.1
2.585,0.585241492525404,0.0489295257545364,-1.1
2.59,0.586428191200559,0.0490247967942906,-1.1
2.595,0.587613161341016,0.0491191164880348,-1.1
2.6,0.588794018760984,0.0492094501211596,-1.1
2.605,0.581930292487141,0.0769427461813474,-1.1
2.61,0.583105576872822,0.0770275472927177,-1.1
2.615,0.584279490351673,0.0771104652698422,-1.1
2.62,0.585450900435444,0.0771901804286325,-1.1
2.625,0.58661888325214,0.0772660408432865,-1.1
2.63,0.587784243464466,0.0773401745858872,-1.1
2.635,0.588948590397831,0.0774165719080055,-1.1
2.64,0.590113205552098,0.0774975476119006,-1.1
2.645,0.591278088927265,0.0775830532687986,-1.1
2.65,0.592442882895466,0.077672460701623,-1.1
2.655,0.593607140421864,0.0777647878307188,-1.1
2.66,0.594770742297169,0.0778596677149916,-1.1
2.665,0.595934075951573,0.0779578053656304,-1.1
2.67,0.597096932768818,0.0780597614388251,-1.1
2.675,0.598259342551228,0.0781649710874343,-1.1
2.68,0.599420590043064,0.0782732475812817,-1.1
2.685,0.600580407023426,0.0783843683342719,-1.1
2.69,0.601738823294636,0.0784974267038787,-1.1
2.695,0.602896107077595,0.0786135896372879,-1.1
2.7,0.604053033232685,0.0787335523668015,-1.1
2.705,0.605209691166874,0.0788569074387932,-1.1
2.71,0.606366796135899,0.0789842401895011,-1.1
2.715,0.607523990511891,0.0791151068437183,-1.1
2.72,0.608680261015888,0.0792477257813597,-1.1
2.725,0.609834802985188,0.079381060906061,-1.1
2.73,0.610987228989598,0.0795156528505767,-1.1
2.735,0.61213819468021,0.0796517451557601,-1.1
2.74,0.613287759661671,0.0797904500535959,-1.1
2.745,0.614436549782749,0.0799331170304948,-1.1
2.75,0.615585071682926,0.0800800583123499,-1.1
2.755,0.61673517310619,0.0802333200148577,-1.1
2.76,0.617888433575627,0.0803943708337182,-1.1
2.765,0.619044316649433,0.0805618400949323,-1.1
2.77,0.620201362013813,0.0807326323150927,-1.1
2.775,0.621357751727101,0.0809045272211814,-1.1
2.78,0.622512681126591,0.0810766428507203,-1.1
2.785,0.623666180014607,0.0812483433432216,-1.1
2.79,0.62481839740276,0.0814198235779339,-1.1
2.795,0.625968886256214,0.0815901831987584,-1.1
2.8,0.627116722702976,0.0817575308059612,-1.1
2.805,0.616343523492318,0.109982079949439,-1.1
2.81,0.617486859788399,0.110145799356722,-1.1
2.815,0.618628080119591,0.110310001072683,-1.1
2.82,0.619767840136986,0.110475397791923,-1.1
2.825,0.620907808770638,0.110644156934903,-1.1
2.83,0.622049178113442,0.110818879510951,-1.1
2.835,0.6231922163863,0.110999617383093,-1.1
2.84,0.624336774577599,0.111185541645135,-1.1
2.845,0.625481869210702,0.111376282722084,-1.1
2.85,0.62662529491375,0.111569367574155,-1.1
2.855,0.627764756907922,0.111761949206446,-1.1
2.86,0.628900374402505,0.111954675470222,-1.1
2.865,0.630033548106652,0.112150044303597,-1.1
2.87,0.631164874066811,0.112349873531819,-1.1
2.875,0.632294620503884,0.112554867933248,-1.1
2.88,0.633424217929345,0.112766458426811,-1.1
2.885,0.634555752505761,0.112987578387581,-1.1
2.89,0.635689492454034,0.113218928926834,-1.1
2.895,0.636823768844109,0.113456872647837,-1.1
2.9,0.637956853141289,0.113697834552475,-1.1
2.905,0.63908856653164,0.113941089722537,-1.1
2.91,0.640218521584969,0.114186245023482,-1.1
2.915,0.641345734824639,0.114432052715891,-1.1
2.92,0.642469997634392,0.114677300683432,-1.1
2.925,0.643591697444421,0.114922916057729,-1.1
2.93,0.644711579312783,0.115170458338433,-1.1
2.935,0.645830060471993,0.115419667686545,-1.1
2.94,0.646947885980111,0.115670270060398,-1.1
2.945,0.648064966430169,0.115921798867383,-1.1
2.95,0.649179454078179,0.116171923705586,-1.1
2.955,0.650290097226601,0.116418101133057,-1.1
2.96,0.651397283305627,0.116661462241062,-1.1
2.965,0.652502055396538,0.11690522242079,-1.1
2.97,0.653604651917916,0.117149666191288,-1.1
2.975,0.654705400695306,0.117394069449254,-1.1
2.98,0.655805225600701,0.117639555369713,-1.1
2.985,0.656904186238747,0.117887083680578,-1.1
2.99,0.658001656760674,0.118135991745838,-1.1
2.995,0.659097547759515,0.118386468623974,-1.1
3,0.660192574491006,0.118640596286603,-1.1
3.005,0.644637622406857,0.147399227438438,-1.1
3.01,0.645733125975507,0.147661194043178,-1.1
3.015,0.646828450730222,0.147924468224812,-1.1
3.02,0.647923179438489,0.148186351476181,-1.1
3.025,0.649015851786511,0.14844570991205,-1.1
3.03,0.650105901530164,0.148702807096708,-1.1
3.035,0.651192732622998,0.148958932911921,-1.1
3.04,0.65227691130914,0.14921719518112,-1.1
3.045,0.653359242251294,0.149478461896944,-1.1
3.05,0.654439487030881,0.149741956336367,-1.1
3.055,0.65551701979913,0.15000631504314,-1.1
3.06,0.656591780951398,0.150270243478883,-1.1
3.065,0.657664753964322,0.150535266218651,-1.1
3.07,0.658735760023968,0.1508032049294,-1.1
3.075,0.659803398421185,0.151072194172013,-1.1
3.08,0.660866983702557,0.151340205525923,-1.1
3.085,0.66192708211221,0.151609625970888,-1.1
3.09,0.662983812859433,0.151883405005503,-1.1
3.095,0.664038278630154,0.152161977557409,-1.1
3.1,0.665091909935849,0.152447510814238,-1.1
3.105,0.666146524718182,0.152743016673196,-1.1
3.11,0.667202271988766,0.153045986151266,-1.1
3.115,0.668256976178067,0.153352005710769,-1.1
3.12,0.669309027960675,0.153657663917113,-1.1
3.125,0.670357086232083,0.153961553541887,-1.1
3.13,0.671401419213193,0.154265870643723,-1.1
3.135,0.672443576624768,0.15457247041719,-1.1
3.14,0.673484452536481,0.154882083950508,-1.1
3.145,0.674524404576199,0.155193631840813,-1.1
3.15,0.675562687685864,0.155504631182122,-1.1
3.155,0.676598139574902,0.155815117364693,-1.1
3.16,0.677630819847958,0.156127181207705,-1.1
3.165,0.678661533167737,0.156443773141074,-1.1
3.17,0.679690756371396,0.156767484104204,-1.1
3.175,0.680719711354153,0.157097466593552,-1.1
3.18,0.681749083569424,0.157431938057709,-1.1
3.185,0.682778604796307,0.157770382543969,-1.1
3.19,0.683806904127972,0.158110134607125,-1.1
3.195,0.684832729866879,0.158449726482797,-1.1
3.2,0.685856707861798,0.158791693231035,-1.1
3.205,0.665580406638227,0.186357959990781,-1.1
3.21,0.666602089854322,0.186708846946638,-1.1
3.215,0.667622640582167,0.187060790022295,-1.1
3.22,0.66864280387982,0.187413224836271,-1.1
3.225,0.669663235398375,0.187766967227142,-1.1
3.23,0.670683100672804,0.18812222394852,-1.1
3.235,0.671701148005568,0.188477616642993,-1.1
3.24,0.67271544024571,0.188832104091924,-1.1
3.245,0.673724934311949,0.189186442529243,-1.1
3.25,0.674730136843763,0.189542157461327,-1.1
3.255,0.675732508154951,0.189902402346414,-1.1
3.26,0.676733389350019,0.190269663815778,-1.1
3.265,0.677732601615034,0.190643466894906,-1.1
3.27,0.678729727717482,0.191023107503932,-1.1
3.275,0.679725065680586,0.191410045956653,-1.1
3.28,0.680718436690413,0.191806787510794,-1.1
3.285,0.681710019560896,0.192212782686036,-1.1
3.29,0.682699844094358,0.192624674995821,-1.1
3.295,0.683687522860609,0.19304029445855,-1.1
3.3,0.684672668429457,0.193457575400751,-1.1
3.305,0.68565501258,0.19387557532398,-1.1
3.31,0.68663482353314,0.194296214615386,-1.1
3.315,0.687612160893522,0.194721300040763,-1.1
3.32,0.688586994858824,0.195150434856694,-1.1
3.325,0.689560219498716,0.195582482849639,-1.1
3.33,0.69053195402249,0.196017172073405,-1.1
3.335,0.691501125546537,0.196453221028131,-1.1
3.34,0.692467078419767,0.196888383363765,-1.1
3.345,0.693430229874693,0.19732480484752,-1.1
3.35,0.694391473980986,0.197767678534072,-1.1
3.355,0.695351287575804,0.198217874278706,-1.1
3.36,0.696309968682371,0.198672313128989,-1.1
3.365,0.697267576905333,0.199129175280612,-1.1
3.37,0.698223695012175,0.199588328485768,-1.1
3.375,0.699177667351805,0.200049303357881,-1.1
3.38,0.700129195900999,0.200512438898366,-1.1
3.385,0.70107893631085,0.200979396586698,-1.1
3.39,0.70202766344174,0.201451301460546,-1.1
3.395,0.702974960061155,0.201926924174111,-1.1
3.4,0.70391987249478,0.202403571342509,-1.1
3.405,0.679319478828842,0.227484554663802,-1.1
3.41,0.680261053402359,0.227969229832794,-1.1
3.415,0.681201972324783,0.228464164451267,-1.1
3.42,0.682142950851852,0.228966180846597,-1.1
3.425,0.683084048588211,0.229470112041141,-1.1
3.43,0.684024967510635,0.229973950103427,-1.1
3.435,0.684964992363388,0.230476502940561,-1.1
3.44,0.685901977379257,0.230976544932033,-1.1
3.445,0.686834909279282,0.231472917512561,-1.1
3.45,0.687763549644882,0.23196617947569,-1.1
3.455,0.688688554127151,0.23245957927456,-1.1
3.46,0.689610757191116,0.232954569772388,-1.1
3.465,0.690531112511093,0.233450789616014,-1.1
3.47,0.691449620087082,0.233948436245824,-1.1
3.475,0.692365862686569,0.234447975323106,-1.1
3.48,0.693279423077042,0.234948740020896,-1.1
3.485,0.694188989956314,0.23545042859068,-1.1
3.49,0.695094384510452,0.235953216121103,-1.1
3.495,0.695995666344101,0.236457773164417,-1.1
3.5,0.696894027550156,0.236967132106925,-1.1
3.505,0.697790958244736,0.237483509496356,-1.1
3.51,0.698686577637131,0.238006741419937,-1.1
3.515,0.699580885727341,0.238533788040782,-1.1
3.52,0.70047280963176,0.239061464235689,-1.1
3.525,0.701360918838913,0.239589859411622,-1.1
3.53,0.702245094139511,0.240120210364963,-1.1
3.535,0.703125395138199,0.240655169502403,-1.1
3.54,0.704002894718582,0.241197907045986,-1.1
3.545,0.70487908299678,0.241748970613386,-1.1
3.55,0.705754675228531,0.242307838663961,-1.1
3.555,0.706629790623123,0.242872361705209,-1.1
3.56,0.707503415901596,0.243439075217153,-1.1
3.565,0.708374120552475,0.24400607557645,-1.1
3.57,0.709241308529312,0.244573601201679,-1.1
3.575,0.710105337459976,0.245144326851274,-1.1
3.58,0.710966505367691,0.245720975712444,-1.1
3.585,0.711826123554642,0.246304039523507,-1.1
3.59,0.712685205299789,0.246893399075176,-1.1
3.595,0.713543690998489,0.247489561006929,-1.1
3.6,0.714401163418228,0.248090904817487,-1.1
3.605,0.685305470235617,0.270163123301224,-1.1
3.61,0.686158829934866,0.270768408468918,-1.1
3.615,0.687010520704062,0.271375221005634,-1.1
3.62,0.687861436612875,0.27198376580234,-1.1
3.625,0.68871211410311,0.272593227020458,-1.1
3.63,0.689562374360831,0.27320135085936,-1.1
3.635,0.690410906083853,0.273808096340851,-1.1
3.64,0.691256338365347,0.274416607609943,-1.1
3.645,0.692097717530997,0.275029719612555,-1.1
3.65,0.692934626348288,0.275648404649452,-1.1
3.655,0.693767482049734,0.276271887860254,-1.1
3.66,0.694596940286429,0.276899718484835,-1.1
3.665,0.695423656709463,0.277533308408217,-1.1
3.67,0.696247571714194,0.278174393615679,-1.1
3.675,0.697068506486685,0.278823033711866,-1.1
3.68,0.697886043794424,0.279477306446985,-1.1
3.685,0.698699826009543,0.280135595045046,-1.1
3.69,0.699509555108816,0.280796841523604,-1.1
3.695,0.700315111882956,0.2814610682344,-1.1
3.7,0.701117151983053,0.282129646084265,-1.1
3.705,0.701915675409109,0.282804646334604,-1.1
3.71,0.702711576230795,0.283487432441668,-1.1
3.715,0.703504794843466,0.284176938972429,-1.1
3.72,0.704294973619253,0.284871593854384,-1.1
3.725,0.705082291372092,0.285569258770899,-1.1
3.73,0.705866390474112,0.286270343503908,-1.1
3.735,0.706647270925314,0.286976137003855,-1.1
3.74,0.707425409562857,0.287685648343519,-1.1
3.745,0.708201402433188,0.288398184618906,-1.1
3.75,0.708975428350241,0.289113827786402,-1.1
3.755,0.709747427709372,0.289832607648329,-1.1
3.76,0.710516685254843,0.290554278335527,-1.1
3.765,0.711282962568075,0.291279420993284,-1.1
3.77,0.712046557672293,0.292009592792944,-1.1
3.775,0.71280764938143,0.292746157190756,-1.1
3.78,0.713566952951224,0.293487773082213,-1.1
3.785,0.714325302846701,0.294231408081011,-1.1
3.79,0.715082520253927,0.294975765786127,-1.1
3.795,0.715837889917166,0.295721166572527,-1.1
3.8,0.716590994603903,0.296468362948851,-1.1
3.805,0.684247867808265,0.314183137846711,-1.1
3.81,0.684996800169868,0.314938589466336,-1.1
3.815,0.685743646368904,0.315697572661164,-1.1
3.82,0.686489181265754,0.316458329094174,-1.1
3.825,0.687234179720802,0.317221700680974,-1.1
3.83,0.687977211222572,0.317991204095605,-1.1
3.835,0.688717322096748,0.318766697777036,-1.1
3.84,0.689454154715461,0.31954473210645,-1.1
3.845,0.690187291846199,0.320325135720494,-1.1
3.85,0.690916673884315,0.321109748912576,-1.1
3.855,0.691642360434455,0.321898750496629,-1.1
3.86,0.692365245566291,0.322690531147244,-1.1
3.865,0.69308604453556,0.323483481539014,-1.1
3.87,0.69380386327259,0.324277810288194,-1.1
3.875,0.694518344149513,0.325074202848199,-1.1
3.88,0.695228771910591,0.325873128605607,-1.1
3.885,0.695934073672218,0.326676040423635,-1.1
3.89,0.696634845480842,0.327483623755696,-1.1
3.895,0.697331385359687,0.328297256959203,-1.1
3.9,0.698024170145912,0.329118623865369,-1.1
3.905,0.698713795885963,0.329946122599366,-1.1
3.91,0.699400560603065,0.330777123106244,-1.1
3.915,0.700083808646125,0.331610008610013,-1.1
3.92,0.700762109503669,0.332445188892606,-1.1
3.925,0.701435105547828,0.333285599482778,-1.1
3.93,0.702102915987892,0.334135561717275,-1.1
3.935,0.702765779242439,0.334996878636601,-1.1
3.94,0.703425543055458,0.335865854752782,-1.1
3.945,0.704083935961647,0.336738340092423,-1.1
3.95,0.704740302309913,0.337614088786366,-1.1
3.955,0.705393569216652,0.338492817712548,-1.1
3.96,0.706043557867927,0.339372828138593,-1.1
3.965,0.706690625891609,0.340254440439466,-1.1
3.97,0.707334952101631,0.34113968862367,-1.1
3.975,0.707976953730507,0.342029071880105,-1.1
3.98,0.708617822871132,0.342921375764134,-1.1
3.985,0.70925785754673,0.343815996778729,-1.1
3.99,0.709896282896919,0.344713076484921,-1.1
3.995,0.710533218130989,0.345611847472909,-1.1
4,0.711168842062873,0.346511505079988,-1.1
4.005,0.676442773908894,0.359331297090491,-1.1
4.01,0.677104564279835,0.360267417839011,-1.1
4.015,0.677778156370441,0.361218894234141,-1.1
4.02,0.678462060064594,0.362187059929808,-1.1
4.025,0.679155440897266,0.363174589684447,-1.1
4.03,0.679856868356983,0.364184106102427,-1.1
4.035,0.68056503114156,0.365214953532656,-1.1
4.04,0.68127998885564,0.36626208793207,-1.1
4.045,0.682001085848133,0.367321441283663,-1.1
4.05,0.68272623595647,0.368392834773501,-1.1
4.055,0.683453710645954,0.36947735618635,-1.1
4.06,0.684183033079426,0.3705758548884,-1.1
4.065,0.684914143652241,0.371688807716807,-1.1
4.07,0.685646982759754,0.372814828863581,-1.1
4.075,0.686381908029835,0.373951400032481,-1.1
4.08,0.687117965788166,0.375097627153834,-1.1
4.085,0.687853248686115,0.376255179157694,-1.1
4.09,0.6885869818633,0.377424711695155,-1.1
4.095,0.689319344133655,0.378604809155902,-1.1
4.1,0.690051646799366,0.379792848935565,-1.1
4.105,0.690784962744038,0.380986521354159,-1.1
4.11,0.691518517107288,0.382185051551303,-1.1
4.115,0.692252071470539,0.383389303794344,-1.1
4.12,0.692984970182697,0.384600201955279,-1.1
4.125,0.693716080755512,0.385817462912043,-1.1
4.13,0.694446535677235,0.387037435880145,-1.1
4.135,0.695176871389667,0.38825796019121,-1.1
4.14,0.695904882520954,0.389482135286769,-1.1
4.145,0.696628423303883,0.390713746061762,-1.1
4.15,0.697346599668781,0.391954580655535,-1.1
4.155,0.698058338732044,0.393205592742404,-1.1
4.16,0.698763700098316,0.394467572083911,-1.1
4.165,0.699462683767597,0.395741129627665,-1.1
4.17,0.700155110925953,0.397027129641017,-1.1
4.175,0.70084181603841,0.398323664775332,-1.1
4.18,0.701524408430378,0.399627605786761,-1.1
4.185,0.702203841776173,0.400937000623187,-1.1
4.19,0.70287993726186,0.402250955214938,-1.1
4.195,0.703552873701374,0.403568381777247,-1.1
4.2,0.704223008722584,0.404888535252055,-1.1
4.205,0.669674696277307,0.412554115040458,-1.1
4.21,0.670338215182947,0.413881972415603,-1.1
4.215,0.670998694251703,0.415213301761306,-1.1
4.22,0.671656908343958,0.416547462327636,-1.1
4.225,0.672312917064355,0.417884722335494,-1.1
4.23,0.672966124366449,0.419225290401137,-1.1
4.235,0.673616113017725,0.420568913204825,-1.1
4.24,0.674261750529932,0.421915709955848,-1.1
4.245,0.674902381251978,0.4232658743693,-1.1
4.25,0.675538243602441,0.424619019014991,-1.1
4.255,0.67617029125564,0.425974667055762,-1.1
4.26,0.67679912025802,0.42733101545111,-1.1
4.265,0.677425565074609,0.428685471398986,-1.1
4.27,0.6780502813565,0.430037632568038,-1.1
4.275,0.678671004127191,0.431389838440574,-1.1
4.28,0.679285826038049,0.432743534429229,-1.1
4.285,0.679895283530878,0.434096634371436,-1.1
4.29,0.680499197791742,0.435450181348479,-1.1
4.295,0.681096078704523,0.436808794720328,-1.1
4.3,0.681684972594904,0.438174277527488,-1.1
4.305,0.682267727206873,0.43954329190985,-1.1
4.31,0.682846190284418,0.440911859257377,-1.1
4.315,0.683418990920709,0.442281097157157,-1.1
4.32,0.683983327697443,0.443654671294845,-1.1
4.325,0.684538306544946,0.445034414513267,-1.1
4.33,0.685085238765405,0.446419551952041,-1.1
4.335,0.685625972102808,0.44780825076834,-1.1
4.34,0.686161817859338,0.449199095351851,-1.1
4.345,0.686692835639642,0.450591519458449,-1.1
4.35,0.687218310187982,0.451985821111358,-1.1
4.355,0.6877377646672,0.453382134421027,-1.1
4.36,0.688251079868005,0.454779937846816,-1.1
4.365,0.688758971046136,0.456178545935309,-1.1
4.37,0.689261915038751,0.457578048093474,-1.1
4.375,0.689759196590112,0.458979234082854,-1.1
4.38,0.690250398467706,0.460382923467315,-1.1
4.385,0.690735699485468,0.461789995415366,-1.1
4.39,0.691214205573724,0.463200852258361,-1.1
4.395,0.691686691592859,0.464614123089469,-1.1
4.4,0.692155124496149,0.466027632339156,-1.1
4.405,0.658648480316856,0.468750045107829,-1.1
4.41,0.659105826756218,0.470164612339961,-1.1
4.415,0.659556557080009,0.47158075909518,-1.1
4.42,0.659999419590691,0.47300130169295,-1.1
4.425,0.660433818241814,0.474428370999324,-1.1
4.43,0.66086064710305,0.475861415671336,-1.1
4.435,0.661281455895165,0.477298900889384,-1.1
4.44,0.661695886990288,0.478739127921092,-1.1
4.445,0.662103523155907,0.480180085109698,-1.1
4.45,0.662504304787376,0.481620118426311,-1.1
4.455,0.662896860977867,0.483061284231174,-1.1
4.46,0.663279642006615,0.484506130622851,-1.1
4.465,0.663654197594383,0.485954791711795,-1.1
4.47,0.664023388764122,0.487405226038921,-1.1
4.475,0.664388109585503,0.488855407046306,-1.1
4.48,0.664748836895683,0.490303442286479,-1.1
4.485,0.665105213066795,0.491748348282802,-1.1
4.49,0.665455032726982,0.493191287325847,-1.1
4.495,0.665797222992638,0.49463295977019,-1.1
4.5,0.666132677933434,0.496073574232089,-1.1
4.505,0.666461576363304,0.497514948653209,-1.1
4.51,0.666783143421867,0.49895833473109,-1.1
4.515,0.667097975155571,0.500402719186771,-1.1
4.52,0.667406786820152,0.501846522497165,-1.1
4.525,0.66770731343911,0.50329020659827,-1.1
4.53,0.667997528454521,0.504735112594592,-1.1
4.535,0.668276716610649,0.506182045148837,-1.1
4.54,0.668544043442467,0.507633120225894,-1.1
4.545,0.668799687763908,0.509090781616199,-1.1
4.55,0.669044662853935,0.510554910110461,-1.1
4.555,0.669281114479759,0.512023181127536,-1.1
4.56,0.669512022873619,0.513492763446796,-1.1
4.565,0.669737566849449,0.514961958335864,-1.1
4.57,0.669957806011894,0.516429692911136,-1.1
4.575,0.670174766918877,0.517893493579852,-1.1
4.58,0.670389105221489,0.519353330539691,-1.1
4.585,0.670600105663994,0.520810962127673,-1.1
4.59,0.670807529827812,0.522267014192569,-1.1
4.595,0.671012510201195,0.523721367525088,-1.1
4.6,0.671215344807365,0.525173426078784,-1.1
4.605,0.639260431962129,0.523585510401198,-1.1
4.61,0.639459630684968,0.525030356792876,-1.1
4.615,0.639657041268464,0.526469391731688,-1.1
4.62,0.639852067666169,0.527904105333754,-1.1
4.625,0.640043338971253,0.529337865261504,-1.1
4.63,0.640228292183991,0.530773115305373,-1.1
4.635,0.64040776176941,0.532208454756209,-1.1
4.64,0.640583297448274,0.533642006067702,-1.1
4.645,0.640752157406922,0.535074842123458,-1.1
4.65,0.640911242203828,0.536507678179213,-1.1
4.655,0.641061147885438,0.537939769176909,-1.1
4.66,0.641201636033174,0.539371979383895,-1.1
4.665,0.641330620484468,0.54080681219525,-1.1
4.67,0.641448518471833,0.542244893459746,-1.1
4.675,0.641556402878877,0.543685358910033,-1.1
4.68,0.641653618054505,0.545128059534499,-1.1
4.685,0.641739687161561,0.54657281651921,-1.1
4.69,0.641814252572175,0.548018855003783,-1.1
4.695,0.641877254681703,0.549465966371962,-1.1
4.7,0.641928872304078,0.550914329437682,-1.1
4.705,0.641969105439302,0.552365285305449,-1.1
4.71,0.641998252110597,0.553819549231002,-1.1
4.715,0.642017504410859,0.555276078133056,-1.1
4.72,0.64202912731659,0.556732726244399,-1.1
4.725,0.642033776478883,0.558188331274459,-1.1
4.73,0.642030736641999,0.559643042234847,-1.1
4.735,0.642020186619874,0.561096233276793,-1.1
4.74,0.642003378110047,0.562547457365462,-1.1
4.745,0.641980907158967,0.563997101931044,-1.1
4.75,0.641953071789857,0.565446299461791,-1.1
4.755,0.641921064095613,0.566894126085708,-1.1
4.76,0.641886851029511,0.568338495640227,-1.1
4.765,0.641851863103028,0.569777947811553,-1.1
4.77,0.641815206246491,0.571212482599685,-1.1
4.775,0.641775688367005,0.572642338423201,-1.1
4.78,0.641733547883149,0.57406709804959,-1.1
4.785,0.641688009934541,0.575487417129943,-1.1
4.79,0.641636869149323,0.576906275896499,-1.1
4.795,0.641578396992799,0.578326445965239,-1.1
4.8,0.641512653069612,0.579747480301329,-1.1
4.805,0.613156550535441,0.574937246219847,-1.1
4.81,0.613083832868816,0.576353869812224,-1.1
4.815,0.613006764063121,0.577768973486159,-1.1
4.82,0.612925046095134,0.579182616846296,-1.1
4.825,0.612842195638896,0.580592683927748,-1.1
4.83,0.612759285578014,0.581997952835295,-1.1
4.835,0.612673514494182,0.583399317638609,-1.1
4.84,0.612581723341228,0.584797791616652,-1.1
4.845,0.612481170305492,0.58619546093199,-1.1
4.85,0.612369113573314,0.587594203130934,-1.1
4.855,0.61224537433076,0.588994763271544,-1.1
4.86,0.612113171228648,0.590395830051634,-1.1
4.865,0.611974292406322,0.591796211378309,-1.1
4.87,0.611829274305583,0.593195609228346,-1.1
4.875,0.611678295740367,0.594592742101881,-1.1
4.88,0.611521297106029,0.595987013952467,-1.1
4.885,0.611358397611858,0.597378454582426,-1.1
4.89,0.611189358839274,0.598767809049818,-1.1
4.895,0.61101531327653,0.600154779331419,-1.1
4.9,0.610838704714061,0.601537696497175,-1.1
4.905,0.610660546430827,0.602915696279738,-1.1
4.91,0.610478931078197,0.60428958334181,-1.1
4.915,0.610291295656444,0.605661175625059,-1.1
4.92,0.610096805700542,0.607030651943419,-1.1
4.925,0.609896653303386,0.608397177831862,-1.1
4.93,0.609692030557872,0.609760216848585,-1.1
4.935,0.60948156655717,0.611120543853972,-1.1
4.94,0.609262936720134,0.612479708568785,-1.1
4.945,0.609034710535289,0.613838873283598,-1.1
4.95,0.608796113142253,0.615198961870405,-1.1
4.955,0.608547800192119,0.616559974329207,-1.1
4.96,0.608291798242808,0.617920807974074,-1.1
4.965,0.608029657015086,0.619279585258696,-1.1
4.97,0.607761614927531,0.620636246578428,-1.1
4.975,0.607486122259379,0.62199240125868,-1.1
4.98,0.607200914034129,0.623348913566801,-1.1
4.985,0.606907718786479,0.624704382793638,-1.1
4.99,0.606609576353313,0.626058093683455,-1.1
4.995,0.606304758199931,0.627411476747725,-1.1
5,0.605991118559123,0.628765277044508,-1.1
5.005,0.585849511535258,0.623626913870785,-1.1
5.01,0.585525619895549,0.624977406109784,-1.1
5.015,0.585195529372783,0.626326795662854,-1.1
5.02,0.584859359176249,0.627675529564831,-1.1
5.025,0.584518420608134,0.629023011769269,-1.1
5.03,0.584173846156688,0.630368407811139,-1.1
5.035,0.583825397403331,0.631711300457928,-1.1
5.04,0.583471047790141,0.633052077139828,-1.1
5.045,0.583108770759196,0.634391542519543,-1.1
5.05,0.582737910659404,0.63573041185281,-1.1
5.055,0.582359123141856,0.637068506325696,-1.1
5.06,0.581974315555186,0.638404902066205,-1.1
5.065,0.581585574061961,0.639738854016278,-1.1
5.07,0.581192660243602,0.641070600594494,-1.1
5.075,0.580794560821147,0.642399992789242,-1.1
5.08,0.580392050654979,0.64372551068208,-1.1
5.085,0.579985606582255,0.645046260203335,-1.1
5.09,0.579572963626475,0.646364089096997,-1.1
5.095,0.579150962741465,0.647681023920987,-1.1
5.1,0.578719603927226,0.648997541512463,-1.1
5.105,0.578281390578837,0.650312241162274,-1.1
5.11,0.577836143882365,0.65162476524255,-1.1
5.115,0.577381598861308,0.652936752881024,-1.1
5.12,0.576915728957743,0.654249545182202,-1.1
5.125,0.576439487845988,0.655563231553052,-1.1
5.13,0.5759573458744,0.656875427807782,-1.1
5.135,0.575472760112376,0.65818360074899,-1.1
5.14,0.574985790164561,0.659487362946484,-1.1
5.145,0.574492859752269,0.66078865155122,-1.1
5.15,0.573990631015391,0.662090238179181,-1.1
5.155,0.5734799980236,0.663391765202496,-1.1
5.16,0.572965907962413,0.664691057051632,-1.1
5.165,0.572452294738383,0.665986146773312,-1.1
5.17,0.571937429816813,0.667277153576825,-1.1
5.175,0.57141815415153,0.668565299357388,-1.1
5.18,0.570893156440348,0.669851120556805,-1.1
5.185,0.570362496287913,0.671135153616879,-1.1
5.19,0.569827663810344,0.672417607153866,-1.1
5.195,0.569290447146983,0.673698093737576,-1.1
5.2,0.568752396018596,0.67497539147279,-1.1
5.205,0.557463695986865,0.671937576274772,-1.1
5.21,0.556922843440174,0.673206410150428,-1.1
5.215,0.55637585161507,0.674472651224036,-1.1
5.22,0.555820932372211,0.67573796842565,-1.1
5.225,0.555259039385913,0.677002391557593,-1.1
5.23,0.554692020400165,0.678265205364127,-1.1
5.235,0.554120233042835,0.679526469449897,-1.1
5.24,0.553540995104907,0.680787226896186,-1.1
5.245,0.552952280028461,0.682048759202857,-1.1
5.25,0.552356054766773,0.683309546451468,-1.1
5.255,0.551756670458911,0.684567502479453,-1.1
5.26,0.551157464964984,0.685821107368369,-1.1
5.265,0.550557603819965,0.687070390920539,-1.1
5.27,0.549955358489154,0.688316247205634,-1.1
5.275,0.549349536879657,0.689558437805076,-1.1
5.28,0.548739185317157,0.690797826986213,-1.1
5.285,0.548123886569141,0.692035368423362,-1.1
5.29,0.547503283007739,0.693271717767615,-1.1
5.295,0.546879937632678,0.694505861740012,-1.1
5.3,0.546257188304065,0.695735743980307,-1.1
5.305,0.545635452254413,0.696960708837409,-1.1
5.31,0.545012226088642,0.698180786113639,-1.1
5.315,0.544384767993091,0.699396959285636,-1.1
5.32,0.543751766665576,0.700610539655585,-1.1
5.325,0.543112328036426,0.70182331536283,-1.1
5.33,0.542467405779956,0.70303477976789,-1.1
5.335,0.541820099337695,0.70424275730123,-1.1
5.34,0.541171243174671,0.705446771125693,-1.1
5.345,0.540515711291431,0.70664834115972,-1.1
5.35,0.539848794921039,0.707848927717109,-1.1
5.355,0.539171984179614,0.709048024158378,-1.1
5.36,0.5384870672065,0.710245481471915,-1.1
5.365,0.537792851908801,0.71144302819242,-1.1
5.37,0.537087788565753,0.712641290168662,-1.1
5.375,0.536372950060962,0.713839730958838,-1.1
5.38,0.53565048216164,0.715037873725791,-1.1
5.385,0.534920027239917,0.716235092620749,-1.1
5.39,0.534182360156177,0.717430553178687,-1.1
5.395,0.533440341933368,0.718623361329932,-1.1
5.4,0.532693555338977,0.7198142025279,-1.1
5.405,0.531883859206065,0.720980325361608,-1.1
5.41,0.53112616496168,0.722170034071325,-1.1
5.415,0.530367099810466,0.723357388397573,-1.1
5.42,0.529608749914989,0.724540570398687,-1.1
5.425,0.528850817252025,0.725719043632864,-1.1
5.43,0.528090440798625,0.726894179006933,-1.1
5.435,0.527325176764354,0.728067377230047,-1.1
5.44,0.526556157637462,0.729238101860403,-1.1
5.445,0.525786661673411,0.730405607839941,-1.1
5.45,0.525016688872203,0.731570401808141,-1.1
5.455,0.524243139792308,0.73273305000913,-1.1
5.46,0.523465537596568,0.733893373628973,-1.1
5.465,0.522685610819682,0.735050955435156,-1.1
5.47,0.521903001833781,0.736206212660192,-1.1
5.475,0.521118008662089,0.737359085699438,-1.1
5.48,0.520333253908977,0.738508322855352,-1.1
5.485,0.519549750853404,0.739653208872198,-1.1
5.49,0.518764936495646,0.740794160982488,-1.1
5.495,0.517975413370952,0.741932430883764,-1.1
5.5,0.517179572153911,0.74306921066892,-1.1
5.505,0.516377472449168,0.74420491757047,-1.1
5.51,0.515571140814647,0.745339313169836,-1.1
5.515,0.514762842226848,0.74647132458341,-1.1
5.52,0.513953053522929,0.747600117346166,-1.1
5.525,0.513140463400706,0.748726049085973,-1.1
5.53,0.512322866488322,0.749849715849279,-1.1
5.535,0.511499726343974,0.750971773287176,-1.1
5.54,0.51067289071165,0.75209180416715,-1.1
5.545,0.509844147730693,0.753208735605596,-1.1
5.55,0.509013974238261,0.754321971556066,-1.1
5.555,0.508180164862498,0.755431810041784,-1.1
5.56,0.507338130045756,0.756539919992803,-1.1
5.565,0.50648530678831,0.757647910734533,-1.1
5.57,0.505622112322673,0.758756378313421,-1.1
5.575,0.504751407671794,0.759864965101598,-1.1
5.58,0.503876590300426,0.760972955843328,-1.1
5.585,0.502999865580424,0.762079635282873,-1.1
5.59,0.502122127581462,0.763183572908758,-1.1
5.595,0.501244687605723,0.764283576628088,-1.1
5.6,0.500368260908946,0.765379050394415,-1.1
5.605,0.508904688954364,0.770278528383903,-1.1
5.61,0.508026891350757,0.771365419081382,-1.1
5.615,0.507147961258899,0.772449627569847,-1.1
5.62,0.506265991330158,0.773532465151481,-1.1
5.625,0.505381398797046,0.774613574198417,-1.1
5.63,0.504497521519672,0.775691464594536,-1.1
5.635,0.503615432381641,0.77676494424694,-1.1
5.64,0.50273334324361,0.777834013155632,-1.1
5.645,0.501850181221973,0.778898909739189,-1.1
5.65,0.500964396595966,0.779961004904442,-1.1
5.655,0.500074141621601,0.781022444418602,-1.1
5.66,0.499179475903522,0.782083526304893,-1.1
5.665,0.498283200860035,0.783142879656486,-1.1
5.67,0.497387283444416,0.784199312380485,-1.1
5.675,0.496489518284809,0.785253122500114,-1.1
5.68,0.495587223172199,0.786305263689689,-1.1
5.685,0.494680934548389,0.78735597436779,-1.1
5.69,0.493772678971302,0.788404420069389,-1.1
5.695,0.492864184975635,0.789449885538749,-1.1
5.7,0.4919553333521,0.790493264845543,-1.1
5.705,0.491043084263813,0.791535809687309,-1.1
5.71,0.490126424431812,0.792577639273338,-1.1
5.715,0.489208572506916,0.793616727045707,-1.1
5.72,0.488291435837757,0.79465235774868,-1.1
5.725,0.48737370312215,0.795685544661216,-1.1
5.73,0.486453645825397,0.796716705015831,-1.1
5.735,0.485532873272907,0.797745779207878,-1.1
5.74,0.484613233208667,0.798771932772331,-1.1
5.745,0.483693831563007,0.799794986895256,-1.1
5.75,0.482774489521991,0.800814822367363,-1.1
5.755,0.481854730248462,0.80183179681652,-1.1
5.76,0.480933242440235,0.802846387079887,-1.1
5.765,0.480010860562336,0.803858771971397,-1.1
5.77,0.479089968800556,0.804868653467827,-1.1
5.775,0.478171282410633,0.805875375918083,-1.1
5.78,0.477255576252948,0.806877508810692,-1.1
5.785,0.476343446373951,0.807873860052757,-1.1
5.79,0.475431674122821,0.808865264109306,-1.1
5.795,0.474514895081531,0.80985410516613,-1.1
5.8,0.473591082692157,0.810842052153282,-1.1
5.805,0.49395456895926,0.81886846306993,-1.1
5.81,0.493020087338471,0.819855039150252,-1.1
5.815,0.49208107576468,0.820841496021285,-1.1
5.82,0.491136938191438,0.82182747605516,-1.1
5.825,0.490189403153443,0.822811489135757,-1.1
5.83,0.489240556813264,0.823791985542312,-1.1
5.835,0.488290577984834,0.824769263298049,-1.1
5.84,0.487339168644929,0.825744693309798,-1.1
5.845,0.486386686421418,0.82671940806581,-1.1
5.85,0.48543474063971,0.827692811519637,-1.1
5.855,0.484485477067017,0.828664128810897,-1.1
5.86,0.48353877649405,0.829633181125655,-1.1
5.865,0.482592314339661,0.830600683719649,-1.1
5.87,0.481646269417786,0.831566696197524,-1.1
5.875,0.480703383542085,0.832530026466384,-1.1
5.88,0.479765862084412,0.833490138084426,-1.1
5.885,0.478834420300507,0.834446733028426,-1.1
5.89,0.477908044911408,0.835399572879806,-1.1
5.895,0.476985603428864,0.836348896057143,-1.1
5.9,0.476064771271729,0.837295537025466,-1.1
5.905,0.475143223858857,0.838240985900893,-1.1
5.91,0.474221140004182,0.839185123474135,-1.1
5.915,0.473300605870271,0.840127532512679,-1.1
5.92,0.472382753945374,0.841067736179366,-1.1
5.925,0.471466511345887,0.842005734474196,-1.1
5.93,0.470551282025361,0.842941408187881,-1.1
5.935,0.469636171914124,0.843874459297195,-1.1
5.94,0.468719929314637,0.844806258708968,-1.1
5.945,0.467801958180451,0.845737104446425,-1.1
5.95,0.466883033371949,0.846666638881698,-1.1
5.955,0.465965777493501,0.847594683200851,-1.1
5.96,0.465049594498658,0.848520820171371,-1.1
5.965,0.464133649922395,0.849445169002547,-1.1
5.97,0.463219553090119,0.850366776020064,-1.1
5.975,0.462306827164674,0.851285402805343,-1.1
5.98,0.461395174122834,0.852202062637343,-1.1
5.985,0.460485666848206,0.853116457492843,-1.1
5.99,0.459579974270844,0.854027574092879,-1.1
5.995,0.458680361367249,0.854934518367782,-1.1
6,0.457786649323487,0.855836515457168,-1.1
6.005,0.491343177957267,0.863860255590331,-1.1
6.01,0.490457095308036,0.864753192773711,-1.1
6.015,0.489573218030662,0.865641600004088,-1.1
6.02,0.488690234822959,0.866526430955779,-1.1
6.025,0.487807013196678,0.867408222070586,-1.1
6.03,0.486921228570671,0.868287807813536,-1.1
6.035,0.486032582921714,0.869166976323973,-1.1
6.04,0.485140659017295,0.870047158113371,-1.1
6.045,0.484244860810966,0.870929902902495,-1.1
6.05,0.483348645372123,0.871814555040251,-1.1
6.055,0.482455767793388,0.87269849192227,-1.1
6.06,0.481568135423393,0.873580163827788,-1.1
6.065,0.480685569448204,0.874458676687132,-1.1
6.07,0.47980544726345,0.875334090104949,-1.1
6.075,0.478925921125144,0.876207774988066,-1.1
6.08,0.478044845266075,0.877081698289763,-1.1
6.085,0.477159775895805,0.877958184591185,-1.1
6.09,0.476271309060783,0.878838247171294,-1.1
6.095,0.475381054086418,0.879722184053313,-1.1
6.1,0.474489845437736,0.880609399190795,-1.1
6.105,0.473600424928398,0.881497329584014,-1.1
6.11,0.472715951604576,0.882382279744994,-1.1
6.115,0.471836604280204,0.883263474813353,-1.1
6.12,0.470959521932334,0.884142524114501,-1.1
6.125,0.470082201165885,0.885021692624938,-1.1
6.13,0.469205059213371,0.885901695600401,-1.1
6.135,0.468329228563041,0.886781996599089,-1.1
6.14,0.4674552456567,0.887662893644225,-1.1
6.145,0.466582931680412,0.888545400014769,-1.1
6.15,0.465712793273658,0.88942886005963,-1.1
6.155,0.464848883552284,0.890309459081542,-1.1
6.16,0.463996298713417,0.891182845941435,-1.1
6.165,0.463155098361701,0.892048364988219,-1.1
6.17,0.462321169776649,0.892908281198393,-1.1
6.175,0.461491920156211,0.893764501920592,-1.1
6.18,0.460666634244651,0.894617503991972,-1.1
6.185,0.459844477576942,0.895467943063628,-1.1
6.19,0.459024705095024,0.896317130437743,-1.1
6.195,0.458206184310646,0.897165900579344,-1.1
6.2,0.45738894502613,0.898014074674498,-1.1
6.205,0.497737981303454,0.900964001479627,-1.1
6.21,0.496928013785601,0.901806989970685,-1.1
6.215,0.496121860965014,0.902647355857373,-1.1
6.22,0.495319046004534,0.903485099139691,-1.1
6.225,0.494519956334353,0.904319266143323,-1.1
6.23,0.493725664838076,0.905149678054334,-1.1
6.235,0.492936231120348,0.905976990523816,-1.1
6.24,0.492151118739367,0.906801799598218,-1.1
6.245,0.491371251567126,0.907624522510053,-1.1
6.25,0.490596480592013,0.908445993724347,-1.1
6.255,0.489825434907198,0.9092679417758,-1.1
6.26,0.48905859134984,0.910090009036542,-1.1
6.265,0.48829708240819,0.91091052657652,-1.1
6.27,0.48754156373334,0.911729017558575,-1.1
6.275,0.486790873034716,0.912546078029157,-1.1
6.28,0.486043281777621,0.913363138499738,-1.1
6.285,0.48529899857831,0.914180616202832,-1.1
6.29,0.484558470471621,0.914999166789533,-1.1
6.295,0.483821816666842,0.915819386306287,-1.1
6.3,0.483090080245257,0.91663984424162,-1.1
6.305,0.482365228160143,0.91745851403761,-1.1
6.31,0.481647230609179,0.918274680438519,-1.1
6.315,0.480934120639086,0.91908923751402,-1.1
6.32,0.480225451215029,0.919902483287335,-1.1
6.325,0.479521550162554,0.920714536967755,-1.1
6.33,0.478821791632891,0.921526054206372,-1.1
6.335,0.478125728591204,0.922337511840344,-1.1
6.34,0.477433241828204,0.923149207892896,-1.1
6.345,0.476743318064928,0.923962036433698,-1.1
6.35,0.476055927499056,0.924776951137067,-1.1
6.355,0.475372500642062,0.925592521491528,-1.1
6.36,0.474695838912249,0.926405826869489,-1.1
6.365,0.474028535111666,0.927213708224774,-1.1
6.37,0.473369665368319,0.928015688720227,-1.1
6.375,0.472716249449969,0.928813616099835,-1.1
6.38,0.472065366729021,0.929609457316876,-1.1
6.385,0.471414692624331,0.93040595418501,-1.1
6.39,0.470762945636034,0.931206086936475,-1.1
6.395,0.470109946950198,0.932011166873456,-1.1
6.4,0.469457752927065,0.932819703879834,-1.1
6.405,0.511410767878854,0.928606040467441,-1.1
6.41,0.510766084040964,0.929414398659885,-1.1
6.415,0.510124410237634,0.930222101201236,-1.1
6.42,0.509485537852609,0.93102920769614,-1.1
6.425,0.508849794711435,0.931835062493503,-1.1
6.43,0.508218670930231,0.932639009942233,-1.1
6.435,0.507594550694787,0.933440215577304,-1.1
6.44,0.506978268470132,0.934238619794071,-1.1
6.445,0.506369913663232,0.935035057057559,-1.1
6.45,0.505769218053186,0.935829884995639,-1.1
6.455,0.505175436581933,0.936622865189731,-1.1
6.46,0.504588181819284,0.937413401593387,-1.1
6.465,0.504006708707178,0.938202388276279,-1.1
6.47,0.50342884167608,0.938992626656711,-1.1
6.475,0.502853418435419,0.939786560525119,-1.1
6.48,0.502281601275766,0.940584368695438,-1.1
6.485,0.501714731301629,0.941385276307285,-1.1
6.49,0.501153523768747,0.942187733639896,-1.1
6.495,0.500598872746789,0.942990488995731,-1.1
6.5,0.50005068882879,0.943793482770145,-1.1
6.505,0.499508524979913,0.94459748982352,-1.1
6.51,0.498973752106988,0.945400662411868,-1.1
6.515,0.49844854577955,0.946199781884372,-1.1
6.52,0.497933382834756,0.946993954171359,-1.1
6.525,0.497426206912363,0.947785682667911,-1.1
6.53,0.4969246636289,0.948577828396976,-1.1
6.535,0.496428037728631,0.949370152939975,-1.1
6.54,0.495937104071939,0.9501610469715,-1.1
6.545,0.49545108779844,0.950950927724063,-1.1
6.55,0.494967336501443,0.951743609894931,-1.1
6.555,0.494483942832315,0.952542133320987,-1.1
6.56,0.494001264418924,0.953347153653323,-1.1
6.565,0.493521685447061,0.954158015240848,-1.1
6.57,0.493047083463037,0.954972572316348,-1.1
6.575,0.492580170478189,0.955787069787204,-1.1
6.58,0.492123867120111,0.95659632204932,-1.1
6.585,0.491677964772546,0.957398064126193,-1.1
6.59,0.491241301144922,0.958193011273563,-1.1
6.595,0.490812177504861,0.958982474793613,-1.1
6.6,0.490389044131601,0.959768540848911,-1.1
6.605,0.523714637432637,0.951090742540499,-1.1
6.61,0.523302709732594,0.951875735712191,-1.1
6.615,0.522894835148396,0.952662159395357,-1.1
6.62,0.522491460714879,0.953449477148195,-1.1
6.625,0.522091602955403,0.954238285017153,-1.1
6.63,0.521693801556172,0.955029536676546,-1.1
6.635,0.521299695644917,0.955821563196321,-1.1
6.64,0.520911252174916,0.956613232088228,-1.1
6.645,0.520528769169392,0.957406748724123,-1.1
6.65,0.520152783070149,0.958203305196901,-1.1
6.655,0.519784813795628,0.959000338506838,-1.1
6.66,0.519426142845692,0.959794093561312,-1.1
6.665,0.519076800022664,0.960583795499941,-1.1
6.67,0.518734907780232,0.961371590089937,-1.1
6.675,0.518399005804601,0.96215896744742,-1.1
6.68,0.518070643816533,0.962944973898073,-1.1
6.685,0.517751162920537,0.963729490232607,-1.1
6.69,0.517439669046941,0.964514006567141,-1.1
6.695,0.517135715160909,0.965297688436647,-1.1
6.7,0.516839480076375,0.966079224538942,-1.1
6.705,0.516548758421483,0.966861058664461,-1.1
6.71,0.51626101699883,0.96764688630118,-1.1
6.715,0.515976643238606,0.968437065076967,-1.1
6.72,0.515696918640675,0.969230581712862,-1.1
6.725,0.515422081623616,0.970027436208864,-1.1
6.73,0.515151983175816,0.970827986192842,-1.1
6.735,0.514885311995091,0.971632589292665,-1.1
6.74,0.514620339546742,0.972442377996584,-1.1
6.745,0.51435682741219,0.973259736490389,-1.1
6.75,0.514093881521764,0.974086989355227,-1.1
6.755,0.513832753573003,0.974923659753939,-1.1
6.76,0.513577615891042,0.975765217733522,-1.1
6.765,0.513329809580388,0.976608742666384,-1.1
6.77,0.513089155827107,0.977452267599245,-1.1
6.775,0.512856071863713,0.978292693090578,-1.1
6.78,0.512629305992665,0.979130615186831,-1.1
6.785,0.512407427702489,0.97996937174811,-1.1
6.79,0.51219025817925,0.980809856844088,-1.1
6.795,0.511979674969258,0.981650997591158,-1.1
6.8,0.51177749601418,0.982492019128939,-1.1
6.805,0.534633881103758,0.973763500157058,-1.1
6.81,0.534447795402769,0.974601362648665,-1.1
6.815,0.534269428503279,0.975433801117598,-1.1
6.82,0.534096426021818,0.97626272291249,-1.1
6.825,0.533926165354017,0.977092061939895,-1.1
6.83,0.533757633220915,0.97792515605992,-1.1
6.835,0.53359181309915,0.978764866295516,-1.1
6.84,0.533429777872328,0.97961292118138,-1.1
6.845,0.533272809040312,0.980468545857131,-1.1
6.85,0.533122813951735,0.981327866020858,-1.1
6.855,0.532980001222853,0.982187901440322,-1.1
6.86,0.532843327772383,0.983047817650496,-1.1
6.865,0.53271210814691,0.983907435837447,-1.1
6.87,0.532586372148756,0.98476770967549,-1.1
6.875,0.532467073452238,0.985630546513259,-1.1
6.88,0.532355374347929,0.986496303978621,-1.1
6.885,0.532252675544981,0.987362359467208,-1.1
6.89,0.532159722101454,0.988224600258529,-1.1
6.895,0.532074934494261,0.989082132282912,-1.1
6.9,0.531995749723677,0.98993859142369,-1.1
6.905,0.531920498859648,0.990798567238509,-1.1
6.91,0.531849330913786,0.991664503517806,-1.1
6.915,0.531784987699751,0.992534671726882,-1.1
6.92,0.531730121624235,0.993404899540603,-1.1
6.925,0.531685686361555,0.994271908703505,-1.1
6.93,0.531651830923323,0.995134089890181,-1.1
6.935,0.531626379740004,0.995991145077407,-1.1
6.94,0.531607991707091,0.996843193474471,-1.1
6.945,0.531596964847807,0.99769005626744,-1.1
6.95,0.531593328964476,0.998534594479262,-1.1
6.955,0.531597203266386,0.999378655853927,-1.1
6.96,0.531609183799986,1.00022039264744,-1.1
6.965,0.531629270565275,1.00105855316228,-1.1
6.97,0.531655258190397,1.0018961772353,-1.1
6.975,0.53168437505937,1.00273755640095,-1.1
6.98,0.531716233742003,1.0035841211707,-1.1
6.985,0.531751460087065,1.00443557352132,-1.1
6.99,0.531790679943327,1.00529179424351,-1.1
6.995,0.531835085403685,1.00615236610478,-1.1
7,0.531884885084395,1.00701770633763,-1.1
7.005,0.545409321986434,1.00098311222918,-1.1
7.01,0.545468360387084,1.00185649908908,-1.1
7.015,0.545531779729125,1.00273060120471,-1.1
7.02,0.545599073373076,1.00360631264575,-1.1
7.025,0.545669377051589,1.0044864348305,-1.1
7.03,0.545743346415755,1.00537245787509,-1.1
7.035,0.545822590790984,1.00626354731448,-1.1
7.04,0.54590791483998,1.00715779580005,-1.1
7.045,0.546000004016158,1.00805258072741,-1.1
7.05,0.546098858319518,1.00894641198047,-1.1
7.055,0.546203345261809,1.00984060086139,-1.1
7.06,0.546313345633742,1.01073633946307,-1.1
7.065,0.546429544888732,1.01163279332049,-1.1
7.07,0.546551972829101,1.01252787627109,-1.1
7.075,0.546681612931487,1.01342033661731,-1.1
7.08,0.546817839347121,1.01431220091708,-1.1
7.085,0.546958416901824,1.01520787991412,-1.1
7.09,0.547103077374694,1.01610779084094,-1.1
7.095,0.547252148591277,1.01701074160464,-1.1
7.1,0.547405541144607,1.0179181627167,-1.1
7.105,0.547563553057906,1.01883100785144,-1.1
7.11,0.547727197610137,1.01974850214847,-1.1
7.115,0.547897398673293,1.02066849984057,-1.1
7.12,0.548074633084533,1.02158843792804,-1.1
7.125,0.548258841239211,1.02250563420184,-1.1
7.13,0.548449725114104,1.02341913498767,-1.1
7.135,0.548646956883666,1.02433043040164,-1.1
7.14,0.548849851094481,1.02524124897845,-1.1
7.145,0.549058437548873,1.0261510542763,-1.1
7.15,0.54927295466542,1.02705841578372,-1.1
7.155,0.54949301501393,1.02796541966327,-1.1
7.16,0.549717664920089,1.02887623824008,-1.1
7.165,0.549946397744414,1.02979242123492,-1.1
7.17,0.55018037577748,1.03071146525271,-1.1
7.175,0.55042064210057,1.03163033045657,-1.1
7.18,0.550667077504394,1.03254752673037,-1.1
7.185,0.550918877326247,1.03346174277194,-1.1
7.19,0.551174968682525,1.03437345541842,-1.1
7.195,0.55143415948033,1.03528713501819,-1.1
7.2,0.55169576426625,1.03620838440783,-1.1
7.205,0.556758465403113,1.03442272707214,-1.1
7.21,0.557026507490668,1.03535780473938,-1.1
7.215,0.557299854391607,1.03629478975525,-1.1
7.22,0.557578088873419,1.03723511263122,-1.1
7.225,0.557860197657141,1.03818032308807,-1.1
7.23,0.558146478765997,1.03912738128891,-1.1
7.235,0.558438154095205,1.04007271095505,-1.1
7.24,0.558735372656378,1.04101571604004,-1.1
7.245,0.559038194054159,1.04195711179962,-1.1
7.25,0.559346469276938,1.04289630218735,-1.1
7.255,0.559659810894522,1.04383412166824,-1.1
7.26,0.559977414244208,1.04477259680023,-1.1
7.265,0.560298623674902,1.04571399255981,-1.1
7.27,0.560623290174994,1.04665884538879,-1.1
7.275,0.56095189058164,1.04760644003143,-1.1
7.28,0.561284693115744,1.04855612083664,-1.1
7.285,0.561621459358725,1.04950794740906,-1.1
7.29,0.561962070101294,1.05046221777191,-1.1
7.295,0.562306227320227,1.05141988559952,-1.1
7.3,0.562654080027136,1.05238196417084,-1.1
7.305,0.563005747431311,1.05334726139297,-1.1
7.31,0.5633620938001,1.05431345268478,-1.1
7.315,0.563723357552084,1.05527880951156,-1.1
7.32,0.564089032047781,1.05624392791977,-1.1
7.325,0.564458998077902,1.05720958276977,-1.1
7.33,0.564832599991354,1.05817613168945,-1.1
7.335,0.565210284822973,1.05914399191131,-1.1
7.34,0.565592618816885,1.06011274620285,-1.1
7.345,0.5659794827638,1.06108203693619,-1.1
7.35,0.56637141310552,1.0620498375534,-1.1
7.355,0.566768290632757,1.06301495596161,-1.1
7.36,0.567169459694418,1.0639790014862,-1.1
7.365,0.567574324244055,1.0649430470108,-1.1
7.37,0.567982586258444,1.06590703293075,-1.1
7.375,0.568393739098105,1.06687054201355,-1.1
7.38,0.568808349007162,1.06783536239853,-1.1
7.385,0.56922558152059,1.06880441471329,-1.1
7.39,0.569644751184973,1.06977906986465,-1.1
7.395,0.570066930883917,1.07075706287613,-1.1
7.4,0.570491792791876,1.07173839374771,-1.1
7.405,0.570487187389803,1.07297481081957,-1.1
7.41,0.570916221622896,1.07396508238787,-1.1
7.415,0.571347550634813,1.07495851300234,-1.1
7.42,0.571781561855745,1.07595605633731,-1.1
7.425,0.57221822548337,1.07695866606707,-1.1
7.43,0.572658286575746,1.0779645540523,-1.1
7.435,0.573102758411837,1.07897062085147,-1.1
7.44,0.573551342968416,1.07997525713915,-1.1
7.445,0.57400409985013,1.08097798607821,-1.1
7.45,0.574460969452333,1.08197833083148,-1.1
7.455,0.57492087889142,1.08297641060824,-1.1
7.46,0.575383887772036,1.0839716889667,-1.1
7.465,0.575849847082567,1.08496535799975,-1.1
7.47,0.576317922357988,1.08596164963717,-1.1
7.475,0.576787785772753,1.08696235201831,-1.1
7.48,0.577260092977953,1.08796657107348,-1.1
7.485,0.577735469822359,1.08897371075625,-1.1
7.49,0.578213677887392,1.08998353264804,-1.1
7.495,0.578695372824144,1.09099401019091,-1.1
7.5,0.579181120876741,1.09200269959445,-1.1
7.505,0.579671071056795,1.0930088856029,-1.1
7.51,0.580165104155016,1.09401119730944,-1.1
7.515,0.580663369183016,1.09500802538867,-1.1
7.52,0.581165419105959,1.09599942944522,-1.1
7.525,0.581670300249529,1.09698761485095,-1.1
7.53,0.582177595381212,1.09797496579165,-1.1
7.535,0.582687185291719,1.09896344922061,-1.1
7.54,0.583199129585695,1.09995407841677,-1.1
7.545,0.583713964704943,1.1009457208919,-1.1
7.55,0.584231184009981,1.10193658850665,-1.1
7.555,0.584750996117067,1.1029268004703,-1.1
7.56,0.585273341421556,1.10391838334078,-1.1
7.565,0.585797385458422,1.10491318486209,-1.1
7.57,0.586324260715914,1.10590816519732,-1.1
7.575,0.586854891066027,1.106899211626,-1.1
7.58,0.587389455322695,1.10788697979922,-1.1
7.585,0.587927297834825,1.10887272141452,-1.1
7.59,0.588467792753649,1.10985595963473,-1.1
7.595,0.589010940079164,1.11083538315768,-1.1
7.6,0.589556531195116,1.11181218407626,-1.1
7.605,0.584791227846974,1.11577398341364,-1.1
7.61,0.585340723067158,1.11675191682047,-1.1
7.615,0.585892691880101,1.11772919457621,-1.1
7.62,0.586447372704381,1.11870551865763,-1.1
7.625,0.587004318505162,1.11968190234369,-1.1
7.63,0.587562635212773,1.12065852444834,-1.1
7.635,0.588121637373799,1.12163478892511,-1.1
7.64,0.588680758744115,1.1226121262855,-1.1
7.645,0.589239433079594,1.12359435122675,-1.1
7.65,0.58979792860114,1.12458426516718,-1.1
7.655,0.590357347994679,1.12558073561853,-1.1
7.66,0.590919240980977,1.12658018630213,-1.1
7.665,0.591484293013448,1.12757874291605,-1.1
7.67,0.592051788836354,1.12857354443735,-1.1
7.675,0.592621311217183,1.12956357758707,-1.1
7.68,0.593191548853749,1.13055015366739,-1.1
7.685,0.593761637478703,1.13153637211985,-1.1
7.69,0.59433175590598,1.13252354424662,-1.1
7.695,0.594902261763448,1.13351304095453,-1.1
7.7,0.595473155051106,1.13450623315043,-1.1
7.705,0.596043899327153,1.1355036572761,-1.1
7.71,0.596614762812489,1.13650602858728,-1.1
7.715,0.597185566693181,1.13751406233973,-1.1
7.72,0.597756698399419,1.13852692406839,-1.1
7.725,0.598329320221776,1.13953972619242,-1.1
7.73,0.598904177218312,1.14054829638666,-1.1
7.735,0.599481686621541,1.14155245583719,-1.1
7.74,0.600061490803593,1.14255435031122,-1.1
7.745,0.600643351345891,1.14355481427378,-1.1
7.75,0.601227923899525,1.14455074828333,-1.1
7.755,0.601815387278432,1.145539112503,-1.1
7.76,0.602405920296544,1.14652032416529,-1.1
7.765,0.602998867302769,1.14749670785135,-1.1
7.77,0.603592976599568,1.14846957486338,-1.1
7.775,0.604188039570683,1.14943761389917,-1.1
7.78,0.60478387740218,1.15040207665629,-1.1
7.785,0.605379298001164,1.15136844676203,-1.1
7.79,0.605973645716542,1.15234006207651,-1.1
7.795,0.606567665606374,1.15331543248362,-1.1
7.8,0.607161983519429,1.15429282944864,-1.1
7.805,0.591600499694665,1.16334840725377,-1.1
7.81,0.592195503061135,1.16433087061361,-1.1
7.815,0.592790774648507,1.16531470488027,-1.1
7.82,0.593386552875359,1.16629782389119,-1.1
7.825,0.593983761613686,1.16727897594884,-1.1
7.83,0.594582132642587,1.16825923393682,-1.1
7.835,0.595181010310967,1.16923931311086,-1.1
7.84,0.595781050269921,1.17021784256414,-1.1
7.845,0.59638177568229,1.1711942262502,-1.1
7.85,0.596982173269112,1.17216888140157,-1.1
7.855,0.597582719867547,1.17314103315786,-1.1
7.86,0.598183147256692,1.17411151598409,-1.1
7.865,0.598783187215646,1.17508211801961,-1.1
7.87,0.599383912628014,1.17605158756688,-1.1
7.875,0.599985651319344,1.17701837490514,-1.1
7.88,0.600588194673379,1.17798140715078,-1.1
7.885,0.601191900317986,1.17893979023412,-1.1
7.89,0.601796470229943,1.17989417980626,-1.1
7.895,0.602401606386025,1.1808452315183,-1.1
7.9,0.603007696216424,1.18179068039373,-1.1
7.905,0.60361438209327,1.18272832106069,-1.1
7.91,0.60422085935386,1.18365988205388,-1.1
7.915,0.604826144521554,1.18459084700063,-1.1
7.92,0.605429164712746,1.1855266399236,-1.1
7.925,0.606030158346017,1.18646708200887,-1.1
7.93,0.606630794351418,1.18740764330343,-1.1
7.935,0.607231847589333,1.18834653566793,-1.1
7.94,0.607832185571511,1.18928518961385,-1.1
7.945,0.60843091422828,1.19022378395513,-1.1
7.95,0.609027854745705,1.19116166304067,-1.1
7.955,0.609622709100564,1.19210085342839,-1.1
7.96,0.610215775316079,1.19304403732732,-1.1
7.965,0.610808007066567,1.19399085710958,-1.1
7.97,0.611400536840279,1.19493791531041,-1.1
7.975,0.611993662660439,1.19588109920934,-1.1
7.98,0.61258655006202,1.19682005117849,-1.1
7.985,0.613177768533547,1.19775876472905,-1.1
7.99,0.613765887563546,1.19870111416295,-1.1
7.995,0.614351801221688,1.19964668224767,-1.1
8,0.614937953298409,1.20059272716954,-1.1
8.005,0.58904410152169,1.21182627749144,-1.1
8.01,0.589633591458519,1.21276934218107,-1.1
8.015,0.590225048348625,1.21370590996443,-1.1
8.02,0.59081823377343,1.21463401388822,-1.1
8.025,0.5914112403843,1.21555723023115,-1.1
8.03,0.592003293320854,1.21647853922544,-1.1
8.035,0.592594392583091,1.21739823889433,-1.1
8.04,0.593184895798881,1.21831740212141,-1.1
8.045,0.593774683758934,1.21923680376707,-1.1
8.05,0.594363339230735,1.22015668224989,-1.1
8.055,0.594950564191063,1.22107566666304,-1.1
8.06,0.595536597058494,1.22199238609968,-1.1
8.065,0.596121378228386,1.22290678095518,-1.1
8.07,0.596704728886802,1.22381849360166,-1.1
8.075,0.597286947056968,1.22472591471373,-1.1
8.08,0.59786773471566,1.22562910389601,-1.1
8.085,0.598446197793205,1.22653169703184,-1.1
8.09,0.59902078656884,1.22743733000456,-1.1
8.095,0.599591560647209,1.22834695648848,-1.1
8.1,0.600159771725853,1.22925849032103,-1.1
8.105,0.600725717827995,1.23017002415358,-1.1
8.11,0.60128957776757,1.23108030628858,-1.1
8.115,0.601850457474907,1.23198891949354,-1.1
8.12,0.602407343671043,1.2328986055821,-1.1
8.125,0.602959699914177,1.23381294083296,-1.1
8.13,0.603507406995018,1.23473353457151,-1.1
8.135,0.604052551076133,1.23565740656553,-1.1
8.14,0.604597277924736,1.23657984804808,-1.1
8.145,0.60514140872689,1.23749901127516,-1.1
8.15,0.60568410901757,1.23841501545607,-1.1
8.155,0.606224842354973,1.23932935070692,-1.1
8.16,0.60676289348336,1.24024404358564,-1.1
8.165,0.607298620030601,1.24115849804579,-1.1
8.17,0.607833631322105,1.24206937622724,-1.1
8.175,0.608368344590385,1.24297584366499,-1.1
8.18,0.60890174655648,1.24388183426557,-1.1
8.185,0.609432406708915,1.24479008984266,-1.1
8.19,0.609960146233757,1.24569882225691,-1.1
8.195,0.610486216828544,1.24660445522962,-1.1
8.2,0.611010797307213,1.24750758480726,-1.1
8.205,0.579341598956048,1.25653801805066,-1.1
8.21,0.579859980551659,1.25744591599988,-1.1
8.215,0.580377170054376,1.25835357553052,-1.1
8.22,0.580894061533868,1.25925837403821,-1.1
8.225,0.581409343687951,1.26016138440655,-1.1
8.23,0.581922420470178,1.26106391793774,-1.1
8.235,0.582431503741204,1.26196812039898,-1.1
8.24,0.582934984175622,1.26287697202252,-1.1
8.245,0.583433636633813,1.2637898767619,-1.1
8.25,0.583928653208672,1.26470540410565,-1.1
8.255,0.584420927969872,1.26562176591443,-1.1
8.26,0.584911593405663,1.26653610116528,-1.1
8.265,0.585401483981072,1.26744697934674,-1.1
8.27,0.585890182463586,1.2683544004588,-1.1
8.275,0.586376973597466,1.26925776845501,-1.1
8.28,0.58686304947561,1.27015505677746,-1.1
8.285,0.587348529307305,1.27104614621686,-1.1
8.29,0.587831863371789,1.27193365937756,-1.1
8.295,0.588312813250481,1.2728185499339,-1.1
8.3,0.588791259734094,1.27370069867657,-1.1
8.305,0.589266487566888,1.27458165532635,-1.1
8.31,0.589737960307061,1.27546261197613,-1.1
8.315,0.590205797163903,1.27634380704449,-1.1
8.32,0.590670474974572,1.2772244060664,-1.1
8.325,0.591132351366937,1.27810345536755,-1.1
8.33,0.591591545550286,1.27898035890149,-1.1
8.335,0.592047580687463,1.27985595113324,-1.1
8.34,0.592499920336663,1.28073154336499,-1.1
8.345,0.592948802916467,1.2816076124339,-1.1
8.35,0.593395778147637,1.28248356229352,-1.1
8.355,0.593842395750939,1.28335736638592,-1.1
8.36,0.594289967028558,1.28422568685101,-1.1
8.365,0.594739684073388,1.28508530503796,-1.1
8.37,0.595190533606469,1.28593622094678,-1.1
8.375,0.595640191046655,1.28678213006543,-1.1
8.38,0.596087821928918,1.28762589341687,-1.1
8.385,0.596533843485772,1.2884675110011,-1.1
8.39,0.596979447810113,1.2893048370509,-1.1
8.395,0.597425350157678,1.29013691789197,-1.1
8.4,0.597869762389123,1.29096637612866,-1.1
8.405,0.563820124197746,1.29565254075401,-1.1
8.41,0.564255774546409,1.2964843831765,-1.1
8.415,0.564688623476768,1.29731586797111,-1.1
8.42,0.565119624663139,1.29814604146355,-1.1
8.425,0.565549850989127,1.29897406918877,-1.1
8.43,0.565979540873313,1.29979995114677,-1.1
8.435,0.566407084990287,1.30062607152336,-1.1
8.44,0.566831172037864,1.30145290715568,-1.1
8.445,0.567252100039268,1.3022775970208,-1.1
8.45,0.567670465040946,1.30309716088646,-1.1
8.455,0.568085015345359,1.30391279084557,-1.1
8.46,0.568493247557426,1.30473020894401,-1.1
8.465,0.568893373537803,1.30555334908836,-1.1
8.47,0.569286406565452,1.30638149602287,-1.1
8.475,0.569675446081901,1.3072116695153,-1.1
8.48,0.570061386156822,1.30804231984489,-1.1
8.485,0.57044392876699,1.30887249333733,-1.1
8.49,0.570824206400657,1.30969968659752,-1.1
8.495,0.571203113127494,1.31052199227684,-1.1
8.5,0.571580410528922,1.311339291166,-1.1
8.505,0.571956337023521,1.31215217931145,-1.1
8.51,0.572330356169486,1.31296113355034,-1.1
8.515,0.572701395083213,1.31376770360344,-1.1
8.52,0.573068142462516,1.31457343919151,-1.1
8.525,0.573428988981986,1.31538024766319,-1.1
8.53,0.573783040571952,1.31618955952995,-1.1
8.535,0.574130595255637,1.31700137479179,-1.1
8.54,0.574472547102714,1.31781497819298,-1.1
8.545,0.57480937295034,1.31862893922203,-1.1
8.55,0.575142026472831,1.31944301946037,-1.1
8.555,0.575469494391227,1.32025853021019,-1.1
8.56,0.575790703821922,1.3210764251458,-1.1
8.565,0.576107502508903,1.32189491612785,-1.1
8.57,0.576421738196159,1.32271281106346,-1.1
8.575,0.57673317246511,1.32352951390617,-1.1
8.58,0.577042043734336,1.32434275967949,-1.1
8.585,0.577349126864219,1.32515207154625,-1.1
8.59,0.57765144162252,1.32596162183159,-1.1
8.595,0.577946126986289,1.32677558286064,-1.1
8.6,0.578235447932029,1.3275918088662,-1.1
8.605,0.545339301501737,1.32759135617773,-1.1
8.61,0.545626953517424,1.32840507878821,-1.1
8.615,0.545913592254148,1.32921701325934,-1.1
8.62,0.546200409804808,1.3300240601496,-1.1
8.625,0.546489313518034,1.33082407369177,-1.1
8.63,0.546777740394102,1.3316200341181,-1.1
8.635,0.547062054549681,1.33241599454443,-1.1
8.64,0.54734225598477,1.33321171655218,-1.1
8.645,0.547619357978331,1.33400565042059,-1.1
8.65,0.547892108832823,1.33479839219611,-1.1
8.655,0.548158780013548,1.33559208764593,-1.1
8.66,0.548418060218321,1.33638804807226,-1.1
8.665,0.548670009051786,1.33718675031225,-1.1
8.67,0.548916653071867,1.33798735990088,-1.1
8.675,0.549159899627195,1.33878832711737,-1.1
8.68,0.54940135804318,1.33958738698523,-1.1
8.685,0.549642399226652,1.34038167848151,-1.1
8.69,0.549882188712583,1.34117036714117,-1.1
8.695,0.550117805873381,1.34195583715002,-1.1
8.7,0.550346151267515,1.34274178399603,-1.1
8.705,0.55056650963925,1.34353059186499,-1.1
8.71,0.550780430709349,1.34432190312903,-1.1
8.715,0.550990179454313,1.34511464490454,-1.1
8.72,0.551197186385618,1.34590726747076,-1.1
8.725,0.551401332293974,1.34669881715338,-1.1
8.73,0.551602319156156,1.34748762502234,-1.1
8.735,0.551800146972166,1.34827309503119,-1.1
8.74,0.551993862067686,1.34905665769141,-1.1
8.745,0.552182033931242,1.34984033956091,-1.1
8.75,0.552365854655729,1.35062497510474,-1.1
8.755,0.552546993171202,1.35141008748572,-1.1
8.76,0.55272521105908,1.35219484223883,-1.1
8.765,0.552901521598326,1.35297828568976,-1.1
8.77,0.553076401626097,1.35375946416418,-1.1
8.775,0.553248599444853,1.35453861608069,-1.1
8.78,0.553419247542845,1.3553141917185,-1.1
8.785,0.553589538012968,1.35608487977545,-1.1
8.79,0.553757325088011,1.35685306443732,-1.1
8.795,0.553918913279997,1.3576222027735,-1.1
8.8,0.554072514449583,1.3583945597605,-1.1
8.805,0.523056699325915,1.35433001438906,-1.1
8.81,0.523194624473925,1.3551098815613,-1.1
8.815,0.523326469948168,1.35589129845431,-1.1
8.82,0.523453785469409,1.35667271534731,-1.1
8.825,0.52357537894475,1.35745508591464,-1.1
8.83,0.523689402630206,1.35824091355135,-1.1
8.835,0.523794724037524,1.35903067509463,-1.1
8.84,0.523892177631732,1.3598238937073,-1.1
8.845,0.523983491947527,1.3606190196686,-1.1
8.85,0.524068845798846,1.36141545693209,-1.1
8.855,0.52414877562749,1.36221189419558,-1.1
8.86,0.52422417550313,1.36300690094759,-1.1
8.865,0.524294807007189,1.36380155007174,-1.1
8.87,0.524359120418902,1.36459762970736,-1.1
8.875,0.524417413761492,1.36539525906374,-1.1
8.88,0.524473203709002,1.36619229237368,-1.1
8.885,0.52452809958684,1.36698706070712,-1.1
8.89,0.524581624557849,1.36777920643618,-1.1
8.895,0.524633838226672,1.36856801430514,-1.1
8.9,0.524684144546862,1.3693533651047,-1.1
8.905,0.524731470634814,1.37013645092776,-1.1
8.91,0.524775160839434,1.3709185830765,-1.1
8.915,0.524815513183947,1.37170035759737,-1.1
8.92,0.524853481342669,1.37248129765322,-1.1
8.925,0.524890197803851,1.37326080719759,-1.1
8.93,0.524925722172137,1.3740387670212,-1.1
8.935,0.52495945840108,1.37481481949618,-1.1
8.94,0.524992598583575,1.37558717648318,-1.1
8.945,0.525025261928912,1.37635452668002,-1.1
8.95,0.52505482583272,1.37711865822604,-1.1
8.955,0.525077177574511,1.37788350502779,-1.1
8.96,0.52508814482915,1.37865252415469,-1.1
8.965,0.525087608387347,1.37942631165316,-1.1
8.97,0.525078012039538,1.38020450989535,-1.1
8.975,0.525059653808947,1.38098664204409,-1.1
8.98,0.525033010532733,1.38177199284365,-1.1
8.985,0.52500052600133,1.38255853573611,-1.1
8.99,0.524962915470477,1.38334507862856,-1.1
8.995,0.524919761707659,1.3841318599396,-1.1
9,0.524871005108233,1.38491911808779,-1.1
9.005,0.496000803440071,1.3775095345701,-1.1
9.01,0.495940245120979,1.37830024978769,-1.1
9.015,0.495874262779213,1.37909275314463,-1.1
9.02,0.495804465740181,1.37988632938517,-1.1
9.025,0.495732284515358,1.38068038246286,-1.1
9.03,0.495657897918678,1.38147455474985,-1.1
9.035,0.495581723182655,1.38226813099039,-1.1
9.04,0.495504177539802,1.3830597998823,-1.1
9.045,0.495425201385475,1.38384896537912,-1.1
9.05,0.495344019859291,1.38463622352732,-1.1
9.055,0.495259083240486,1.38542264721048,-1.1
9.06,0.495169974296547,1.38620871326578,-1.1
9.065,0.495078004329658,1.38699477932108,-1.1
9.07,0.494983530967689,1.38778001091135,-1.1
9.075,0.494886792629219,1.38856309673441,-1.1
9.08,0.494787908523536,1.38934344074381,-1.1
9.085,0.494683421581245,1.39012283107889,-1.1
9.09,0.494569815128303,1.39090389034403,-1.1
9.095,0.494447387187934,1.39168649932993,-1.1
9.1,0.494318343131996,1.39247030040873,-1.1
9.105,0.494183338611579,1.393255531999,-1.1
9.11,0.494041658370948,1.39404290935648,-1.1
9.115,0.493893838851905,1.39483124038828,-1.1
9.12,0.49374148937986,1.39561873695505,-1.1
9.125,0.493585086791969,1.39640516063822,-1.1
9.13,0.493422723739601,1.39719170353067,-1.1
9.135,0.493253863780952,1.39797908088816,-1.1
9.14,0.49308071228788,1.39876717350138,-1.1
9.145,0.492904342143989,1.39955550453318,-1.1
9.15,0.492724812953926,1.40034395477426,-1.1
9.155,0.492542959182716,1.40113168975962,-1.1
9.16,0.49235866162107,1.40191799423349,-1.1
9.165,0.492170966594673,1.40270346424234,-1.1
9.17,0.491979635684944,1.40348857662332,-1.1
9.175,0.491784966915107,1.40427356979502,-1.1
9.18,0.491587973564125,1.40505844375742,-1.1
9.185,0.491389549701667,1.40584307930124,-1.1
9.19,0.491189456909156,1.40662723800791,-1.1
9.195,0.490987337558723,1.40741068145883,-1.1
9.2,0.490783072441078,1.40819293281687,-1.1
9.205,0.464295364088198,1.39804545986754,-1.1
9.21,0.464084482854983,1.39882651913267,-1.1
9.215,0.463869488901278,1.39960805523497,-1.1
9.22,0.463650680250308,1.40039102184874,-1.1
9.225,0.463428950971743,1.40117565739256,-1.1
9.23,0.463205254739901,1.40196053135496,-1.1
9.235,0.462980366415163,1.40274433243376,-1.1
9.24,0.462752915090701,1.40352717983824,-1.1
9.245,0.462519264883181,1.40431014645201,-1.1
9.25,0.462278819746157,1.40509335148436,-1.1
9.255,0.462034142679354,1.40587619888884,-1.1
9.26,0.46178582972922,1.40665916550261,-1.1
9.265,0.461533284849307,1.4074429665814,-1.1
9.27,0.461276567644259,1.40822760212523,-1.1
9.275,0.461016512579104,1.40901128399473,-1.1
9.28,0.460753775304934,1.40979246246916,-1.1
9.285,0.46048686570563,1.41057125675779,-1.1
9.29,0.460211492246767,1.41135005104643,-1.1
9.295,0.459924436277529,1.41213099110228,-1.1
9.3,0.459626591867587,1.41291467297178,-1.1
9.305,0.459320700830599,1.41370097744566,-1.1
9.31,0.459007776445528,1.41448930847746,-1.1
9.315,0.458688593572756,1.41527883160215,-1.1
9.32,0.458364523119112,1.41606787788969,-1.1
9.325,0.458036161131045,1.41685632813078,-1.1
9.33,0.457703328794619,1.41764465916258,-1.1
9.335,0.457366681760928,1.41843251335722,-1.1
9.34,0.45702896184363,1.41921941387755,-1.1
9.345,0.456691480344912,1.42000547993284,-1.1
9.35,0.456351912683627,1.42079130756956,-1.1
9.355,0.456009364790102,1.42157641995054,-1.1
9.36,0.455665445989748,1.42235998261076,-1.1
9.365,0.455319202608248,1.42314259159666,-1.1
9.37,0.454968667692324,1.42392508137327,-1.1
9.375,0.454614735311648,1.42470697510344,-1.1
9.38,0.454258776373049,1.42548851120573,-1.1
9.385,0.453899121946475,1.42627052414518,-1.1
9.39,0.453533566660067,1.42705337154966,-1.1
9.395,0.453163481420657,1.42783633816343,-1.1
9.4,0.452789760297915,1.42861894714933,-1.1
9.405,0.428747211071242,1.41631590464816,-1.1
9.41,0.428361926647413,1.41710054019199,-1.1
9.415,0.427972469898451,1.417886487038,-1.1
9.42,0.42758128461479,1.41867314913974,-1.1
9.425,0.427190754982222,1.41946052649722,-1.1
9.43,0.426801357837904,1.42024766543613,-1.1
9.435,0.426413033577193,1.42103277781711,-1.1
9.44,0.426026139827955,1.42181502917514,-1.1
9.445,0.425637457939375,1.42259537318454,-1.1
9.45,0.425242159935225,1.42337524035678,-1.1
9.455,0.424840961071242,1.42415546515689,-1.1
9.46,0.424436543556441,1.424935689957,-1.1
9.465,0.424028609367598,1.42571615317569,-1.1
9.47,0.423617218109358,1.42649721244083,-1.1
9.475,0.423202548595656,1.42727743724094,-1.1
9.48,0.422785196872938,1.42805563548313,-1.1
9.485,0.422365401359785,1.42883144953952,-1.1
9.49,0.421940181823958,1.42960559466586,-1.1
9.495,0.42150697526573,1.4303798590015,-1.1
9.5,0.421066079708327,1.43115519622074,-1.1
9.505,0.420618270012129,1.43193160632358,-1.1
9.51,0.420164917083967,1.432708254845,-1.1
9.515,0.419707034202803,1.43348466494785,-1.1
9.52,0.419243488880385,1.43426119425998,-1.1
9.525,0.418773983093489,1.43503855803714,-1.1
9.53,0.418301795097578,1.43581651786075,-1.1
9.535,0.417832348915327,1.43659376242862,-1.1
9.54,0.417370114895094,1.43736850360141,-1.1
9.545,0.416915867897261,1.43813931086765,-1.1
9.55,0.416465972038496,1.43890642264591,-1.1
9.555,0.416014586063612,1.43967126944766,-1.1
9.56,0.415557954879988,1.44043480494724,-1.1
9.565,0.415096078487623,1.44119822123752,-1.1
9.57,0.414630208584059,1.44196211436496,-1.1
9.575,0.414159868332136,1.44272696116672,-1.1
9.58,0.413685176941145,1.4434926424335,-1.1
9.585,0.413206670852888,1.44425832370029,-1.1
9.59,0.412724111648787,1.44502317050205,-1.1
9.595,0.412237558933485,1.44578706362949,-1.1
9.6,0.41174671468376,1.44655107596622,-1.1
9.605,0.390204784164168,1.43258507258287,-1.1
9.61,0.3897081582639,1.43335063464036,-1.1
9.615,0.389213201293685,1.43411548144212,-1.1
9.62,0.388720270881392,1.43487961298814,-1.1
9.625,0.388226029166915,1.43564338690629,-1.1
9.63,0.387728389987685,1.43640668398729,-1.1
9.635,0.387228605041243,1.43716902739397,-1.1
9.64,0.386726972350814,1.43793017870775,-1.1
9.645,0.386221465358474,1.43869013792863,-1.1
9.65,0.385710236320235,1.43944902426591,-1.1
9.655,0.385191735515334,1.44020791060319,-1.1
9.66,0.384664055595137,1.44096810824266,-1.1
9.665,0.384128329047896,1.44172914034715,-1.1
9.67,0.383590337524154,1.44248993403306,-1.1
9.675,0.383054134139754,1.44324977404466,-1.1
9.68,0.382518705615737,1.44400782591691,-1.1
9.685,0.381983575114943,1.44476313597551,-1.1
9.69,0.381448861846663,1.44551582342973,-1.1
9.695,0.380911943206527,1.44626648432603,-1.1
9.7,0.380370196590163,1.44701595312944,-1.1
9.705,0.379824754485824,1.44776494509569,-1.1
9.71,0.379276451358535,1.44851346022478,-1.1
9.715,0.378724691161849,1.44926245219102,-1.1
9.72,0.378170487174727,1.45001144415727,-1.1
9.725,0.377616402396895,1.45075900561204,-1.1
9.73,0.377065595874526,1.45150465971818,-1.1
9.735,0.376517709979751,1.45224769121995,-1.1
9.74,0.375970122108199,1.45298810011735,-1.1
9.745,0.375421759376265,1.45372612482896,-1.1
9.75,0.37486999917958,1.45446248061052,-1.1
9.755,0.374310907611586,1.45519895560136,-1.1
9.76,0.373743471393325,1.45593626505723,-1.1
9.765,0.373170015105941,1.45667440897813,-1.1
9.77,0.372594532260634,1.45741279131761,-1.1
9.775,0.372019287833907,1.45815010077348,-1.1
9.78,0.371444818267562,1.45888586050859,-1.1
9.785,0.370870527515151,1.45961995131364,-1.1
9.79,0.370294448623397,1.46035213477006,-1.1
9.795,0.369716104755141,1.46108288771501,-1.1
9.8,0.369134959468581,1.46181304461351,-1.1
9.805,0.350099387350657,1.44666024963125,-1.1
9.81,0.349507692041971,1.44739040652975,-1.1
9.815,0.348911943617441,1.44812080184683,-1.1
9.82,0.34831255930958,1.44885107795461,-1.1
9.825,0.347711208048441,1.44958087722524,-1.1
9.83,0.347109320345499,1.45030960361227,-1.1
9.835,0.346505286875345,1.45103749553426,-1.1
9.84,0.345897081080057,1.45176526824697,-1.1
9.845,0.345285000982859,1.45249268333181,-1.1
9.85,0.344672026815989,1.45321866790518,-1.1
9.855,0.344061138811686,1.45394310275778,-1.1
9.86,0.343450846853831,1.45466598788961,-1.1
9.865,0.342838826361277,1.45538744250997,-1.1
9.87,0.34222638863621,1.45610734740957,-1.1
9.875,0.341615441027262,1.45682522575124,-1.1
9.88,0.341005447092631,1.45754119674429,-1.1
9.885,0.340394797506907,1.45825549880727,-1.1
9.89,0.339782061758616,1.4589682511495,-1.1
9.895,0.339167597475626,1.45967945377096,-1.1
9.9,0.338552060309031,1.4603886298345,-1.1
9.905,0.337935509863474,1.4610958985494,-1.1
9.91,0.337316932859995,1.46180137912496,-1.1
9.915,0.336694362345316,1.46250507156118,-1.1
9.92,0.336068036738016,1.46320709506735,-1.1
9.925,0.335438373270609,1.46390780727132,-1.1
9.93,0.334804477873423,1.46460780421957,-1.1
9.935,0.334166827383616,1.4653067282842,-1.1
9.94,0.333528342428782,1.46600469867452,-1.1
9.945,0.332890572729685,1.46670183459982,-1.1
9.95,0.332252683821299,1.46739754001363,-1.1
9.955,0.331615927401163,1.4680915764974,-1.1
9.96,0.330981376352884,1.4687840632604,-1.1
9.965,0.330346944513895,1.46947500030264,-1.1
9.97,0.329711857023813,1.47016438762411,-1.1
9.975,0.329077067556956,1.47085222522482,-1.1
9.98,0.328441264811136,1.47153875152334,-1.1
9.985,0.327802332821467,1.47222408572897,-1.1
9.99,0.327160331192591,1.47290846626028,-1.1
9.995,0.326516064587214,1.47359129707082,-1.1
10,0.325869771423914,1.47427198211416,-1.1
10.005,0.310779174705132,1.46005155161073,-1.1
10.01,0.310123791833504,1.46072854116609,-1.1
10.015,0.30945934905587,1.46140433862855,-1.1
10.02,0.308787396092995,1.46207989767243,-1.1
10.025,0.308110525746926,1.46275593355348,-1.1
10.03,0.307431211610421,1.46343208864381,-1.1
10.035,0.306751778264626,1.46410669401338,-1.1
10.04,0.306072195907219,1.46477986887147,-1.1
10.045,0.305389394898995,1.46545173242738,-1.1
10.05,0.30470209374009,1.46612192705323,-1.1
10.055,0.304016431708916,1.46679033353974,-1.1
10.06,0.303336700339898,1.46745695188691,-1.1
10.065,0.302659412761315,1.46812190130402,-1.1
10.07,0.301980217834099,1.46878470495393,-1.1
10.075,0.301298221488579,1.46944548204591,-1.1
10.08,0.300613930364235,1.47010411337068,-1.1
10.085,0.299927523275002,1.47076071813752,-1.1
10.09,0.29924001349984,1.47141625002076,-1.1
10.095,0.298552295108422,1.47207047060182,-1.1
10.1,0.297865262170418,1.47272337988069,-1.1
10.105,0.29718067302285,1.47337485864808,-1.1
10.11,0.296498348851784,1.47402395322968,-1.1
10.115,0.295817008157357,1.47467030599763,-1.1
10.12,0.295135399242028,1.47531355932404,-1.1
10.125,0.294450869699105,1.47595335558106,-1.1
10.13,0.293760886331185,1.47658969476869,-1.1
10.135,0.293062528510674,1.47722305372407,-1.1
10.14,0.292352458377465,1.47785438612153,-1.1
10.145,0.291629871268853,1.47848428800752,-1.1
10.15,0.290898075242623,1.47911275938203,-1.1
10.155,0.290161689658745,1.47973991945435,-1.1
10.16,0.289422830482109,1.4803657682245,-1.1
10.165,0.288681348701104,1.48099006727387,-1.1
10.17,0.287938853641137,1.48161245897462,-1.1
10.175,0.287197878499611,1.48223318174531,-1.1
10.18,0.28645845307885,1.48285318926026,-1.1
10.185,0.285719742913826,1.48347260072877,-1.1
10.19,0.284983685155495,1.48409141615083,-1.1
10.195,0.284253438850029,1.48470951631715,-1.1
10.2,0.283528616567238,1.48532558992555,-1.1
10.205,0.274495736153895,1.47612361530733,-1.1
10.21,0.273773417266184,1.47673480133486,-1.1
10.215,0.273047879727656,1.47734384159517,-1.1
10.22,0.272318795712763,1.47795168976259,-1.1
10.225,0.271587595732981,1.47855929951143,-1.1
10.23,0.270855978520685,1.47916643242311,-1.1
10.235,0.270125285180384,1.47977189640474,-1.1
10.24,0.269394711049372,1.48037461857271,-1.1
10.245,0.268660679848963,1.48097400288057,-1.1
10.25,0.26791985371905,1.4815702877469,-1.1
10.255,0.267173126729304,1.48216395000887,-1.1
10.26,0.266423538716608,1.48275558571291,-1.1
10.265,0.265671953948313,1.48334614853334,-1.1
10.27,0.264916554482752,1.4839352808423,-1.1
10.275,0.264156416447932,1.48452226738405,-1.1
10.28,0.263394043238932,1.48510675053072,-1.1
10.285,0.262631103785807,1.48568884949159,-1.1
10.29,0.261866853030497,1.48626939873171,-1.1
10.295,0.261102244647318,1.48684887508821,-1.1
10.3,0.260340646298701,1.4874273977704,-1.1
10.305,0.259584740193659,1.48800520519686,-1.1
10.31,0.258833304436976,1.48858122448396,-1.1
10.315,0.258083328994089,1.48915497879457,-1.1
10.32,0.257333770783716,1.48972611050081,-1.1
10.325,0.25658391455012,1.49029473881197,-1.1
10.33,0.255833700688654,1.49086193661165,-1.1
10.335,0.255083635838801,1.49142746548128,-1.1
10.34,0.254333958419138,1.49199156383943,-1.1
10.345,0.253584638627344,1.49255387405824,-1.1
10.35,0.252833649905497,1.4931134424634,-1.1
10.355,0.252079859765345,1.4936701498456,-1.1
10.36,0.251322999985987,1.49422411541414,-1.1
10.365,0.250562504323298,1.4947755775876,-1.1
10.37,0.249798968823725,1.49532525162172,-1.1
10.375,0.249032959731394,1.49587325672579,-1.1
10.38,0.248264357837015,1.4964195928998,-1.1
10.385,0.247493401559168,1.49696426014375,-1.1
10.39,0.246720657141978,1.49750702003908,-1.1
10.395,0.24594719746905,1.49804703812074,-1.1
10.4,0.245174035819346,1.49858407597017,-1.1
10.405,0.241394272388836,1.49530227286025,-1.1
10.41,0.240613421739956,1.49583311182662,-1.1
10.415,0.239823719801327,1.4963615666072,-1.1
10.42,0.23902680570068,1.49688835245772,-1.1
10.425,0.238226225914379,1.49741430384322,-1.1
10.43,0.237425079883953,1.49793989760085,-1.1
10.435,0.236624798120877,1.49846429926558,-1.1
10.44,0.23582701975288,1.49898715120955,-1.1
10.445,0.235032638849636,1.49950845343276,-1.1
10.45,0.234240820946118,1.50002772909804,-1.1
10.455,0.233451297821423,1.50054521662398,-1.1
10.46,0.232664427103421,1.50106151205703,-1.1
10.465,0.231878927292248,1.50157661539718,-1.1
10.47,0.231093814911267,1.50209052664443,-1.1
10.475,0.23031001383247,1.50260264975234,-1.1
10.48,0.229527732672116,1.50311226946517,-1.1
10.485,0.228745898546597,1.50361914736434,-1.1
10.49,0.227961799444577,1.50412292582198,-1.1
10.495,0.227172902168652,1.50462455851241,-1.1
10.5,0.226379802765271,1.50512476069137,-1.1
10.505,0.22558521324577,1.50562460524245,-1.1
10.51,0.224793246330639,1.5061249266307,-1.1
10.515,0.224006316007992,1.50662512880965,-1.1
10.52,0.223226240219494,1.50712497336074,-1.1
10.525,0.222454360069653,1.50762338740035,-1.1
10.53,0.221689692081829,1.50811965567275,-1.1
10.535,0.220930537523648,1.50861413580581,-1.1
10.54,0.22017367774429,1.50910682779952,-1.1
10.545,0.219416579546353,1.50959773165389,-1.1
10.55,0.21865954095306,1.51008732420608,-1.1
10.555,0.217901995720288,1.51057548624679,-1.1
10.56,0.217142364324948,1.51106233698531,-1.1
10.565,0.216381481232067,1.51154823404952,-1.1
10.57,0.215622445883175,1.51203341585799,-1.1
10.575,0.214869221987149,1.51251788241073,-1.1
10.58,0.214123806299588,1.51300163370772,-1.1
10.585,0.213384500088116,1.51348431212111,-1.1
10.59,0.212648084701916,1.51396508318587,-1.1
10.595,0.211912772001644,1.51444370848342,-1.1
10.6,0.211178144754788,1.51492006880446,-1.1
10.605,0.212386374787818,1.51787925791978,-1.1
10.61,0.211648558692465,1.51835144591569,-1.1
10.615,0.210907374934684,1.51882172656296,-1.1
10.62,0.21016318114234,1.51928998065232,-1.1
10.625,0.209418242291938,1.51975608897446,-1.1
10.63,0.208672439174185,1.52021945548295,-1.1
10.635,0.207923745231162,1.52067960334061,-1.1
10.64,0.207170253114234,1.52113665175675,-1.1
10.645,0.206410681323538,1.52159071994065,-1.1
10.65,0.205645238475333,1.52204216552018,-1.1
10.655,0.204874908046256,1.52249182296036,-1.1
10.66,0.204099630431662,1.52293957305192,-1.1
10.665,0.20331949503852,1.52338505816697,-1.1
10.67,0.202536319808493,1.52382815909623,-1.1
10.675,0.201750879601966,1.52426839900254,-1.1
10.68,0.200961982326041,1.52470613551377,-1.1
10.685,0.200168316678534,1.5251416070485,-1.1
10.69,0.199369852857123,1.52557505202531,-1.1
10.695,0.198568945245276,1.52600694728135,-1.1
10.7,0.19776705415679,1.52643729281663,-1.1
10.705,0.196962957696448,1.52686620784043,-1.1
10.71,0.196155851201544,1.52729357314347,-1.1
10.715,0.195347403602133,1.5277187926793,-1.1
10.72,0.194540416316519,1.5281419856572,-1.1
10.725,0.193734829740058,1.52856374812363,-1.1
10.73,0.192927007989417,1.52898360324143,-1.1
10.735,0.192115937785636,1.52940143180131,-1.1
10.74,0.19130418212844,1.52981806826829,-1.1
10.745,0.190491860227118,1.53023351264237,-1.1
10.75,0.189678256825934,1.53064716887711,-1.1
10.755,0.188865011052619,1.5310591561818,-1.1
10.76,0.188052391128073,1.53146971297501,-1.1
10.765,0.187238638715277,1.53187907767533,-1.1
10.77,0.186424469069968,1.53228713107346,-1.1
10.775,0.185612862424384,1.53269446921586,-1.1
10.78,0.184805368499289,1.53310156893967,-1.1
10.785,0.184000258759986,1.53350783419846,-1.1
10.79,0.183197533206473,1.53391386103867,-1.1
10.795,0.182399397210608,1.53431953025101,-1.1
10.8,0.18160734088851,1.53472448420762,-1.1
10.805,0.189261763158876,1.54522180768342,-1.1
10.81,0.188483624521334,1.54562390061708,-1.1
10.815,0.187706379953462,1.5460240862021,-1.1
10.82,0.186926512781221,1.5464222452292,-1.1
10.825,0.186144142213899,1.54681861611695,-1.1
10.83,0.185362248483736,1.54721427174897,-1.1
10.835,0.184582142892916,1.54760945054383,-1.1
10.84,0.18380397445305,1.54800391408296,-1.1
10.845,0.183028220001299,1.54839742394776,-1.1
10.85,0.182254909339983,1.54878998013826,-1.1
10.855,0.181483088794786,1.54918182107301,-1.1
10.86,0.180712460342485,1.54957330437989,-1.1
10.865,0.179945259157259,1.54996431084962,-1.1
10.87,0.179183243576128,1.55035484048219,-1.1
10.875,0.178424476448137,1.55074501248689,-1.1
10.88,0.177664934459764,1.55113435002656,-1.1
10.885,0.176904468599398,1.5515229723105,-1.1
10.89,0.176146982971269,1.55191099854798,-1.1
10.895,0.175394027296144,1.55229902478547,-1.1
10.9,0.174643813434679,1.55268740865083,-1.1
10.905,0.173894910875398,1.5530756733069,-1.1
10.91,0.173149882618028,1.55346405717225,-1.1
10.915,0.172411768499452,1.55385196420045,-1.1
10.92,0.17167931682213,1.55423855992646,-1.1
10.925,0.170949428144533,1.55462348672242,-1.1
10.93,0.17021834737404,1.55500662537904,-1.1
10.935,0.169484226766664,1.55538869115205,-1.1
10.94,0.168748198810655,1.55576992246003,-1.1
10.945,0.168011902633745,1.55615031930299,-1.1
10.95,0.167275993887026,1.55652976247163,-1.1
10.955,0.166538773838121,1.55690765591951,-1.1
10.96,0.165798305336077,1.55728328439088,-1.1
10.965,0.165054826799471,1.55765652867646,-1.1
10.97,0.164308189216692,1.55802750798555,-1.1
10.975,0.16355702168091,1.55839729520173,-1.1
10.98,0.162800757948,1.55876600953431,-1.1
10.985,0.162040709320146,1.55913412782045,-1.1
10.99,0.161279617611009,1.55950212689729,-1.1
10.995,0.160518466297228,1.55986905309053,-1.1
11,0.15975823885544,1.56023454877229,-1.1
11.005,0.171759639846836,1.5740318763802,-1.1
11.01,0.171001826393161,1.57439594155049,-1.1
11.015,0.170245443450962,1.57475929146504,-1.1
11.02,0.169494067298923,1.57512192612385,-1.1
11.025,0.168747727739368,1.57548289185261,-1.1
11.03,0.168001775610004,1.57584171181416,-1.1
11.035,0.167252187597309,1.57619862442707,-1.1
11.04,0.166497741806064,1.57655398731922,-1.1
11.045,0.165740584003483,1.57690875416493,-1.1
11.05,0.164983366596256,1.57726423626637,-1.1
11.055,0.164226477014576,1.57762031441426,-1.1
11.06,0.163469915258442,1.57797627335285,-1.1
11.065,0.162715052234684,1.57833175545429,-1.1
11.07,0.1619616197224,1.57868687992787,-1.1
11.075,0.16120809780315,1.57904140835499,-1.1
11.08,0.160455857383762,1.57939534073567,-1.1
11.085,0.15970743166164,1.57974915390705,-1.1
11.09,0.158961121904407,1.58010272865986,-1.1
11.095,0.158212874996219,1.5804559457848,-1.1
11.1,0.157461439239536,1.58080868607258,-1.1
11.105,0.156707380878483,1.5811609495232,-1.1
11.11,0.155951742994343,1.58151273613667,-1.1
11.115,0.1551955686684,1.58186416512226,-1.1
11.12,0.154438887702976,1.58221547489857,-1.1
11.125,0.153681163656269,1.58256714230274,-1.1
11.13,0.152922396528278,1.58291940575337,-1.1
11.135,0.15216491090015,1.58327250366902,-1.1
11.14,0.151412074434314,1.58362595921253,-1.1
11.145,0.150665317642246,1.58397917633747,-1.1
11.15,0.149923925268207,1.58433155899739,-1.1
11.155,0.149185125696216,1.58468298798298,-1.1
11.16,0.14844638572887,1.58503322487568,-1.1
11.165,0.147706841098819,1.58538274651264,-1.1
11.17,0.14696619378284,1.5857323873589,-1.1
11.175,0.146224086153064,1.58608226662373,-1.1
11.18,0.145481293069874,1.58643262272572,-1.1
11.185,0.144739721881901,1.58678345566487,-1.1
11.19,0.144000534879719,1.5871344078133,-1.1
11.195,0.143264983760868,1.58748500233387,-1.1
11.2,0.14253470765308,1.58783440476155,-1.1
11.205,0.159046956097584,1.60354128683228,-1.1
11.21,0.158323147093754,1.60388890112061,-1.1
11.215,0.157597490345936,1.60423675382752,-1.1
11.22,0.156870760714512,1.60458436811585,-1.1
11.225,0.156146951710682,1.60493150556702,-1.1
11.23,0.155426748787861,1.60527804697175,-1.1
11.235,0.15470654586504,1.60562434995789,-1.1
11.24,0.153985329663258,1.60597101057191,-1.1
11.245,0.153266497647266,1.60631802881379,-1.1
11.25,0.152553566491108,1.60666576231141,-1.1
11.255,0.151846238171558,1.6070138534369,-1.1
11.26,0.151141323840122,1.60736230219025,-1.1
11.265,0.150436737334232,1.60771146619935,-1.1
11.27,0.149732150828342,1.60806134546418,-1.1
11.275,0.14902953127573,1.60841193998475,-1.1
11.28,0.148331769501667,1.60876360738892,-1.1
11.285,0.147638895308475,1.60911622846741,-1.1
11.29,0.146949239766102,1.60947028005738,-1.1
11.295,0.146263041293125,1.60982564294953,-1.1
11.3,0.145581998621922,1.61018184030671,-1.1
11.305,0.144908138310413,1.61053803766389,-1.1
11.31,0.144240864312153,1.61089375818391,-1.1
11.315,0.143576570546131,1.61124912107606,-1.1
11.32,0.142911323105793,1.61160472238679,-1.1
11.325,0.142243840491276,1.61196103895325,-1.1
11.33,0.141575612818699,1.61231842840333,-1.1
11.335,0.14090798119257,1.6126770099463,-1.1
11.34,0.140241035019855,1.61303654516358,-1.1
11.345,0.139574893509846,1.6133967956366,-1.1
11.35,0.138909824883442,1.61375728452821,-1.1
11.355,0.138246335780125,1.61411765421052,-1.1
11.36,0.137584843432407,1.61447754705567,-1.1
11.365,0.136924185549717,1.61483672464509,-1.1
11.37,0.13626182893465,1.61519578302522,-1.1
11.375,0.135594733750324,1.61555591428895,-1.1
11.38,0.134921469485264,1.61591771448273,-1.1
11.385,0.134245135580997,1.61628118360657,-1.1
11.39,0.133570619618397,1.61664524877686,-1.1
11.395,0.132899381911259,1.61700955236573,-1.1
11.4,0.132229693924885,1.61737361753602,-1.1
11.405,0.154713905549846,1.63442687762761,-1.1
11.41,0.154043710923992,1.63479296935582,-1.1
11.415,0.153376436925731,1.63516025317692,-1.1
11.42,0.152716583705745,1.63552825225377,-1.1
11.425,0.152065700984798,1.63589577449345,-1.1
11.43,0.151420450902782,1.63626222384953,-1.1
11.435,0.150777972436748,1.63662819636845,-1.1
11.44,0.150136686063609,1.63699440730595,-1.1
11.445,0.149497068620525,1.63736169112706,-1.1
11.45,0.148861087060771,1.63773076308751,-1.1
11.455,0.148229069209896,1.63810186160588,-1.1
11.46,0.147600061393581,1.63847546351933,-1.1
11.465,0.146974033809505,1.63885061515355,-1.1
11.47,0.146352297759853,1.63922683967137,-1.1
11.475,0.145736492372356,1.63960318339848,-1.1
11.48,0.145126051402889,1.63997928870701,-1.1
11.485,0.144519305921398,1.64035599006199,-1.1
11.49,0.143913365102611,1.64073412192845,-1.1
11.495,0.143305487132869,1.64111439956212,-1.1
11.5,0.142696119047008,1.64149670375371,-1.1
11.505,0.142086452937923,1.64188115371251,-1.1
11.51,0.1414760715731,1.64226691497349,-1.1
11.515,0.14086446831306,1.64265386832738,-1.1
11.52,0.140252209401927,1.64304225219273,-1.1
11.525,0.139638490176998,1.64343266261601,-1.1
11.53,0.139023668266139,1.64382557643437,-1.1
11.535,0.138410694099269,1.64422051681065,-1.1
11.54,0.137801326013408,1.64461688769841,-1.1
11.545,0.137195176578365,1.64501409305119,-1.1
11.55,0.136590666271053,1.64541272891545,-1.1
11.555,0.135986543393932,1.64581267608189,-1.1
11.56,0.135384059644542,1.64621405375981,-1.1
11.565,0.134786254859767,1.64661698115849,-1.1
11.57,0.134193605876766,1.64702062381291,-1.1
11.575,0.133605457044444,1.64742474330449,-1.1
11.58,0.133021033502422,1.64782945884251,-1.1
11.585,0.132437086797557,1.64823512805485,-1.1
11.59,0.131852424836955,1.64864246619725,-1.1
11.595,0.131269849038921,1.64905183089757,-1.1
11.6,0.130692071414791,1.64946250690007,-1.1
11.605,0.158301534012236,1.66537969248681,-1.1
11.61,0.157737107828536,1.66579036848931,-1.1
11.615,0.157176436737456,1.66620092528253,-1.1
11.62,0.156615199402251,1.66661172049432,-1.1
11.625,0.156052740171828,1.6670226349154,-1.1
11.63,0.155490131929793,1.66743426459222,-1.1
11.635,0.15492716605989,1.66784780161767,-1.1
11.64,0.154363484934249,1.66826443808465,-1.1
11.645,0.153801055506148,1.66868345873742,-1.1
11.65,0.153241814926543,1.66910390990167,-1.1
11.655,0.152685196951308,1.66952531474023,-1.1
11.66,0.152127774313369,1.66994803088098,-1.1
11.665,0.151567013815322,1.67037348883538,-1.1
11.67,0.151003273085036,1.67080216544061,-1.1
11.675,0.150439204529204,1.67123429911523,-1.1
11.68,0.149877907589354,1.6716692938128,-1.1
11.685,0.149319710091033,1.67210667269616,-1.1
11.69,0.148763330534377,1.67254572050958,-1.1
11.695,0.148206801966109,1.67298596041589,-1.1
11.7,0.147648336246886,1.67342775004296,-1.1
11.705,0.147086532667556,1.67387299673944,-1.1
11.71,0.146521182611861,1.67432372706323,-1.1
11.715,0.145955266312041,1.6747792257586,-1.1
11.72,0.145395370081343,1.67523758547692,-1.1
11.725,0.144845249012389,1.67569677966027,-1.1
11.73,0.14430168445436,1.67615633147149,-1.1
11.735,0.143761576965728,1.676616002492,-1.1
11.74,0.143224881843009,1.67707567351251,-1.1
11.745,0.142691032842078,1.67753605978875,-1.1
11.75,0.142158197120108,1.67799847262292,-1.1
11.755,0.141624810055175,1.6784641041079,-1.1
11.76,0.14109029050199,1.67893366949944,-1.1
11.765,0.140554370239653,1.67940693037896,-1.1
11.77,0.140018300965705,1.67988269465356,-1.1
11.775,0.13948427315084,1.68035941260247,-1.1
11.78,0.138953195765891,1.68083768027215,-1.1
11.785,0.138424055531897,1.68131821291833,-1.1
11.79,0.137897403791823,1.68180053370385,-1.1
11.795,0.137377085045256,1.6822836889544,-1.1
11.8,0.136863397315421,1.68276732104211,-1.1
11.805,0.16677479709843,1.69516585884364,-1.1
11.81,0.166265430705341,1.69565139827998,-1.1
11.815,0.165757569329532,1.69613765297206,-1.1
11.82,0.16524966325024,1.69662533817561,-1.1
11.825,0.164740714089664,1.69711552677424,-1.1
11.83,0.164231079475673,1.69760786114009,-1.1
11.835,0.163722338931354,1.69810234127315,-1.1
11.84,0.16321578885773,1.69859920559199,-1.1
11.845,0.1627101626561,1.69909905014308,-1.1
11.85,0.162205624239238,1.69960187492641,-1.1
11.855,0.161704527990611,1.70010672626765,-1.1
11.86,0.161207440154346,1.70061396179469,-1.1
11.865,0.160713556067737,1.7011238199261,-1.1
11.87,0.160223397271426,1.70163630066188,-1.1
11.875,0.159739228741916,1.70215092716487,-1.1
11.88,0.159262168066295,1.70266769943507,-1.1
11.885,0.158792826192172,1.70318590221675,-1.1
11.89,0.158333378689082,1.70370458183558,-1.1
11.895,0.157884674923213,1.70422242698939,-1.1
11.9,0.157444703237804,1.70473884163173,-1.1
11.905,0.157010513202937,1.70525454101832,-1.1
11.91,0.156577500359805,1.70577155170711,-1.1
11.915,0.156141373173984,1.70629285393031,-1.1
11.92,0.155701312081607,1.70681963978084,-1.1
11.925,0.155259686367305,1.70735202846797,-1.1
11.93,0.15481989349583,1.70788870868953,-1.1
11.935,0.154383676903041,1.70842824993403,-1.1
11.94,0.153951841251643,1.70896898327144,-1.1
11.945,0.153524744169505,1.709510193446,-1.1
11.95,0.153101446883472,1.71005259571345,-1.1
11.955,0.152681085126193,1.71059762058528,-1.1
11.96,0.152265789763721,1.71114467201503,-1.1
11.965,0.151859211580547,1.71169196186336,-1.1
11.97,0.151462170140537,1.71223853645595,-1.1
11.975,0.151071282880099,1.71278463421138,-1.1
11.98,0.150683211939128,1.71333144722255,-1.1
11.985,0.150296362893375,1.71387909469874,-1.1
11.99,0.149909975783618,1.71442853031428,-1.1
11.995,0.149524184720309,1.71498082695277,-1.1
12,0.149138646976741,1.71553681907924,-1.1
12.005,0.178052600583225,1.72349626513941,-1.1
12.01,0.177669908961445,1.72405833693964,-1.1
12.015,0.177289154490619,1.72462195846064,-1.1
12.02,0.176909308990627,1.72518653365595,-1.1
12.025,0.17653002973476,1.72575242015345,-1.1
12.03,0.176150437554508,1.7263210484646,-1.1
12.035,0.175771247705608,1.72689301463587,-1.1
12.04,0.175396349391132,1.72746712657434,-1.1
12.045,0.175028707942157,1.72804290744287,-1.1
12.05,0.174667324980884,1.72862059566004,-1.1
12.055,0.174310904106289,1.72919959517939,-1.1
12.06,0.173961024841457,1.729777879443,-1.1
12.065,0.173617538174778,1.73035485240442,-1.1
12.07,0.173277106246143,1.73093301745874,-1.1
12.075,0.172937136253505,1.73151487800104,-1.1
12.08,0.172597956022411,1.73210079165918,-1.1
12.085,0.172261890134006,1.73268980475885,-1.1
12.09,0.171929683646351,1.73328179809076,-1.1
12.095,0.171599265298038,1.7338768908642,-1.1
12.1,0.171270083746105,1.73447424861414,-1.1
12.105,0.170943644007831,1.73507327529413,-1.1
12.11,0.170618903001934,1.73567492457849,-1.1
12.115,0.170294728240162,1.73628050776941,-1.1
12.12,0.169973399600177,1.73688919040186,-1.1
12.125,0.169656466802745,1.73749954196436,-1.1
12.13,0.169343035778194,1.73811132403833,-1.1
12.135,0.169031109770923,1.73872537108881,-1.1
12.14,0.168718185385852,1.73934299441797,-1.1
12.145,0.168403651675373,1.73996455165369,-1.1
12.15,0.168089594802051,1.74058968516809,-1.1
12.155,0.167777117451816,1.74121815654261,-1.1
12.16,0.167465817293316,1.74184996577722,-1.1
12.165,0.167155813535839,1.74248415919763,-1.1
12.17,0.166846137603908,1.74312037917597,-1.1
12.175,0.166534315904766,1.74375981780512,-1.1
12.18,0.166218098363071,1.74440450164301,-1.1
12.185,0.16589705284515,1.74505609961969,-1.1
12.19,0.16557353373447,1.7457142541073,-1.1
12.195,0.165251415332943,1.74637681933863,-1.1
12.2,0.164933364948421,1.74704164954645,-1.1
12.205,0.188989152616923,1.75108451198151,-1.1
12.21,0.188679402179186,1.75175053428223,-1.1
12.215,0.188372944898073,1.75241643737366,-1.1
12.22,0.188069452948038,1.75308305572083,-1.1
12.225,0.187767689532702,1.75375146220734,-1.1
12.23,0.187468459314768,1.75442165683319,-1.1
12.235,0.187173997468416,1.75509328197052,-1.1
12.24,0.186884005970423,1.75576657603791,-1.1
12.245,0.186597605652277,1.7564420158725,-1.1
12.25,0.186316092915003,1.7571185285907,-1.1
12.255,0.186040317124788,1.75779527972748,-1.1
12.26,0.185770159072344,1.75847215007355,-1.1
12.265,0.185505588955347,1.75914878200104,-1.1
12.27,0.185246398157541,1.75982589076569,-1.1
12.275,0.184991349882548,1.7605045492511,-1.1
12.28,0.18473950535721,1.76118594955017,-1.1
12.285,0.184491699046557,1.76186961482575,-1.1
12.29,0.184248914427225,1.76255411456635,-1.1
12.295,0.184012134975855,1.76323873351624,-1.1
12.3,0.183780675239031,1.76392406772187,-1.1
12.305,0.183553179211084,1.76461107085755,-1.1
12.31,0.183330958194201,1.76529914687683,-1.1
12.315,0.183115532106821,1.76598650764038,-1.1
12.32,0.182906796640818,1.76667255710175,-1.1
12.325,0.182703410691683,1.76735753367951,-1.1
12.33,0.182502498335306,1.76804346393158,-1.1
12.335,0.182301556176607,1.7687334472995,-1.1
12.34,0.182100196785395,1.76942855666687,-1.1
12.345,0.181901042766039,1.77012748073151,-1.1
12.35,0.181708266443674,1.77082771609833,-1.1
12.355,0.181523432440226,1.77152747462799,-1.1
12.36,0.181346391744082,1.77222520659973,-1.1
12.365,0.181177636093561,1.77291936229279,-1.1
12.37,0.181015794581835,1.77361041854431,-1.1
12.375,0.180857737965052,1.77430016349366,-1.1
12.38,0.180702035731737,1.77498978923371,-1.1
12.385,0.180547614998285,1.77568084548523,-1.1
12.39,0.180391719049875,1.77637667010834,-1.1
12.395,0.180232187218134,1.77707952807953,-1.1
12.4,0.180070032782023,1.7777895386081,-1.1
12.405,0.200619914881811,1.77947773506969,-1.1
12.41,0.200460323445425,1.78019358685344,-1.1
12.415,0.200304904334173,1.78091003468364,-1.1
12.42,0.200152763478384,1.78162731697887,-1.1
12.425,0.200004303209409,1.78234495690196,-1.1
12.43,0.199861863009557,1.78306104710429,-1.1
12.435,0.199725919715986,1.7837751107487,-1.1
12.44,0.199595325939283,1.78448714783519,-1.1
12.445,0.199468874685392,1.78519835045665,-1.1
12.45,0.199344077460393,1.78591157963603,-1.1
12.455,0.199218415968046,1.78663005402415,-1.1
12.46,0.199093127004728,1.78735341599315,-1.1
12.465,0.198971369616613,1.7880784468922,-1.1
12.47,0.198854917041883,1.78880300095409,-1.1
12.475,0.198742592088804,1.78952719738811,-1.1
12.48,0.198630684368238,1.79025246670573,-1.1
12.485,0.198516899101362,1.7909807162556,-1.1
12.49,0.198400073997602,1.79171385338634,-1.1
12.495,0.198278331510648,1.7924547391209,-1.1
12.5,0.198151954762563,1.79320468476146,-1.1
12.505,0.198023208729848,1.79396214058726,-1.1
12.51,0.197893330208883,1.79472508004039,-1.1
12.515,0.197762751333341,1.79549254944652,-1.1
12.52,0.19763130819045,1.79626431038707,-1.1
12.525,0.19749874746047,1.79704036286205,-1.1
12.53,0.197366544358358,1.79781963398784,-1.1
12.535,0.197236785046682,1.79860081246226,-1.1
12.54,0.197110169880018,1.79938389828532,-1.1
12.545,0.196985923997983,1.80016936829417,-1.1
12.55,0.196863510958776,1.80095674565166,-1.1
12.555,0.196742796651945,1.80174471905559,-1.1
12.56,0.196622499577627,1.80253376534312,-1.1
12.565,0.19650096570693,1.80332722237437,-1.1
12.57,0.196377077452764,1.80412747433513,-1.1
12.575,0.196252771966085,1.80493273308604,-1.1
12.58,0.19613275801383,1.80573858788341,-1.1
12.585,0.196017601840124,1.80654372742503,-1.1
12.59,0.195903831474409,1.807350655106,-1.1
12.595,0.19578939055644,1.80815972855418,-1.1
12.6,0.195674979440794,1.80897011330455,-1.1
12.605,0.21517941232175,1.80912022468056,-1.1
12.61,0.215064732985202,1.80993692752327,-1.1
12.615,0.214949889735881,1.81075827952828,-1.1
12.62,0.214837087945644,1.81158308860268,-1.1
12.625,0.214725716666881,1.81241028186287,-1.1
12.63,0.214616759376231,1.81323783275093,-1.1
12.635,0.214512540654842,1.81406383391823,-1.1
12.64,0.214411838607494,1.81488876220192,-1.1
12.645,0.214314027385417,1.81571321364845,-1.1
12.65,0.214220552401248,1.81653683062996,-1.1
12.655,0.214129998044673,1.81736175891365,-1.1
12.66,0.214040099339191,1.81819085952248,-1.1
12.665,0.213951824860278,1.81902401324715,-1.1
12.67,0.213867394880954,1.81985919352974,-1.1
12.675,0.213788672046367,1.82069353934731,-1.1
12.68,0.213717429594699,1.82152383204903,-1.1
12.685,0.213653876142207,1.82234947558846,-1.1
12.69,0.213595597700778,1.82317309256996,-1.1
12.695,0.213540672020618,1.82399730559792,-1.1
12.7,0.213490052776042,1.82482211467232,-1.1
12.705,0.213445364193622,1.82564561244453,-1.1
12.71,0.213407545046512,1.82646660682167,-1.1
12.715,0.21337607379407,1.82728521701302,-1.1
12.72,0.213348938779536,1.82810251590218,-1.1
12.725,0.213325350241367,1.82891874190773,-1.1
12.73,0.213306112842265,1.8297336566111,-1.1
12.735,0.213291256384555,1.83054809447731,-1.1
12.74,0.213280721263591,1.83136253234352,-1.1
12.745,0.213275476054851,1.83217518207039,-1.1
12.75,0.213275774078075,1.83298497077431,-1.1
12.755,0.213279752688113,1.83379332896675,-1.1
12.76,0.213285310821239,1.8346027600428,-1.1
12.765,0.213291926936809,1.83541338321175,-1.1
12.77,0.21330067391843,1.8362238871714,-1.1
12.775,0.213312594847385,1.8370339142939,-1.1
12.78,0.213325707869235,1.83784513350929,-1.1
12.785,0.213338060931865,1.83865933295692,-1.1
12.79,0.213349698738757,1.83947687026466,-1.1
12.795,0.213359861330692,1.84029846068825,-1.1
12.8,0.213368533806506,1.84112422343697,-1.1
12.805,0.228662438758139,1.84036074051311,-1.1
12.81,0.228671543367628,1.84119174847057,-1.1
12.815,0.228681005604986,1.84202609428813,-1.1
12.82,0.228690721162085,1.84286282429149,-1.1
12.825,0.228702299364332,1.84369991192272,-1.1
12.83,0.228716082938436,1.84453652271678,-1.1
12.835,0.228730402954344,1.84537325272014,-1.1
12.84,0.228745438225988,1.84621057876994,-1.1
12.845,0.228760920532469,1.84704993137767,-1.1
12.85,0.228774942525152,1.84789405235698,-1.1
12.855,0.228788532384161,1.84874294170787,-1.1
12.86,0.22880312062097,1.84959457287242,-1.1
12.865,0.22881885624719,1.85044858822276,-1.1
12.87,0.228836111791853,1.85130427250316,-1.1
12.875,0.22885479784799,1.85216114887645,-1.1
12.88,0.228875376351599,1.85301874050548,-1.1
12.885,0.228898458250288,1.85387609371593,-1.1
12.89,0.228924028642897,1.85473344692638,-1.1
12.895,0.228951521285299,1.85559151539256,-1.1
12.9,0.228980191119436,1.8564512527888,-1.1
12.905,0.229010023244146,1.85731349358012,-1.1
12.91,0.229041121967558,1.85817799934795,-1.1
12.915,0.229074038632635,1.8590433395808,-1.1
12.92,0.229109652407888,1.85990736851146,-1.1
12.925,0.229147799380545,1.86077044376781,-1.1
12.93,0.229186840422873,1.86163554558208,-1.1
12.935,0.229225389726881,1.86250446209361,-1.1
12.94,0.229265295036558,1.8633750475352,-1.1
12.945,0.229308746822599,1.8642444408839,-1.1
12.95,0.229354761608366,1.86511299976756,-1.1
12.955,0.229401983388189,1.86598275074413,-1.1
12.96,0.229449682005171,1.86685405144145,-1.1
12.965,0.229497931965116,1.86772642502239,-1.1
12.97,0.229547865756277,1.86859939464977,-1.1
12.975,0.22959945357633,1.86947319874217,-1.1
12.98,0.229652352698568,1.87034843334606,-1.1
12.985,0.229707025058989,1.87122402557781,-1.1
12.99,0.22976358986688,1.87209926018169,-1.1
12.995,0.229821838505987,1.87297521004131,-1.1
13,0.229881130226377,1.87385211357524,-1.1
13.005,0.239991654916099,1.87316029000478,-1.1
13.01,0.240056430263808,1.87403552460866,-1.1
13.015,0.240124245448401,1.87490873265462,-1.1
13.02,0.240194400115302,1.87578074860768,-1.1
13.025,0.240266685648253,1.87665240693288,-1.1
13.03,0.240340088768294,1.87752442288594,-1.1
13.035,0.240415518446258,1.87839620042043,-1.1
13.04,0.240495001240066,1.8792658321877,-1.1
13.045,0.240577911300948,1.88013307976918,-1.1
13.05,0.240663727088264,1.88099818158345,-1.1
13.055,0.240752165479949,1.88186185288625,-1.1
13.06,0.240841393633178,1.88272695470052,-1.1
13.065,0.240930681391051,1.88359432149129,-1.1
13.07,0.24102165298014,1.88446133065419,-1.1
13.075,0.241115336580565,1.88532690930562,-1.1
13.08,0.241210242076209,1.88619320321278,-1.1
13.085,0.241304298205665,1.88706188130574,-1.1
13.09,0.241397639079383,1.88793270516591,-1.1
13.095,0.241491009755424,1.88880627083974,-1.1
13.1,0.241583277745536,1.88968412804799,-1.1
13.105,0.241674964590362,1.89056508469777,-1.1
13.11,0.241768856807044,1.89144627976613,-1.1
13.115,0.24186504380255,1.8923284285088,-1.1
13.12,0.241961960954955,1.89321248460011,-1.1
13.125,0.242061202688506,1.89409534859853,-1.1
13.13,0.242164437933257,1.8949740402718,-1.1
13.135,0.242269744439414,1.89585046696858,-1.1
13.14,0.242375602288535,1.89672796654897,-1.1
13.145,0.242481951875976,1.89760761189656,-1.1
13.15,0.242589508457473,1.8984890453835,-1.1
13.155,0.24270006017237,1.8993697636147,-1.1
13.16,0.242814605398467,1.90024785924153,-1.1
13.165,0.242932786507895,1.90112380910115,-1.1
13.17,0.243053441210082,1.90199785161214,-1.1
13.175,0.243176837725928,1.90286915230946,-1.1
13.18,0.243303512497237,1.90373651910023,-1.1
13.185,0.243431886000922,1.90460090565877,-1.1
13.19,0.243560751242927,1.90546493458943,-1.1
13.195,0.243688469095519,1.90633170533376,-1.1
13.2,0.243813132210067,1.90720419812398,-1.1
13.205,0.246639797003749,1.90758785464,-1.1
13.21,0.246762299449924,1.90846869208049,-1.1
13.215,0.246885040314678,1.90935215212535,-1.1
13.22,0.247008973272327,1.91023632742595,-1.1
13.225,0.247134664566997,1.91111919142436,-1.1
13.23,0.247262591035846,1.91200050570201,-1.1
13.235,0.247392856987003,1.91288086630534,-1.1
13.24,0.247525581629756,1.91376027323436,-1.1
13.245,0.247662463696483,1.91463622309398,-1.1
13.25,0.247804650576595,1.91550668932628,-1.1
13.255,0.247950801165584,1.91637250639628,-1.1
13.26,0.248098948510173,1.91723546244334,-1.1
13.265,0.248248153837207,1.91809746481608,-1.1
13.27,0.24839759758282,1.91896018244456,-1.1
13.275,0.248547339351657,1.91982409216594,-1.1
13.28,0.248698809655193,1.92068776346873,-1.1
13.285,0.248852455528263,1.92155071951579,-1.1
13.29,0.249007651122097,1.92241403319072,-1.1
13.295,0.249163949401859,1.92327734686564,-1.1
13.3,0.249321424873355,1.92413911081981,-1.1
13.305,0.24948000303078,1.92499837137889,-1.1
13.31,0.249638491781238,1.92585703589152,-1.1
13.315,0.249795550020221,1.92671891905498,-1.1
13.32,0.249950671108249,1.92758580900859,-1.1
13.325,0.25010533026028,1.92845639445018,-1.1
13.33,0.250261643441204,1.92932769514751,-1.1
13.335,0.250419685156826,1.93019804217052,-1.1
13.34,0.25057926169205,1.93106743551921,-1.1
13.345,0.250739866407398,1.93193623282146,-1.1
13.35,0.250900798948291,1.93280431486796,-1.1
13.355,0.251063370616916,1.93367060877513,-1.1
13.36,0.251227641017917,1.93453499533366,-1.1
13.365,0.251391851814273,1.93539985872935,-1.1
13.37,0.251555421860698,1.93626662947368,-1.1
13.375,0.251718112738613,1.93713649965953,-1.1
13.38,0.251880013854984,1.93801066137981,-1.1
13.385,0.252042749436382,1.93888661123942,-1.1
13.39,0.252209091098789,1.93975981928538,-1.1
13.395,0.252380394847873,1.94062718607616,-1.1
13.4,0.252555736811641,1.94148942686748,-1.1
13.405,0.250577635182201,1.94274465396532,-1.1
13.41,0.250757045162975,1.94360117271074,-1.1
13.415,0.250938869131862,1.94445590331682,-1.1
13.42,0.251123360408603,1.94530896499285,-1.1
13.425,0.251310876621066,1.94615952327379,-1.1
13.43,0.251502237333118,1.94700555160173,-1.1
13.435,0.251696146143733,1.94784776523241,-1.1
13.44,0.251890516890346,1.94868926360735,-1.1
13.445,0.252084604514896,1.94953207328447,-1.1
13.45,0.252279273284732,1.95037559821733,-1.1
13.455,0.252476594461261,1.95121733501085,-1.1
13.46,0.252677983654796,1.95205501868852,-1.1
13.465,0.252883023632823,1.95288876845964,-1.1
13.47,0.253090119971095,1.95371989562639,-1.1
13.475,0.253298020972072,1.95454899623522,-1.1
13.48,0.25350607098466,1.95537583186754,-1.1
13.485,0.253713822974025,1.95620147540697,-1.1
13.49,0.253920293463527,1.95702902629503,-1.1
13.495,0.254124171150981,1.95786122634538,-1.1
13.5,0.254326439513027,1.95869819476732,-1.1
13.505,0.254528856886684,1.95953790500292,-1.1
13.51,0.254731840504466,1.96037856891283,-1.1
13.515,0.254936254633724,1.96121780231127,-1.1
13.52,0.255142978442966,1.96205405547746,-1.1
13.525,0.255351773513614,1.96288828208574,-1.1
13.53,0.255562520636379,1.96372060134538,-1.1
13.535,0.255776233090221,1.96454839065203,-1.1
13.54,0.255993417514621,1.9653701002849,-1.1
13.545,0.256211928142368,1.96618894889482,-1.1
13.55,0.256428233398258,1.96701053931841,-1.1
13.555,0.256641021980106,1.96783689811357,-1.1
13.56,0.2568521416319,1.96866647555956,-1.1
13.565,0.257063425196468,1.96949784114488,-1.1
13.57,0.257275155795871,1.97033039882311,-1.1
13.575,0.257488018883525,1.97116271808275,-1.1
13.58,0.257702103866397,1.97199253394731,-1.1
13.585,0.257916248453914,1.97282032325395,-1.1
13.59,0.258129037035762,1.97364847018846,-1.1
13.595,0.258339188112079,1.97447983577379,-1.1
13.6,0.258547551049053,1.97531561210283,-1.1
13.605,0.252498123860135,1.97719361115775,-1.1
13.61,0.252708170628323,1.97803081799826,-1.1
13.615,0.252920050239339,1.97886623669943,-1.1
13.62,0.253132034158482,1.97970070172629,-1.1
13.625,0.253343347525372,1.98053540517172,-1.1
13.63,0.253553930735364,1.98137070466361,-1.1
13.635,0.253764543747678,1.98220660020194,-1.1
13.64,0.253976691579594,1.98304142285666,-1.1
13.645,0.254190851068272,1.98387433816275,-1.1
13.65,0.254406411266103,1.98470570374808,-1.1
13.655,0.254622373795285,1.98553623486838,-1.1
13.66,0.254838485336079,1.98636676598868,-1.1
13.665,0.255055237626805,1.98719658185324,-1.1
13.67,0.255273897266164,1.98802353669486,-1.1
13.675,0.255496267294659,1.98884572316489,-1.1
13.68,0.255722273206487,1.98966409493765,-1.1
13.685,0.255950216269269,1.99048008252463,-1.1
13.69,0.256180007076039,1.99129237462363,-1.1
13.695,0.256412390684857,1.99209965993247,-1.1
13.7,0.256645325636639,1.99290372659049,-1.1
13.705,0.25687662146069,1.99370743562064,-1.1
13.71,0.25710615894772,1.99451233674368,-1.1
13.715,0.257333237743153,1.99532045651755,-1.1
13.72,0.257557425713315,1.99613322545371,-1.1
13.725,0.257780183172002,1.99694921304068,-1.1
13.73,0.258002910828366,1.99776651192984,-1.1
13.735,0.258225563978925,1.998583810819,-1.1
13.74,0.258448470449223,1.99939920235953,-1.1
13.745,0.258672032570615,2.00021197129569,-1.1
13.75,0.258895058250203,2.00102402497611,-1.1
13.755,0.259117145156636,2.00183774758658,-1.1
13.76,0.259339500283971,2.00265266228995,-1.1
13.765,0.259563449835553,2.00346626569113,-1.1
13.77,0.259790394520535,2.00427629281363,-1.1
13.775,0.260019559478536,2.00508214761099,-1.1
13.78,0.260248635029569,2.00588573743186,-1.1
13.785,0.260476861214413,2.00668885041556,-1.1
13.79,0.260704401945844,2.00749315549216,-1.1
13.795,0.260931927776112,2.00829865266165,-1.1
13.8,0.261162046408429,2.0091023616918,-1.1
13.805,0.249848631108337,2.01139634885033,-1.1
13.81,0.250086692059569,2.01219075955589,-1.1
13.815,0.25032671996408,2.01298230923851,-1.1
13.82,0.250568386996322,2.01377028264244,-1.1
13.825,0.250812408412032,2.01455372609337,-1.1
13.83,0.251059618676238,2.01533240117271,-1.1
13.835,0.251309108818107,2.01610797681053,-1.1
13.84,0.251559358919196,2.01688212193688,-1.1
13.845,0.251810443485313,2.0176553133889,-1.1
13.85,0.252061766470008,2.01842790879448,-1.1
13.855,0.252312597716384,2.01919943131645,-1.1
13.86,0.252563935602241,2.0199678543969,-1.1
13.865,0.252815347993903,2.02073293961723,-1.1
13.87,0.253065016949706,2.02149862088402,-1.1
13.875,0.253311303341918,2.02226799763878,-1.1
13.88,0.253554549897246,2.02304118909081,-1.1
13.885,0.25379673847013,2.02381521500786,-1.1
13.89,0.254038584316306,2.02458840645989,-1.1
13.895,0.254279729807906,2.02536231316765,-1.1
13.9,0.254519116962485,2.02613788880547,-1.1
13.905,0.254757565343909,2.02691346444328,-1.1
13.91,0.254998129690223,2.0276855830117,-1.1
13.915,0.255240660989814,2.02845352925499,-1.1
13.92,0.255483862841659,2.02921944894035,-1.1
13.925,0.255727616036468,2.02998429574211,-1.1
13.93,0.255971250021987,2.03074854649742,-1.1
13.935,0.256215822780662,2.03151112832268,-1.1
13.94,0.256462824428611,2.03227001465996,-1.1
13.945,0.256712061250739,2.03302544392784,-1.1
13.95,0.256962743485503,2.03377765454491,-1.1
13.955,0.257214602912002,2.03452652730187,-1.1
13.96,0.257467550123267,2.03527301587303,-1.1
13.965,0.257720348322921,2.0360183123513,-1.1
13.97,0.257973027313285,2.03676277436455,-1.1
13.975,0.258226287448936,2.03750520981987,-1.1
13.98,0.258479324067168,2.03824633397301,-1.1
13.985,0.258731123889022,2.03898757733543,-1.1
13.99,0.258980658734374,2.03972977437218,-1.1
13.995,0.259227734888129,2.04047387875755,-1.1
14,0.259473022902541,2.04122000970085,-1.1
14.005,0.24457945213526,2.04310691802619,-1.1
14.01,0.244824099399741,2.04385471789954,-1.1
14.015,0.245070668914015,2.04459977595923,-1.1
14.02,0.245319443800147,2.04534101932166,-1.1
14.025,0.245569068052466,2.04607928245185,-1.1
14.03,0.245818260171111,2.04681623427985,-1.1
14.035,0.246066245295699,2.04755306689856,-1.1
14.04,0.246312680699523,2.0482907339823,-1.1
14.045,0.2465577899,2.04902911632178,-1.1
14.05,0.246802124240096,2.04976773707984,-1.1
14.055,0.247045847632582,2.05050659625647,-1.1
14.06,0.247288438536818,2.05124497859595,-1.1
14.065,0.247530120470221,2.0519814535868,-1.1
14.07,0.24777087853163,2.05271590201972,-1.1
14.075,0.248008864977057,2.05345094649909,-1.1
14.08,0.248242634393866,2.05418873279212,-1.1
14.085,0.248472767927344,2.05492914168952,-1.1
14.09,0.248700442769225,2.05567181556342,-1.1
14.095,0.248925942041571,2.05641723125098,-1.1
14.1,0.249149668075736,2.05716407745002,-1.1
14.105,0.249373438813384,2.057909254719,-1.1
14.11,0.249598267533477,2.05865085570929,-1.1
14.115,0.249822932340796,2.05939019172309,-1.1
14.12,0.250046032526191,2.06012845485327,-1.1
14.125,0.250267642595465,2.06086564509986,-1.1
14.13,0.250487688042815,2.06160223929999,-1.1
14.135,0.250704961874182,2.06234062163947,-1.1
14.14,0.250918584921057,2.06308234183905,-1.1
14.145,0.25112892971247,2.06382608859656,-1.1
14.15,0.251337352254088,2.06457007377265,-1.1
14.155,0.251544433691199,2.06531477420447,-1.1
14.16,0.251749294855292,2.06606150119422,-1.1
14.165,0.251953112938102,2.06680882423041,-1.1
14.17,0.252159136392768,2.06755269019721,-1.1
14.175,0.252368453004058,2.06829154937384,-1.1
14.18,0.252579021312888,2.06902683227179,-1.1
14.185,0.252788770057852,2.06976008861182,-1.1
14.19,0.252997371413405,2.07049203364966,-1.1
14.195,0.253203707792456,2.07122374026892,-1.1
14.2,0.25340707884043,2.07195711581824,-1.1
14.205,0.235776378928175,2.07285457240295,-1.1
14.21,0.235976173697462,2.07359366999817,-1.1
14.215,0.236176221786489,2.07433360205841,-1.1
14.22,0.236379905758848,2.07506876574707,-1.1
14.225,0.236588969050398,2.07579570399475,-1.1
14.23,0.236800148306837,2.07651692019653,-1.1
14.235,0.237008839069357,2.07723730193329,-1.1
14.24,0.237213670431127,2.07795971022796,-1.1
14.245,0.237415566264143,2.07868426428985,-1.1
14.25,0.237616076289167,2.07940977202606,-1.1
14.255,0.23781669062232,2.0801349221344,-1.1
14.26,0.238017006932249,2.08085923777771,-1.1
14.265,0.238216205655088,2.08158283816528,-1.1
14.27,0.238414420901289,2.08230512725067,-1.1
14.275,0.23861202519988,2.08302503215027,-1.1
14.28,0.238810091434469,2.08374183760833,-1.1
14.285,0.239009051738729,2.08445661650848,-1.1
14.29,0.239207460700025,2.0851705609436,-1.1
14.295,0.239405824957838,2.0858835517044,-1.1
14.3,0.239605277000417,2.08659427748871,-1.1
14.305,0.23980463963603,2.08730249987793,-1.1
14.31,0.240003525434484,2.08800774203491,-1.1
14.315,0.240201576767912,2.08871024237823,-1.1
14.32,0.240396483956327,2.08941262351227,-1.1
14.325,0.240586637674322,2.0901172696228,-1.1
14.33,0.240772276340475,2.09082465754699,-1.1
14.335,0.240953429757108,2.09153478728485,-1.1
14.34,0.241129799900999,2.09224777804565,-1.1
14.345,0.241301148353567,2.09296339141082,-1.1
14.35,0.241467326103201,2.09368222342682,-1.1
14.355,0.241628556667318,2.09440463172149,-1.1
14.36,0.241786568580618,2.09513002024841,-1.1
14.365,0.241944789110174,2.09585600482177,-1.1
14.37,0.242105840860357,2.09657888995361,-1.1
14.375,0.242271333156576,2.09729581462097,-1.1
14.38,0.242440729557027,2.09800630198669,-1.1
14.385,0.242610617695799,2.09871333228302,-1.1
14.39,0.242778896509161,2.09941952811432,-1.1
14.395,0.242946355758657,2.1001247702713,-1.1
14.4,0.243114038525571,2.10082762824249,-1.1
14.405,0.223728212116108,2.10023948776746,-1.1
14.41,0.223893153069362,2.10094043839001,-1.1
14.415,0.224051969645366,2.10164591896558,-1.1
14.42,0.224204080698833,2.10235724079633,-1.1
14.425,0.224353479740963,2.10307154285931,-1.1
14.43,0.224504577515468,2.10378465282941,-1.1
14.435,0.224658566115246,2.10449406731152,-1.1
14.44,0.224814491865978,2.10520002472424,-1.1
14.445,0.224970447419033,2.1059044324162,-1.1
14.45,0.225124227402553,2.10660776722455,-1.1
14.455,0.225277619955883,2.10730871784711,-1.1
14.46,0.225433039067135,2.10800609219098,-1.1
14.465,0.225588607189998,2.1087017976048,-1.1
14.47,0.225743311045513,2.10939690697217,-1.1
14.475,0.225897806284771,2.11009010899091,-1.1
14.48,0.226051139233455,2.11078235733533,-1.1
14.485,0.226201670763836,2.11147460567975,-1.1
14.49,0.226349371073589,2.1121664963963,-1.1
14.495,0.226495342848644,2.11285695660138,-1.1
14.5,0.226639347670421,2.11354682076001,-1.1
14.505,0.226779686806545,2.11423847305798,-1.1
14.51,0.226915585396633,2.11493227112317,-1.1
14.515,0.227048503754482,2.11562702286267,-1.1
14.52,0.227179604170666,2.11632225143933,-1.1
14.525,0.227308230994091,2.11701807606244,-1.1
14.53,0.227434980271206,2.1177133046391,-1.1
14.535,0.227561520932064,2.11840591061139,-1.1
14.54,0.227686809895382,2.11909660923505,-1.1
14.545,0.2278081053475,2.11978814232373,-1.1
14.55,0.227924334404812,2.12048241722607,-1.1
14.555,0.228036718962536,2.12118002998852,-1.1
14.56,0.228147136566982,2.12187895405316,-1.1
14.565,0.228258627055034,2.12257632839703,-1.1
14.57,0.228372561333523,2.12327012646222,-1.1
14.575,0.228486257193432,2.1239605866673,-1.1
14.58,0.228597926495418,2.12464949715161,-1.1
14.585,0.228705989716396,2.12533888447308,-1.1
14.59,0.228809165356502,2.12603089439893,-1.1
14.595,0.228909479973659,2.12672445404553,-1.1
14.6,0.229008781311855,2.12741777527356,-1.1
14.605,0.210371312008674,2.12541597843016,-1.1
14.61,0.210464861498649,2.12611096858824,-1.1
14.615,0.210552778349692,2.12680822372283,-1.1
14.62,0.210636522875602,2.12750702857817,-1.1
14.625,0.210717913018043,2.12820690631713,-1.1
14.63,0.210798319683845,2.12890809535826,-1.1
14.635,0.210878666745002,2.12960988044585,-1.1
14.64,0.21095952044564,2.13031059264983,-1.1
14.645,0.211041476832206,2.13100772857512,-1.1
14.65,0.211123194800193,2.13170140743102,-1.1
14.655,0.211201723919684,2.13239508628691,-1.1
14.66,0.211275574074561,2.13309079170073,-1.1
14.665,0.21134745727616,2.13378673553313,-1.1
14.67,0.211421575651939,2.13448029517974,-1.1
14.675,0.211497660980994,2.13517182826842,-1.1
14.68,0.211572256193931,2.1358633613571,-1.1
14.685,0.211644467221076,2.13655405998076,-1.1
14.69,0.211715754376227,2.13724142074431,-1.1
14.695,0.21178593884545,2.13792639732207,-1.1
14.7,0.211852487431342,2.1386128044113,-1.1
14.705,0.21191474448281,2.13930266856993,-1.1
14.71,0.211976643906409,2.13999372482146,-1.1
14.715,0.212042834864432,2.14068203925933,-1.1
14.72,0.212114181624229,2.14136558532561,-1.1
14.725,0.212188359604652,2.142043409346,-1.1
14.73,0.212263133631522,2.14271574973906,-1.1
14.735,0.21233537446099,2.14338546752776,-1.1
14.74,0.212400790558631,2.14405733108367,-1.1
14.745,0.212458517657096,2.14473420142974,-1.1
14.75,0.212511386977012,2.14541536331023,-1.1
14.755,0.212561782704169,2.14609890937651,-1.1
14.76,0.212610241280372,2.14678340911711,-1.1
14.765,0.212656613694007,2.14746767043914,-1.1
14.77,0.212700184689338,2.14815062045897,-1.1
14.775,0.212740984068687,2.14883213996733,-1.1
14.78,0.212779607878501,2.14951318263854,-1.1
14.785,0.212815311060721,2.15019577503051,-1.1
14.79,0.212848332033927,2.1508803939804,-1.1
14.795,0.212880727158362,2.15156584739531,-1.1
14.8,0.212912764654929,2.15225094318236,-1.1
14.805,0.196230548091823,2.14928611888961,-1.1
14.81,0.196259188123637,2.14996918811873,-1.1
14.815,0.196285831399852,2.15065189971999,-1.1
14.82,0.196310001083308,2.15133496894912,-1.1
14.825,0.196333902545863,2.15201720371322,-1.1
14.83,0.196358459659511,2.152698484803,-1.1
14.835,0.196380066343242,2.1533807195671,-1.1
14.84,0.196394907899791,2.1540652193077,-1.1
14.845,0.196402775712901,2.15475162639693,-1.1
14.85,0.196403967805797,2.15544017925338,-1.1
14.855,0.19639776892274,2.15613206996993,-1.1
14.86,0.196385520168239,2.15682682170943,-1.1
14.865,0.19636993355363,2.15752300396041,-1.1
14.87,0.196351366706783,2.15821990146712,-1.1
14.875,0.196328150697643,2.15891799106673,-1.1
14.88,0.196299391456538,2.15961751117782,-1.1
14.885,0.196265118785793,2.16031846180038,-1.1
14.89,0.19622589892953,2.16102036609725,-1.1
14.895,0.196183520027095,2.16172298564986,-1.1
14.9,0.196138697334224,2.16242632045821,-1.1
14.905,0.196090566583568,2.1631303705223,-1.1
14.91,0.196040051647121,2.16383525505141,-1.1
14.915,0.195987212129527,2.16454037799911,-1.1
14.92,0.195931660600597,2.16524514331893,-1.1
14.925,0.195875483222896,2.16594847812728,-1.1
14.93,0.195818441577846,2.16665014400558,-1.1
14.935,0.195758717723781,2.16735204830245,-1.1
14.94,0.1956960434398,2.16805478706435,-1.1
14.945,0.195630746551448,2.16875824108199,-1.1
14.95,0.1955639893493,2.16946169509963,-1.1
14.955,0.195496516891414,2.17016467228011,-1.1
14.96,0.195428060956889,2.17086717262343,-1.1
14.965,0.195358651348048,2.1715691961296,-1.1
14.97,0.195289301343852,2.17227038517074,-1.1
14.975,0.195220696397716,2.1729701437004,-1.1
14.98,0.195153432556087,2.17366811409072,-1.1
14.985,0.195088046260768,2.17436501159743,-1.1
14.99,0.195023643442088,2.17506071701125,-1.1
14.995,0.194960700937206,2.17575415744857,-1.1
15,0.194900977083141,2.17644461765365,-1.1
15.005,0.181963792126587,2.17348624724592,-1.1
15.01,0.18190329341214,2.17417456168378,-1.1
15.015,0.181842317860534,2.17486239928449,-1.1
15.02,0.181781759541443,2.17554987925733,-1.1
15.025,0.181721558850219,2.17623735923017,-1.1
15.03,0.181662431042602,2.17692412394727,-1.1
15.035,0.181604912560394,2.17760921973432,-1.1
15.04,0.18154831795018,2.1782927658006,-1.1
15.045,0.181491127293518,2.17897476214612,-1.1
15.05,0.18143274454396,2.17965520877088,-1.1
15.055,0.181373110096862,2.18033470172132,-1.1
15.06,0.181310495417526,2.18101419467176,-1.1
15.065,0.181243589203766,2.18169487971509,-1.1
15.07,0.181172421257904,2.18237723368848,-1.1
15.075,0.181096306126526,2.18306161421979,-1.1
15.08,0.181015661042144,2.18374766368116,-1.1
15.085,0.180931916516235,2.18443407077039,-1.1
15.09,0.180845430176666,2.18512012023176,-1.1
15.095,0.180755814593246,2.18580628890241,-1.1
15.1,0.180662175696304,2.18649376887525,-1.1
15.105,0.180564334671905,2.18718315619672,-1.1
15.11,0.180464139264038,2.18787337798322,-1.1
15.115,0.180364033263137,2.18856252688611,-1.1
15.12,0.180263897459915,2.18924976844038,-1.1
15.125,0.180160870831421,2.18993617552961,-1.1
15.13,0.180051734726837,2.19062365550245,-1.1
15.135,0.179935207646301,2.19131411570753,-1.1
15.14,0.179812779705932,2.19200755614484,-1.1
15.145,0.179687520544937,2.19270254630292,-1.1
15.15,0.179562231581619,2.19339825171674,-1.1
15.155,0.179437091629913,2.19409419554914,-1.1
15.16,0.179311445038726,2.19478882807935,-1.1
15.165,0.179186841528823,2.19548083800519,-1.1
15.17,0.179062923472335,2.19617117900098,-1.1
15.175,0.178936740439346,2.1968623544618,-1.1
15.18,0.178809752743652,2.19755496043409,-1.1
15.185,0.178686579745224,2.19824637431348,-1.1
15.19,0.178569516222885,2.19893421191419,-1.1
15.195,0.178457161467483,2.19961775798048,-1.1
15.2,0.178344568293502,2.20029868144239,-1.1
15.205,0.169172794882832,2.19796068972011,-1.1
15.21,0.169048161570607,2.19864292448421,-1.1
15.215,0.168917865817128,2.19932813948054,-1.1
15.22,0.168783427540837,2.20001693075557,-1.1
15.225,0.168646932904301,2.20070846384425,-1.1
15.23,0.16851136213976,2.20140059297938,-1.1
15.235,0.16837719208437,2.20209117239375,-1.1
15.24,0.168242962424336,2.2027797252502,-1.1
15.245,0.168107689683018,2.20346672838588,-1.1
15.25,0.16797053939539,2.20415242021937,-1.1
15.255,0.167832048003255,2.20483727758784,-1.1
15.26,0.167692275111256,2.20552213495631,-1.1
15.265,0.167548449103413,2.20620889967341,-1.1
15.27,0.167398394410191,2.20689864462275,-1.1
15.275,0.167242915694295,2.20759041613002,-1.1
15.28,0.167083771292744,2.20828266447444,-1.1
15.285,0.16692233211237,2.20897515123744,-1.1
15.29,0.166758806769429,2.20966799562831,-1.1
15.295,0.166593731705723,2.21036119764705,-1.1
15.3,0.166429312293111,2.21105404203792,-1.1
15.305,0.166265757147847,2.21174521749873,-1.1
15.31,0.166101725165425,2.21243520086665,-1.1
15.315,0.165935815636693,2.21312530344386,-1.1
15.32,0.165765391056119,2.21381659811397,-1.1
15.325,0.165591315691052,2.21450836962123,-1.1
15.33,0.165417270128308,2.21519930666347,-1.1
15.335,0.165242345397053,2.21589012449641,-1.1
15.34,0.165063158933697,2.21658237284083,-1.1
15.345,0.164880247180043,2.21727617090602,-1.1
15.35,0.164695547287045,2.21797080343623,-1.1
15.355,0.164509908620892,2.21866567438502,-1.1
15.36,0.164325178925572,2.2193595916595,-1.1
15.365,0.164142684404431,2.22005160158534,-1.1
15.37,0.16396118826109,2.22074241941829,-1.1
15.375,0.163778291408597,2.22143287962337,-1.1
15.38,0.16359372562605,2.22212310140986,-1.1
15.385,0.163408444587765,2.22281296556849,-1.1
15.39,0.16322152442175,2.22350294893641,-1.1
15.395,0.163032145564137,2.22419400518794,-1.1
15.4,0.162840665642796,2.22488613432307,-1.1
15.405,0.157883106096471,2.22383331811699,-1.1
15.41,0.157690016849721,2.2245244935778,-1.1
15.415,0.157496078236783,2.22521495378288,-1.1
15.42,0.157298816664899,2.22590672529014,-1.1
15.425,0.157098232134069,2.22660076177391,-1.1
15.43,0.156897275074209,2.22729551351341,-1.1
15.435,0.156699655874456,2.22798883474144,-1.1
15.44,0.156506372912611,2.22867977178367,-1.1
15.445,0.156313939316953,2.22936892068657,-1.1
15.45,0.156119479163373,2.23005699670585,-1.1
15.455,0.155922545417036,2.23074447667869,-1.1
15.46,0.155722050293172,2.2314323142794,-1.1
15.465,0.155517189129079,2.23212182081016,-1.1
15.47,0.155308543070043,2.23281383073601,-1.1
15.475,0.15509706579038,2.23350858247551,-1.1
15.48,0.154884947760786,2.23420440709861,-1.1
15.485,0.154675511940206,2.2348982051638,-1.1
15.49,0.154469935520376,2.23558795011314,-1.1
15.495,0.154265119059766,2.23627483403953,-1.1
15.5,0.1540561004717,2.2369619563845,-1.1
15.505,0.153840763791288,2.23765098607811,-1.1
15.51,0.153621061070646,2.23834216153892,-1.1
15.515,0.153399555309499,2.23903572118553,-1.1
15.52,0.153176470025266,2.23973071134361,-1.1
15.525,0.152952535374845,2.24042522466453,-1.1
15.53,0.15272918186971,2.24111687696251,-1.1
15.535,0.15250363789388,2.24180733716758,-1.1
15.54,0.152271060569967,2.2424997047213,-1.1
15.545,0.152031405194486,2.24319517171653,-1.1
15.55,0.151790229900564,2.24389183080467,-1.1
15.555,0.151550649030889,2.2445884898928,-1.1
15.56,0.151310218795026,2.24528538739952,-1.1
15.565,0.151066465600217,2.24598228490623,-1.1
15.57,0.150819061620916,2.24667989766868,-1.1
15.575,0.150567544921125,2.24737822568687,-1.1
15.58,0.150313420518125,2.2480772689608,-1.1
15.585,0.150060771330083,2.24877559697899,-1.1
15.59,0.149809612258161,2.24947320974144,-1.1
15.595,0.149556769355024,2.25017153775963,-1.1
15.6,0.149300797208036,2.25087058103355,-1.1
15.605,0.15226448981672,2.25276256883016,-1.1
15.61,0.152003108548219,2.25346232735982,-1.1
15.615,0.15174075870424,2.25416160905232,-1.1
15.62,0.151478304552133,2.25486089074483,-1.1
15.625,0.151214688109452,2.25556064927449,-1.1
15.63,0.150948702382142,2.25626064622273,-1.1
15.635,0.150680928515489,2.25695992791524,-1.1
15.64,0.150410159515435,2.25765920960774,-1.1
15.645,0.150132983016068,2.25836039864888,-1.1
15.65,0.149849115895326,2.25906468713155,-1.1
15.655,0.149561285065705,2.25977159821858,-1.1
15.66,0.149272709178025,2.26047970139852,-1.1
15.665,0.148986293958718,2.26118804299703,-1.1
15.67,0.148701935099656,2.26189590775838,-1.1
15.675,0.148419334577615,2.26260281884542,-1.1
15.68,0.14814019112497,2.26330734574666,-1.1
15.685,0.147864534544045,2.26400925004354,-1.1
15.69,0.147591098236138,2.26470996224751,-1.1
15.695,0.147318332480485,2.26540995919576,-1.1
15.7,0.147045820044572,2.26610947930684,-1.1
15.705,0.146773650335366,2.26680899941793,-1.1
15.71,0.146499766992623,2.26750995004048,-1.1
15.715,0.146223663376862,2.26821280801168,-1.1
15.72,0.145949318098123,2.26891566598287,-1.1
15.725,0.145680620359475,2.26961613976827,-1.1
15.73,0.145418330120141,2.27031256043782,-1.1
15.735,0.145160152601296,2.27100540482869,-1.1
15.74,0.144900887297685,2.27169705712667,-1.1
15.745,0.144636034058625,2.27238966309896,-1.1
15.75,0.144365250157411,2.27308417641988,-1.1
15.755,0.14408977239042,2.27378083550801,-1.1
15.76,0.143809973286683,2.27448011720052,-1.1
15.765,0.143526076363618,2.27518225991597,-1.1
15.77,0.143239482330377,2.27588654839864,-1.1
15.775,0.142952605175073,2.27659107529988,-1.1
15.78,0.142668216513688,2.2772936948525,-1.1
15.785,0.142387642549569,2.27799393021932,-1.1
15.79,0.142108484195763,2.27869249665608,-1.1
15.795,0.14182898311525,2.27939106309285,-1.1
15.8,0.14155013768583,2.2800898679482,-1.1
15.805,0.149877028181425,2.28372895654852,-1.1
15.81,0.149601222588888,2.28442704614813,-1.1
15.815,0.1493282780193,2.28512346681768,-1.1
15.82,0.14905704708325,2.28581893381292,-1.1
15.825,0.148785547926298,2.286513923971,-1.1
15.83,0.148514153077474,2.28720748361761,-1.1
15.835,0.148245321228376,2.28789865907843,-1.1
15.84,0.147977949693075,2.28858888086492,-1.1
15.845,0.147706942274442,2.28928029474432,-1.1
15.85,0.147431240990034,2.2899740928095,-1.1
15.855,0.147153393938413,2.29066979822332,-1.1
15.86,0.146874250485769,2.2913659804743,-1.1
15.865,0.146595121934286,2.29206168588812,-1.1
15.87,0.14631608278977,2.2927566760462,-1.1
15.875,0.146034048511854,2.29345166620428,-1.1
15.88,0.145747305467001,2.29414808687384,-1.1
15.885,0.145455868556371,2.29484689172918,-1.1
15.89,0.145160318925253,2.29554879602606,-1.1
15.895,0.144862832143179,2.29625236925299,-1.1
15.9,0.144566150023809,2.29695546564276,-1.1
15.905,0.144270391776434,2.29765760835821,-1.1
15.91,0.143972010924688,2.29835998949224,-1.1
15.915,0.14366823585259,2.29906475481207,-1.1
15.92,0.143360973908773,2.29977190431768,-1.1
15.925,0.143054591133467,2.30048000749761,-1.1
15.93,0.142752514793745,2.30118739542181,-1.1
15.935,0.142455400540701,2.30189311441595,-1.1
15.94,0.142161743357054,2.30259668764288,-1.1
15.945,0.14186950178372,2.30329835352117,-1.1
15.95,0.141576842977873,2.30399882730657,-1.1
15.955,0.141283230497709,2.30469882425482,-1.1
15.96,0.140988872959486,2.30539882120306,-1.1
15.965,0.140693323328367,2.30609977182562,-1.1
15.97,0.140395642831198,2.30680167612249,-1.1
15.975,0.140094773485533,2.30750429567511,-1.1
15.98,0.139789448692671,2.30820810732061,-1.1
15.985,0.139477850510946,2.30891430315191,-1.1
15.99,0.139159293486944,2.30962359842474,-1.1
15.995,0.138837070777288,2.31033503946478,-1.1
16,0.138514803364149,2.31104719576055,-1.1
16.005,0.151480437637135,2.31562964591688,-1.1
16.01,0.151159108997151,2.31634227904981,-1.1
16.015,0.15083782506065,2.31705491218275,-1.1
16.02,0.150516943455502,2.3177673068971,-1.1
16.025,0.15019801390247,2.31847874793714,-1.1
16.03,0.149883211971089,2.31918852004713,-1.1
16.035,0.149574385405346,2.31989590797132,-1.1
16.04,0.149272085548207,2.32060043487257,-1.1
16.045,0.148975463033482,2.32130257758802,-1.1
16.05,0.148682565809056,2.32200233611769,-1.1
16.055,0.148391933561131,2.32269994888014,-1.1
16.06,0.148102508307263,2.32339636954969,-1.1
16.065,0.147811548233792,2.32409350547499,-1.1
16.07,0.147517861247822,2.32479302558607,-1.1
16.075,0.147223697424694,2.32549373779005,-1.1
16.08,0.146930919409558,2.32619397315687,-1.1
16.085,0.146638946057125,2.32689420852369,-1.1
16.09,0.146345363379284,2.32759515914625,-1.1
16.095,0.146048800469204,2.32829706344313,-1.1
16.1,0.145751075268551,2.3290001598329,-1.1
16.105,0.145452962637707,2.3297039714784,-1.1
16.11,0.145154507280155,2.33040849837965,-1.1
16.115,0.144857258916661,2.33111302528089,-1.1
16.12,0.14456056189613,2.33181779060072,-1.1
16.125,0.144262583375736,2.33252398643202,-1.1
16.13,0.143963427663609,2.33323065910047,-1.1
16.135,0.143665434242054,2.33393661651319,-1.1
16.14,0.143370048523709,2.3346416202516,-1.1
16.145,0.143075258851811,2.33534710082716,-1.1
16.15,0.142780096650883,2.33605377349562,-1.1
16.155,0.142486975909039,2.33675925407118,-1.1
16.16,0.142197446347042,2.33746258887953,-1.1
16.165,0.141909272790714,2.33816544685072,-1.1
16.17,0.141619370699688,2.33886997375196,-1.1
16.175,0.141329349399372,2.33957545432752,-1.1
16.18,0.141043679238125,2.34027902755445,-1.1
16.185,0.140763716221615,2.3409790245027,-1.1
16.19,0.14048618209438,2.34167687568373,-1.1
16.195,0.140206710816189,2.34237496528333,-1.1
16.2,0.139923424840733,2.34307448539442,-1.1
16.205,0.157879987054128,2.34782239021481,-1.1
16.21,0.157591634683866,2.34852310241879,-1.1
16.215,0.157300257377881,2.34922643722714,-1.1
16.22,0.157003366642255,2.34993382515133,-1.1
16.225,0.156702884726781,2.35064407409847,-1.1
16.23,0.156403430991429,2.35135432304562,-1.1
16.235,0.15610662966277,2.35206314148129,-1.1
16.24,0.155812331729192,2.35277005256832,-1.1
16.245,0.155520105057019,2.35347553314388,-1.1
16.25,0.155229174785871,2.35418101371945,-1.1
16.255,0.154938617043752,2.35488792480648,-1.1
16.26,0.154649102382916,2.35559602798641,-1.1
16.265,0.15436344712283,2.35630389274777,-1.1
16.27,0.154083469205159,2.35701032699764,-1.1
16.275,0.153808557682294,2.35771509231747,-1.1
16.28,0.153538489036817,2.35841723503292,-1.1
16.285,0.153274142437238,2.35911580146969,-1.1
16.29,0.153014370494145,2.35981198372067,-1.1
16.295,0.152756073766011,2.36050768913448,-1.1
16.3,0.152498253875035,2.36120387138546,-1.1
16.305,0.152241447263021,2.36190029205502,-1.1
16.31,0.15198507278468,2.36259766639889,-1.1
16.315,0.151727834038991,2.36329670967281,-1.1
16.32,0.151469358496923,2.36399718345822,-1.1
16.325,0.15121107666995,2.36469694198788,-1.1
16.33,0.150953539901036,2.3653959852618,-1.1
16.335,0.150693604045171,2.3660964590472,-1.1
16.34,0.150428378277081,2.36680027069271,-1.1
16.345,0.150159471922177,2.36750765861691,-1.1
16.35,0.149888375096578,2.36821814598263,-1.1
16.355,0.149615594439763,2.36893173278988,-1.1
16.36,0.149343931370038,2.36964698852718,-1.1
16.365,0.149075784974355,2.37036105217159,-1.1
16.37,0.148812198333997,2.37107249321163,-1.1
16.375,0.148552709512967,2.37178059639156,-1.1
16.38,0.148295291953343,2.37248703064144,-1.1
16.385,0.148038291626233,2.3731937033099,-1.1
16.39,0.147781097584027,2.37390132965267,-1.1
16.395,0.147525140338201,2.37460967125118,-1.1
16.4,0.147271895103711,2.37531705917538,-1.1
16.405,0.166900950883716,2.37884079681757,-1.1
16.41,0.166649881218761,2.37954699264887,-1.1
16.415,0.166396978710979,2.38025438057306,-1.1
16.42,0.166142794703335,2.38096272217157,-1.1
16.425,0.165889698480457,2.38167034851434,-1.1
16.43,0.165638196681827,2.38237773643854,-1.1
16.435,0.165387320731968,2.38308583961847,-1.1
16.44,0.165137651776165,2.38379441963556,-1.1
16.445,0.164890694831699,2.38450204597833,-1.1
16.45,0.164645630334705,2.38520871864679,-1.1
16.455,0.164401281093448,2.38591539131525,-1.1
16.46,0.164156589125484,2.38662277923944,-1.1
16.465,0.163910690163463,2.38733183609369,-1.1
16.47,0.163664448474735,2.38804375397089,-1.1
16.475,0.163418445204586,2.38875829445246,-1.1
16.48,0.163175004934162,2.38947402702692,-1.1
16.485,0.162937927459568,2.39018832908991,-1.1
16.49,0.162707689617962,2.39089929329279,-1.1
16.495,0.162483278130382,2.39160596596124,-1.1
16.5,0.162263545607418,2.39230882393244,-1.1
16.505,0.162045347904056,2.39301072822931,-1.1
16.51,0.161826151822895,2.39371501671198,-1.1
16.515,0.161606464003414,2.39442216621759,-1.1
16.52,0.161389205073208,2.3951305078161,-1.1
16.525,0.16117617807278,2.39583741890314,-1.1
16.53,0.16096586308369,2.39654266106012,-1.1
16.535,0.160755443786472,2.3972479032171,-1.1
16.54,0.16054210386166,2.39795457588556,-1.1
16.545,0.160325932716221,2.39866387115839,-1.1
16.55,0.160109016512722,2.39937602745416,-1.1
16.555,0.159892219518513,2.40009056793573,-1.1
16.56,0.159676942442745,2.40080606209162,-1.1
16.565,0.159463706826061,2.40152107941034,-1.1
16.57,0.159250828837246,2.4022368119848,-1.1
16.575,0.159036714052051,2.40295469032648,-1.1
16.58,0.158822196935505,2.40367376076105,-1.1
16.585,0.158611807440609,2.40439140068414,-1.1
16.59,0.158407706235737,2.40510570274713,-1.1
16.595,0.158207360123485,2.40581809746149,-1.1
16.6,0.158008563731998,2.40652977692011,-1.1
16.605,0.178896821828181,2.40847374510469,-1.1
16.61,0.178696773739153,2.40918685507478,-1.1
16.615,0.178495786876971,2.40990115713777,-1.1
16.62,0.178295172543818,2.41061617445649,-1.1
16.625,0.178094632716471,2.41133238386811,-1.1
16.63,0.177893809767061,2.41204978537263,-1.1
16.635,0.1776935828641,2.41276790213288,-1.1
16.64,0.177494324536616,2.4134864957303,-1.1
16.645,0.177295632453257,2.41420580458345,-1.1
16.65,0.177097894044214,2.41492535185517,-1.1
16.655,0.176901601047808,2.4156448991269,-1.1
16.66,0.176705680580431,2.41636611532868,-1.1
16.665,0.176508791537577,2.41709090780915,-1.1
16.67,0.176311738581949,2.41781832289399,-1.1
16.675,0.176116935701662,2.41854573797883,-1.1
16.68,0.175925425977999,2.41927267622651,-1.1
16.685,0.175735138149554,2.41999961447419,-1.1
16.69,0.175544567199045,2.42072750639619,-1.1
16.695,0.1753542793706,2.42145659041108,-1.1
16.7,0.175163052768999,2.4221887738675,-1.1
16.705,0.174970172138506,2.42292524885835,-1.1
16.71,0.174777813048655,2.4236638696164,-1.1
16.715,0.174588151068979,2.42440272879304,-1.1
16.72,0.174400456042582,2.42514254164399,-1.1
16.725,0.174212999434763,2.42588426184358,-1.1
16.73,0.174027345867449,2.42662693571748,-1.1
16.735,0.173846043439203,2.42736794066133,-1.1
16.74,0.173669598789507,2.42810703825654,-1.1
16.745,0.173497728796297,2.42884518217744,-1.1
16.75,0.173329956622416,2.42958237242402,-1.1
16.755,0.173166788907343,2.43031789374055,-1.1
16.76,0.1730099839881,2.43105079245271,-1.1
16.765,0.172859094829851,2.43178011488618,-1.1
16.77,0.172713525386149,2.43250586104097,-1.1
16.775,0.172573841901118,2.43322803091706,-1.1
16.78,0.172438047619158,2.43394829344453,-1.1
16.785,0.172304995150858,2.434668555972,-1.1
16.79,0.172175846786791,2.43538738798799,-1.1
16.795,0.172051317782694,2.43610335898103,-1.1
16.8,0.171930871696764,2.4368167073697,-1.1
16.805,0.192908456611199,2.43697801131923,-1.1
16.81,0.192790037083192,2.43769183654506,-1.1
16.815,0.192671975183053,2.43840756911952,-1.1
16.82,0.192555790829224,2.43912401694972,-1.1
16.825,0.192443257259888,2.43983927268703,-1.1
16.83,0.192335700678391,2.44055190581996,-1.1
16.835,0.192232480334801,2.44126167792995,-1.1
16.84,0.192131837892098,2.44196906585414,-1.1
16.845,0.192033788251443,2.44267526168544,-1.1
16.85,0.191937377738518,2.44338217277247,-1.1
16.855,0.1918410417314,2.44409170646388,-1.1
16.86,0.191746911096139,2.44480290908534,-1.1
16.865,0.191656535553498,2.44551363486964,-1.1
16.87,0.191569050836129,2.44622412223537,-1.1
16.875,0.191484114217324,2.44693484801967,-1.1
16.88,0.191400623011155,2.44764533538539,-1.1
16.885,0.191318502711815,2.44835558433253,-1.1
16.89,0.191238274859948,2.44906535644252,-1.1
16.895,0.191157987403435,2.44977703590114,-1.1
16.9,0.191076060819192,2.45049324531276,-1.1
16.905,0.190992718624634,2.45121422309596,-1.1
16.91,0.190908631372017,2.45193830032069,-1.1
16.915,0.190824708032174,2.45266476173121,-1.1
16.92,0.190740307855172,2.45339408416469,-1.1
16.925,0.190654566573662,2.45412722129542,-1.1
16.93,0.190569317030472,2.45486298103053,-1.1
16.935,0.190486600684685,2.45559993285853,-1.1
16.94,0.190407058286233,2.45633664626796,-1.1
16.945,0.190331449794335,2.45707216758449,-1.1
16.95,0.190259402679963,2.45780625838954,-1.1
16.955,0.190189426826996,2.45854011077601,-1.1
16.96,0.190121015595955,2.45927420158107,-1.1
16.965,0.19005442230658,2.46000781554896,-1.1
16.97,0.189989781069321,2.46074119109828,-1.1
16.975,0.189926317023797,2.46147575874049,-1.1
16.98,0.189862927484078,2.4622127105685,-1.1
16.985,0.189798912095589,2.46295180816371,-1.1
16.99,0.189734702992005,2.46369257468898,-1.1
16.995,0.189669793533845,2.46443572540004,-1.1
17,0.189602827715439,2.4651834060641,-1.1
17.005,0.209187261109144,2.46380694966066,-1.1
17.01,0.209119907860547,2.46456082920778,-1.1
17.015,0.209055400733739,2.46531494717348,-1.1
17.02,0.20899312878111,2.46606954197634,-1.1
17.025,0.208932525758535,2.46682437519777,-1.1
17.03,0.208874977474004,2.46757777790773,-1.1
17.035,0.208820871357709,2.4683287964319,-1.1
17.04,0.208769968991071,2.46907743077028,-1.1
17.045,0.208722538594991,2.46982439617861,-1.1
17.05,0.208677477483541,2.47057255367983,-1.1
17.055,0.208632997517377,2.47132309536684,-1.1
17.06,0.208590439801008,2.47207459072817,-1.1
17.065,0.208550966625005,2.4728260860895,-1.1
17.07,0.208512178902418,2.4735790119623,-1.1
17.075,0.208473525290281,2.47433384518373,-1.1
17.08,0.20843631709078,2.47508963207949,-1.1
17.085,0.208399600629598,2.47584732632387,-1.1
17.09,0.208362824563772,2.47660835842836,-1.1
17.095,0.208326748852521,2.47737272839296,-1.1
17.1,0.20829128408888,2.47814067463625,-1.1
17.105,0.208257220034391,2.4789112434839,-1.1
17.11,0.208226478938848,2.4796825275873,-1.1
17.115,0.208199761156827,2.4804526195978,-1.1
17.12,0.208177051787168,2.48122008900392,-1.1
17.125,0.208158470039159,2.48198493580568,-1.1
17.13,0.208142317180425,2.48274882893312,-1.1
17.135,0.20812714779833,2.48351439099062,-1.1
17.14,0.208113706950933,2.4842823372339,-1.1
17.145,0.208102545981199,2.48505123715151,-1.1
17.15,0.208094439749509,2.48581942181337,-1.1
17.155,0.208089775686056,2.48658641438234,-1.1
17.16,0.208086810354978,2.48735459904421,-1.1
17.165,0.208084575180799,2.48812540631044,-1.1
17.17,0.208085797076017,2.48889645199526,-1.1
17.175,0.208093232755453,2.48966415981996,-1.1
17.18,0.208106956724912,2.49042662243593,-1.1
17.185,0.208126179222852,2.491183363006,-1.1
17.19,0.208148516063482,2.49193724255312,-1.1
17.195,0.208170167450696,2.49269302944887,-1.1
17.2,0.208190015797407,2.49345239262331,-1.1
17.205,0.226189794910494,2.49086738151906,-1.1
17.21,0.22621171451861,2.49163079780934,-1.1
17.215,0.226234319580141,2.49239802879689,-1.1
17.22,0.226258221042696,2.49316835922597,-1.1
17.225,0.22628547526652,2.49393868965504,-1.1
17.23,0.226317363751475,2.49470639747975,-1.1
17.235,0.226354899776522,2.49546862167714,-1.1
17.24,0.226399498951975,2.49622369331715,-1.1
17.245,0.226450297010485,2.49697280449269,-1.1
17.25,0.226504835260454,2.49771929306386,-1.1
17.255,0.226562234533373,2.49846554321645,-1.1
17.26,0.226622539532725,2.49921274704335,-1.1
17.265,0.226685675752703,2.49996114296315,-1.1
17.27,0.226752179635111,2.50070882362721,-1.1
17.275,0.226822870743815,2.50145340484975,-1.1
17.28,0.226896944416109,2.50219560188649,-1.1
17.285,0.226972031367365,2.50293851417897,-1.1
17.29,0.227047028911654,2.5036842874944,-1.1
17.295,0.22712262250239,2.50443244499562,-1.1
17.3,0.227199497592989,2.50518250984547,-1.1
17.305,0.227277713788096,2.50593543571828,-1.1
17.31,0.227356436622683,2.50669217628834,-1.1
17.315,0.227435666096751,2.50745153946278,-1.1
17.32,0.22751678801829,2.50821185631154,-1.1
17.325,0.227599578869883,2.50897241157887,-1.1
17.33,0.22768354691321,2.50973392052052,-1.1
17.335,0.22776954151446,2.51049709839223,-1.1
17.34,0.227857741487566,2.51126266044972,-1.1
17.345,0.227949607146326,2.51202917618153,-1.1
17.35,0.228047492874209,2.5127928308904,-1.1
17.355,0.228152113926951,2.51355052513478,-1.1
17.36,0.228262710345331,2.51430130524037,-1.1
17.365,0.228377568495814,2.51504731697438,-1.1
17.37,0.228494825733248,2.51579142135976,-1.1
17.375,0.228613856208865,2.51653552574513,-1.1
17.38,0.228735151660982,2.51727891487477,-1.1
17.385,0.228858548176829,2.51802158874867,-1.1
17.39,0.228983077180926,2.51876593155263,-1.1
17.395,0.229106414092127,2.51951456589101,-1.1
17.4,0.229227784050051,2.52026844543813,-1.1
17.405,0.244827392519075,2.51703113309225,-1.1
17.41,0.244948673070031,2.51779121152243,-1.1
17.415,0.245071235120851,2.5185536741384,-1.1
17.42,0.245196300566751,2.5193168520101,-1.1
17.425,0.245323914111215,2.52008002988181,-1.1
17.43,0.245454314172822,2.52084153882346,-1.1
17.435,0.245588543832856,2.52160066357931,-1.1
17.44,0.245726811707574,2.52235764256796,-1.1
17.445,0.245869222105104,2.52311199895224,-1.1
17.45,0.246017131031114,2.52386158696494,-1.1
17.455,0.246170255363542,2.52460545293173,-1.1
17.46,0.246325823486406,2.52534598103842,-1.1
17.465,0.246480661452371,2.52608746281943,-1.1
17.47,0.246632787406999,2.52683514348349,-1.1
17.475,0.246781471193391,2.52759236089072,-1.1
17.48,0.246928977788049,2.52835839978537,-1.1
17.485,0.247079047382432,2.52912825337729,-1.1
17.49,0.247233974755365,2.52989763013205,-1.1
17.495,0.247394370854455,2.53066414586386,-1.1
17.5,0.247558775365907,2.53142637006125,-1.1
17.505,0.247726473033982,2.53218382588705,-1.1
17.51,0.247897136033136,2.53293770543417,-1.1
17.515,0.24806969147976,2.53369158498129,-1.1
17.52,0.248244213879663,2.53444689503989,-1.1
17.525,0.248422193348962,2.5352019666799,-1.1
17.53,0.248603972614366,2.5359560846456,-1.1
17.535,0.248788121164399,2.53671067944846,-1.1
17.54,0.248973417103845,2.53746646634421,-1.1
17.545,0.249159726322252,2.53822201482138,-1.1
17.55,0.249348091900903,2.53897613278708,-1.1
17.555,0.249538364828187,2.53972953549704,-1.1
17.56,0.249730142772752,2.54048460713705,-1.1
17.565,0.249923947275239,2.5412415861257,-1.1
17.57,0.250120374382096,2.54199975720724,-1.1
17.575,0.250319677413064,2.54275745145163,-1.1
17.58,0.250521856368142,2.54351276151022,-1.1
17.585,0.25072677713688,2.54426473370871,-1.1
17.59,0.250933620155412,2.54501527539572,-1.1
17.595,0.251141267836648,2.54576653233847,-1.1
17.6,0.25135022682007,2.54651850453696,-1.1
17.605,0.264896229840502,2.54296092116761,-1.1
17.61,0.265108735300287,2.54371360862183,-1.1
17.615,0.265322015620455,2.54446820342469,-1.1
17.62,0.265535325742945,2.54522494399476,-1.1
17.625,0.265748561359629,2.54598383033204,-1.1
17.63,0.265961856580958,2.54674414718079,-1.1
17.635,0.266175971366152,2.54750565612244,-1.1
17.64,0.266391412354693,2.54826811873841,-1.1
17.645,0.266607732511744,2.54903177344727,-1.1
17.65,0.266825080848917,2.54979685866761,-1.1
17.655,0.267042533494219,2.55056456649232,-1.1
17.66,0.267258957959398,2.55133704268861,-1.1
17.665,0.267475114203676,2.5521140488379,-1.1
17.67,0.267691955901369,2.5528943928473,-1.1
17.675,0.26791064534305,2.55367735946107,-1.1
17.68,0.268132464028582,2.55446008765626,-1.1
17.685,0.268357978202089,2.55524067008424,-1.1
17.69,0.268587217665896,2.55601862990784,-1.1
17.695,0.268819705582842,2.55679444396424,-1.1
17.7,0.269055278040155,2.55756858909058,-1.1
17.705,0.269294769502863,2.55834011161256,-1.1
17.71,0.269539014435991,2.55910734260011,-1.1
17.715,0.269788221455797,2.55986956679749,-1.1
17.72,0.270041600800737,2.56062749946046,-1.1
17.725,0.270298228598818,2.56138233268189,-1.1
17.73,0.270557419396624,2.5621352585547,-1.1
17.735,0.270818472839579,2.56288723075318,-1.1
17.74,0.271081701852068,2.56363801085877,-1.1
17.745,0.271346987224802,2.56438759887147,-1.1
17.75,0.271613509393915,2.565136710047,-1.1
17.755,0.271880374289736,2.56588701331544,-1.1
17.76,0.272146330214724,2.56664065444398,-1.1
17.765,0.272410959936365,2.56739977919984,-1.1
17.77,0.272675142623171,2.56816486442017,-1.1
17.775,0.272940502501711,2.56893424117493,-1.1
17.78,0.273208797909006,2.56970385634827,-1.1
17.785,0.273481161333307,2.57046894156861,-1.1
17.79,0.273757011629328,2.57122854316163,-1.1
17.795,0.274034054018244,2.57198552215028,-1.1
17.8,0.27431072387813,2.57274369323182,-1.1
17.805,0.28609548799508,2.56910358307245,-1.1
17.81,0.286373424453667,2.56986676094415,-1.1
17.815,0.286654221935204,2.57062993881586,-1.1
17.82,0.286938670201233,2.57139097092035,-1.1
17.825,0.287225606961182,2.57214938042047,-1.1
17.83,0.287513467593125,2.57290564415338,-1.1
17.835,0.287801670951775,2.57366095421197,-1.1
17.84,0.288090023322037,2.57441721794488,-1.1
17.845,0.288379493279389,2.57517586586359,-1.1
17.85,0.288672360701493,2.57593522903802,-1.1
17.855,0.288970160407952,2.57669220802667,-1.1
17.86,0.289273369235924,2.57744465706232,-1.1
17.865,0.289581063313416,2.57819114563348,-1.1
17.87,0.289891841931275,2.57893238899591,-1.1
17.875,0.290204915327958,2.57966886398675,-1.1
17.88,0.290519702358178,2.58040176269891,-1.1
17.885,0.290836203021935,2.58113227722528,-1.1
17.89,0.291154089493683,2.58186279175165,-1.1
17.895,0.291472050471238,2.58259664413812,-1.1
17.9,0.291789281291894,2.58333621857049,-1.1
17.905,0.292105737252167,2.58408127663019,-1.1
17.91,0.292421403450898,2.58483086464288,-1.1
17.915,0.292736861033371,2.58558331367853,-1.1
17.92,0.29305275074952,2.58633719322565,-1.1
17.925,0.29336916200631,2.58709274170282,-1.1
17.93,0.293685662670067,2.58785067436578,-1.1
17.935,0.29400261036866,2.58861170647027,-1.1
17.94,0.294320154113701,2.58937536117914,-1.1
17.945,0.294637727661065,2.59014092323663,-1.1
17.95,0.294955852551392,2.59090696213129,-1.1
17.955,0.295274156255654,2.59167419311883,-1.1
17.96,0.295591625494889,2.59244571564081,-1.1
17.965,0.295908960623673,2.59322176811578,-1.1
17.97,0.296227532548836,2.59400020477655,-1.1
17.975,0.296548056526116,2.59477864143732,-1.1
17.98,0.296871232910088,2.59555469391229,-1.1
17.985,0.297196122927598,2.5963281237829,-1.1
17.99,0.297520729823044,2.59710036156061,-1.1
17.995,0.297844487352303,2.59787379143121,-1.1
18,0.298166918678216,2.59865151283624,-1.1
18.005,0.308675242270527,2.59498291148006,-1.1
18.01,0.308998671974239,2.59577207697688,-1.1
18.015,0.309325379933414,2.59655981196223,-1.1
18.02,0.3096559621945,2.59734182490169,-1.1
18.025,0.309988794530925,2.59811835421382,-1.1
18.03,0.3103214927569,2.5988932145959,-1.1
18.035,0.310652671064434,2.59966879023372,-1.1
18.04,0.310983879174289,2.60044531954585,-1.1
18.045,0.311316189970073,2.60122327936946,-1.1
18.05,0.311650065387783,2.6020043386346,-1.1
18.055,0.311986071671543,2.60278730524837,-1.1
18.06,0.312324119414386,2.60357027186214,-1.1
18.065,0.312663627471027,2.60435252322017,-1.1
18.07,0.313003657068309,2.60513334406673,-1.1
18.075,0.313344372119007,2.60591249598323,-1.1
18.08,0.313686234559116,2.60669069422542,-1.1
18.085,0.314029303993282,2.60746960772334,-1.1
18.09,0.314373610223827,2.60824899805842,-1.1
18.095,0.314719495977459,2.60902934206782,-1.1
18.1,0.315065784062442,2.60981159342586,-1.1
18.105,0.31541137179285,2.61059694422542,-1.1
18.11,0.315756527389583,2.61138444079219,-1.1
18.115,0.316101489271221,2.61217408312617,-1.1
18.12,0.316446838583049,2.61296682490169,-1.1
18.125,0.31679333528429,2.61376147402583,-1.1
18.13,0.317142096962032,2.61455636156856,-1.1
18.135,0.317493868674335,2.61535005701839,-1.1
18.14,0.317848113979396,2.61614208353816,-1.1
18.145,0.318204981888828,2.61693029536067,-1.1
18.15,0.3185650982514,2.6177125467187,-1.1
18.155,0.318927762712535,2.61848907603084,-1.1
18.16,0.319292572940883,2.61926131380855,-1.1
18.165,0.319659141506252,2.62002997530757,-1.1
18.17,0.32002657433897,2.6207974447137,-1.1
18.175,0.320394647921619,2.62156610621272,-1.1
18.18,0.320763123835621,2.62233739031611,-1.1
18.185,0.321132881249485,2.6231110586053,-1.1
18.19,0.321505127157268,2.62388401163875,-1.1
18.195,0.321880398000774,2.62465267313777,-1.1
18.2,0.322258991803226,2.62541465891658,-1.1
18.205,0.332612744343821,2.62127185440315,-1.1
18.21,0.332995644581858,2.62202430343879,-1.1
18.215,0.333379245174471,2.62277412987007,-1.1
18.22,0.333763695133273,2.62352085685982,-1.1
18.225,0.334148353708331,2.62426663017524,-1.1
18.23,0.334532490742747,2.62501574135078,-1.1
18.235,0.334915897620265,2.62576938247932,-1.1
18.24,0.335299215090815,2.62652612304939,-1.1
18.245,0.335683381927554,2.62728405571235,-1.1
18.25,0.336068681252543,2.62804270363106,-1.1
18.255,0.336455098164622,2.62880254364265,-1.1
18.26,0.336842722070757,2.62956190681709,-1.1
18.265,0.3372316870814,2.63031888580574,-1.1
18.27,0.337621382248942,2.63107300377144,-1.1
18.275,0.338011226428095,2.63182712173713,-1.1
18.28,0.338400549066607,2.6325850544001,-1.1
18.285,0.338789692891184,2.63334870910896,-1.1
18.29,0.339180431140009,2.63411522484077,-1.1
18.295,0.339573836696688,2.63488031006111,-1.1
18.3,0.339970162880961,2.6356413421656,-1.1
18.305,0.340369037163798,2.63639784431709,-1.1
18.31,0.340769386661593,2.63715148544563,-1.1
18.315,0.341170168293063,2.63790345764412,-1.1
18.32,0.341572186720911,2.63865304565681,-1.1
18.325,0.341975739968363,2.6394004879023,-1.1
18.33,0.342380664122645,2.64014816856636,-1.1
18.335,0.342787406218592,2.64089656448616,-1.1
18.34,0.34319577254111,2.6416444835688,-1.1
18.345,0.343605867398325,2.64239049530281,-1.1
18.35,0.344017795098368,2.64313340759529,-1.1
18.355,0.344430661571566,2.6438736972834,-1.1
18.36,0.344844332707469,2.64461160278572,-1.1
18.365,0.345259166133944,2.64534736252083,-1.1
18.37,0.345674729717318,2.64608312225593,-1.1
18.375,0.346091351283137,2.64682031250252,-1.1
18.38,0.346509239447657,2.64755797958626,-1.1
18.385,0.346928826344553,2.64829469299568,-1.1
18.39,0.347350395095889,2.64902878380073,-1.1
18.395,0.347773379457537,2.6497592983271,-1.1
18.4,0.348197615516726,2.65048647499336,-1.1
18.405,0.358490192409888,2.645803385763,-1.1
18.41,0.358916931864157,2.64652650931342,-1.1
18.415,0.359345578667059,2.64724867918951,-1.1
18.42,0.359777071591749,2.64796822646124,-1.1
18.425,0.360211336132422,2.64868276694281,-1.1
18.43,0.360648566004172,2.64939039328558,-1.1
18.435,0.361087569114104,2.65009086707098,-1.1
18.44,0.361526944753065,2.65078585722907,-1.1
18.445,0.361966335293188,2.65147870161993,-1.1
18.45,0.362405502315893,2.65217369177802,-1.1
18.455,0.362845429297819,2.65287392714484,-1.1
18.46,0.363287069913283,2.65357630827887,-1.1
18.465,0.363731944080725,2.65427606680853,-1.1
18.47,0.364179738875761,2.6549701032923,-1.1
18.475,0.364628710862532,2.65566008666022,-1.1
18.48,0.36507790636672,2.65634768584235,-1.1
18.485,0.365527101870909,2.65703409293158,-1.1
18.49,0.365977087136641,2.65772050002081,-1.1
18.495,0.366428488012686,2.65840643027289,-1.1
18.5,0.366881796237364,2.65909140685065,-1.1
18.505,0.367336937304869,2.65977519133551,-1.1
18.51,0.367792704221144,2.66045921423895,-1.1
18.515,0.368248292323485,2.66114442923529,-1.1
18.52,0.368703656908407,2.66182988265021,-1.1
18.525,0.369159274813071,2.66251509764655,-1.1
18.53,0.369615533467665,2.66320055106146,-1.1
18.535,0.370072537180319,2.66388624289496,-1.1
18.54,0.370530554171934,2.66457264998419,-1.1
18.545,0.370989226814642,2.66526024916632,-1.1
18.55,0.371447705742254,2.6659495172785,-1.1
18.555,0.371905827041998,2.66663926222784,-1.1
18.56,0.372363918539419,2.66732948401434,-1.1
18.565,0.372821518298521,2.66802161314948,-1.1
18.57,0.373278656121626,2.66871636488898,-1.1
18.575,0.373735987659827,2.66941278555853,-1.1
18.58,0.374193512913122,2.67011159041388,-1.1
18.585,0.374651738520994,2.67081397154791,-1.1
18.59,0.375110992308989,2.67151849844916,-1.1
18.595,0.375571259375944,2.67222111800177,-1.1
18.6,0.376032509919539,2.67291801550848,-1.1
18.605,0.385796907030895,2.66796285215361,-1.1
18.61,0.386257293307141,2.66865688863738,-1.1
18.615,0.386716398083523,2.66935688558562,-1.1
18.62,0.38717493661578,2.67006188932403,-1.1
18.625,0.387633802973583,2.67076784673674,-1.1
18.63,0.388093533598736,2.67147308889373,-1.1
18.635,0.388553323828533,2.67217976156218,-1.1
18.64,0.389012488209561,2.67288953367217,-1.1
18.645,0.389471592985943,2.67360121313079,-1.1
18.65,0.38993150242503,2.67431313100799,-1.1
18.655,0.390392425143078,2.67502385679229,-1.1
18.66,0.390854748570278,2.67573243680938,-1.1
18.665,0.391318562113598,2.67643958631499,-1.1
18.67,0.391782882296398,2.67714697423919,-1.1
18.675,0.392247649514034,2.67785507741912,-1.1
18.68,0.392712237917736,2.67856198850615,-1.1
18.685,0.393176796519116,2.67926794591887,-1.1
18.69,0.39364141472514,2.67997557226165,-1.1
18.695,0.394105705105618,2.68068820539458,-1.1
18.7,0.394570829951122,2.68140513006194,-1.1
18.705,0.395037772738293,2.68212253156646,-1.1
18.71,0.395507010304287,2.68283802572234,-1.1
18.715,0.395977886998013,2.6835492283438,-1.1
18.72,0.396449419342831,2.68425518575652,-1.1
18.725,0.39692071326907,2.68495780530913,-1.1
18.73,0.397390993916348,2.68566114011748,-1.1
18.735,0.39786020168002,2.68636876646026,-1.1
18.74,0.398328873001888,2.68708092275603,-1.1
18.745,0.398797872149304,2.68779713216765,-1.1
18.75,0.399267288529232,2.68851691785796,-1.1
18.755,0.399737002932385,2.68924051824553,-1.1
18.76,0.400207223975018,2.68996674123748,-1.1
18.765,0.400678398691967,2.69069344106658,-1.1
18.77,0.401151063525036,2.69141751829131,-1.1
18.775,0.401625397288159,2.69213587347014,-1.1
18.78,0.402101429783657,2.69284779134734,-1.1
18.785,0.402578594767407,2.69355517927153,-1.1
18.79,0.403056266390637,2.69426161352141,-1.1
18.795,0.403534772478893,2.69496852460845,-1.1
18.8,0.404014709078625,2.69567448202117,-1.1
18.805,0.412929313231257,2.69075974529438,-1.1
18.81,0.413413124132899,2.69145640438251,-1.1
18.815,0.413898335743693,2.69214710300617,-1.1
18.82,0.414383964587,2.69283422535114,-1.1
18.825,0.414868878174571,2.69351991718464,-1.1
18.83,0.415353076506404,2.69420560901813,-1.1
18.835,0.415837036419657,2.69489225452594,-1.1
18.84,0.416321741390971,2.69558128421955,-1.1
18.845,0.416808502722529,2.69627269809894,-1.1
18.85,0.417298274088648,2.6969633967226,-1.1
18.855,0.417791353512553,2.69764861171894,-1.1
18.86,0.418287204552439,2.69832357471637,-1.1
18.865,0.418785260964182,2.69898804729633,-1.1
18.87,0.419284032631663,2.69964512890033,-1.1
18.875,0.419783281136302,2.70029791896991,-1.1
18.88,0.420283364105967,2.70094713276081,-1.1
18.885,0.420784311342982,2.70159396236591,-1.1
18.89,0.421286748696116,2.70224055355243,-1.1
18.895,0.421789901304988,2.70288833683185,-1.1
18.9,0.422292636681346,2.70353778904132,-1.1
18.905,0.422794835615901,2.70418795650653,-1.1
18.91,0.423296349097041,2.70484050815754,-1.1
18.915,0.423796998310832,2.70549782818012,-1.1
18.92,0.424296723652628,2.70615896289997,-1.1
18.925,0.424796806622294,2.70682176654987,-1.1
18.93,0.425297813463954,2.7074876696413,-1.1
18.935,0.425799267340449,2.70815905636005,-1.1
18.94,0.426301823902873,2.70883282726459,-1.1
18.945,0.42680604939535,2.7095034987276,-1.1
18.95,0.42731218223646,2.71016964023761,-1.1
18.955,0.42782043104246,2.71083077495746,-1.1
18.96,0.428331004429606,2.71148594921283,-1.1
18.965,0.428843872595576,2.71213349407367,-1.1
18.97,0.429358767319468,2.71277150219135,-1.1
18.975,0.429875092554835,2.71340140407734,-1.1
18.98,0.430392073441294,2.71402653759174,-1.1
18.985,0.430909233141688,2.71465024059467,-1.1
18.99,0.431426452446726,2.71527346676044,-1.1
18.995,0.431943880368022,2.71589597767047,-1.1
19,0.432462053347376,2.71651801174335,-1.1
19.005,0.438290414346826,2.71334311382401,-1.1
19.01,0.438809421791208,2.71396753208268,-1.1
19.015,0.439328518642557,2.71459123508561,-1.1
19.02,0.439847704900873,2.71521374599564,-1.1
19.025,0.440366891159189,2.71583744899857,-1.1
19.03,0.440886792673242,2.71646353618729,-1.1
19.035,0.441408333315027,2.71708890812027,-1.1
19.04,0.441932049526346,2.7177092732631,-1.1
19.045,0.442458090318811,2.71832200901139,-1.1
19.05,0.442985621227395,2.71892806903946,-1.1
19.055,0.443513062729013,2.71952983753311,-1.1
19.06,0.444039818777215,2.72012874500382,-1.1
19.065,0.444565770162713,2.72072717563736,-1.1
19.07,0.445090946687829,2.72132846729386,-1.1
19.075,0.445616272224557,2.72193452732193,-1.1
19.08,0.446142640842569,2.72254511730301,-1.1
19.085,0.446669903530252,2.72315880672562,-1.1
19.09,0.44719835831083,2.72377273456681,-1.1
19.095,0.447727796568048,2.72438475505936,-1.1
19.1,0.448257503046167,2.72499510662186,-1.1
19.105,0.448787030710351,2.72560283557999,-1.1
19.11,0.449316528572214,2.72620770351517,-1.1
19.115,0.449846026434076,2.72681161777603,-1.1
19.12,0.450375643505227,2.72741791622269,-1.1
19.125,0.450905975832117,2.72802779094803,-1.1
19.13,0.45143699361242,2.72864004985916,-1.1
19.135,0.451969412101877,2.72925254718888,-1.1
19.14,0.452503737939966,2.72986313716996,-1.1
19.145,0.453039077057016,2.73047062770951,-1.1
19.15,0.453574445976388,2.731071919366,-1.1
19.155,0.454109963907373,2.7316662968837,-1.1
19.16,0.454645332826745,2.73225995914566,-1.1
19.165,0.455180612339151,2.73285838977921,-1.1
19.17,0.455717262758386,2.73345991985428,-1.1
19.175,0.456256088747156,2.73405906574356,-1.1
19.18,0.456796613468301,2.73465248958695,-1.1
19.185,0.457337704433572,2.73523995296585,-1.1
19.19,0.457877931131494,2.73582431690323,-1.1
19.195,0.458417263759744,2.73641058818924,-1.1
19.2,0.45895629836477,2.73700067417252,-1.1
19.205,0.461415344932156,2.73616706908122,-1.1
19.21,0.461957002141553,2.73675572455303,-1.1
19.215,0.462500358083325,2.73733985007182,-1.1
19.22,0.463045084931927,2.73792230666057,-1.1
19.225,0.46358969257124,2.73850500166789,-1.1
19.23,0.464133614757138,2.73908650458232,-1.1
19.235,0.464677238919812,2.73966395438091,-1.1
19.24,0.465221012094098,2.7402390199937,-1.1
19.245,0.465765560128766,2.74081527769939,-1.1
19.25,0.466311359860974,2.74139320433513,-1.1
19.255,0.466858113267499,2.74197017729656,-1.1
19.26,0.467405760743695,2.74254452765361,-1.1
19.265,0.46795313999899,2.74311673224345,-1.1
19.27,0.468499148347455,2.74368941367046,-1.1
19.275,0.469043845393735,2.74426376402751,-1.1
19.28,0.469587529161053,2.74484145224468,-1.1
19.285,0.470131004312115,2.74542438567058,-1.1
19.29,0.470674986102658,2.74601232588664,-1.1
19.295,0.47121983216055,2.74660384238139,-1.1
19.3,0.471765214660245,2.7471970278062,-1.1
19.305,0.472310656764584,2.74779045164958,-1.1
19.31,0.472856247880536,2.74838363707439,-1.1
19.315,0.473402137019711,2.74897706091777,-1.1
19.32,0.473948830821591,2.74956953108684,-1.1
19.325,0.474497461774426,2.75015794814006,-1.1
19.33,0.475048238494473,2.75074064314739,-1.1
19.335,0.47560050533064,2.75131761610881,-1.1
19.34,0.476153487422543,2.75188862860576,-1.1
19.345,0.476706469514447,2.7524551111497,-1.1
19.35,0.477259093978482,2.75301968634502,-1.1
19.355,0.477811569430905,2.75358378470317,-1.1
19.36,0.478364074685651,2.75414740622417,-1.1
19.365,0.47891687796362,2.75471031248943,-1.1
19.37,0.47947069452055,2.75527393401042,-1.1
19.375,0.480025405147153,2.75584017813579,-1.1
19.38,0.480580354192334,2.75640785277263,-1.1
19.385,0.481135184028226,2.75697242796794,-1.1
19.39,0.481689805247861,2.75753271162883,-1.1
19.395,0.482244426467496,2.7580932337083,-1.1
19.4,0.482799345710355,2.75865757048503,-1.1
19.405,0.482712103760268,2.75970343700719,-1.1
19.41,0.483268960154082,2.76026491276097,-1.1
19.415,0.483827127850081,2.76082162014317,-1.1
19.42,0.484385593569304,2.76137665859532,-1.1
19.425,0.484943701660658,2.76193169704747,-1.1
19.43,0.485501243507887,2.76248530498814,-1.1
19.435,0.486058606541182,2.76303772083592,-1.1
19.44,0.486616029179121,2.76359037510228,-1.1
19.445,0.487173898851897,2.76414469829869,-1.1
19.45,0.487732304966475,2.76469973675084,-1.1
19.455,0.488290979301955,2.76525453678441,-1.1
19.46,0.488849385416533,2.7658090983994,-1.1
19.465,0.489406688845183,2.76636413685155,-1.1
19.47,0.489963128006483,2.76692132107091,-1.1
19.475,0.490518822109724,2.76748184315037,-1.1
19.48,0.491073651945616,2.76804617992711,-1.1
19.485,0.491628273165251,2.76861266247105,-1.1
19.49,0.492183550035979,2.76918200603795,-1.1
19.495,0.492739303743864,2.76975611797642,-1.1
19.5,0.493294997847105,2.77033237568211,-1.1
19.505,0.493850662148024,2.77090553394627,-1.1
19.51,0.494406028425719,2.77147535435032,-1.1
19.515,0.494960798656966,2.77204636684727,-1.1
19.52,0.495514704620863,2.77262047878575,-1.1
19.525,0.496068401968504,2.77319649807286,-1.1
19.53,0.496622546350981,2.77377275577855,-1.1
19.535,0.497176929152037,2.77435044399571,-1.1
19.54,0.497730924522902,2.77492956272435,-1.1
19.545,0.498284025824095,2.77550939670872,-1.1
19.55,0.49883614364865,2.77609113804173,-1.1
19.555,0.499387128984953,2.77667717090916,-1.1
19.56,0.499937518274809,2.7772677337296,-1.1
19.565,0.500488056576277,2.7778609191544,-1.1
19.57,0.501039220726515,2.7784552966721,-1.1
19.575,0.501591040527846,2.77905038944554,-1.1
19.58,0.502143486177946,2.77964548221898,-1.1
19.585,0.502696825897719,2.78023938289952,-1.1
19.59,0.50325114909413,2.78083066097569,-1.1
19.595,0.503806247150923,2.78141645542454,-1.1
19.6,0.504362000858809,2.78199462047886,-1.1
19.605,0.501984529039977,2.78471977039553,-1.1
19.61,0.502542100689528,2.78528887554385,-1.1
19.615,0.503099791548369,2.78585655018069,-1.1
19.62,0.503657661221144,2.78641993328311,-1.1
19.625,0.504215620300887,2.78697926326968,-1.1
19.63,0.504773638985274,2.78753883167483,-1.1
19.635,0.505331568262694,2.78810078426577,-1.1
19.64,0.505889616749403,2.78866345211245,-1.1
19.645,0.506447993061659,2.7892242126105,-1.1
19.65,0.507006488583205,2.78978258892276,-1.1
19.655,0.507564656279204,2.79034048839785,-1.1
19.66,0.508122376940367,2.79089910312869,-1.1
19.665,0.508679203531859,2.79145867153384,-1.1
19.67,0.509235285065291,2.79201895519473,-1.1
19.675,0.509791187784789,2.79257995411135,-1.1
19.68,0.510347150108931,2.79314357563235,-1.1
19.685,0.510903499863265,2.79370958133914,-1.1
19.69,0.511460535071013,2.79427511020877,-1.1
19.695,0.512018434546111,2.79483753963687,-1.1
19.7,0.512576900265334,2.7953961543677,-1.1
19.705,0.513134442112563,2.79595071598269,-1.1
19.71,0.513691298506377,2.79650193973758,-1.1
19.715,0.51424776747,2.7970526866553,-1.1
19.72,0.514803670189497,2.79760724827029,-1.1
19.725,0.515360466978667,2.79816395565249,-1.1
19.73,0.5159188134886,2.7987182788489,-1.1
19.735,0.516478143475173,2.79926878734805,-1.1
19.74,0.517037354252455,2.79981428905703,-1.1
19.745,0.517595700762389,2.80035621448733,-1.1
19.75,0.518152735970137,2.80089837833621,-1.1
19.755,0.518708847305892,2.80144364162661,-1.1
19.76,0.519265316269515,2.80199057384707,-1.1
19.765,0.519822798512099,2.80253631397464,-1.1
19.77,0.520381234428999,2.80307943149783,-1.1
19.775,0.520939938566802,2.80362016483523,-1.1
19.78,0.521497510216353,2.80416065975405,-1.1
19.785,0.52205365135443,2.80470282360293,-1.1
19.79,0.52260895802748,2.80524689480044,-1.1
19.795,0.52316414549124,2.80579263492801,-1.1
19.8,0.523720346233962,2.80633813663699,-1.1
19.805,0.519389947413893,2.81032556968695,-1.1
19.81,0.519949009179564,2.81086558776861,-1.1
19.815,0.520508160352202,2.81140250640875,-1.1
19.82,0.521066804885359,2.8119358487702,-1.1
19.825,0.521624287127944,2.8124663301087,-1.1
19.83,0.522180487870665,2.81299657302862,-1.1
19.835,0.522735258101912,2.81352824646002,-1.1
19.84,0.523288746833296,2.8140634961701,-1.1
19.845,0.523841579913588,2.81460470634466,-1.1
19.85,0.524393310307952,2.81515354591376,-1.1
19.855,0.524943818807097,2.8157085843659,-1.1
19.86,0.525493492841216,2.816266483841,-1.1
19.865,0.526042064189406,2.81682652908331,-1.1
19.87,0.526589026212187,2.81738919692999,-1.1
19.875,0.527134557723494,2.81795401054388,-1.1
19.88,0.527679016351195,2.8185219235993,-1.1
19.885,0.528222521304579,2.81909436660772,-1.1
19.89,0.528765460013838,2.81967110115057,-1.1
19.895,0.52930830931613,2.82024998146063,-1.1
19.9,0.529851307630034,2.82082933860785,-1.1
19.905,0.530394395350905,2.82140798049933,-1.1
19.91,0.530937781095,2.82198495346075,-1.1
19.915,0.531481524466963,2.82255882698065,-1.1
19.92,0.532026102303954,2.8231286473847,-1.1
19.925,0.532572855710478,2.82369369941717,-1.1
19.93,0.533121516465636,2.82425279098517,-1.1
19.935,0.533670892476531,2.82480210739142,-1.1
19.94,0.534221132754775,2.82533926445013,-1.1
19.945,0.534770687579604,2.82586974578863,-1.1
19.95,0.535318096637221,2.82640213447577,-1.1
19.955,0.535864253997298,2.82693762260443,-1.1
19.96,0.536410292148085,2.82747477966314,-1.1
19.965,0.536956479310485,2.82801312881476,-1.1
19.97,0.537502517461272,2.82855171638495,-1.1
19.975,0.538048019170256,2.82909054237372,-1.1
19.98,0.53859164333293,2.82963199096686,-1.1
19.985,0.539132704495879,2.83017820793158,-1.1
19.99,0.539671888112517,2.83072847801214,-1.1
19.995,0.540209790229292,2.83128303962713,-1.1
20,0.540747304915877,2.83184189277655,-1.1
20.005,0.53589871824983,2.83600162205235,-1.1
20.01,0.536435785901578,2.8365657204105,-1.1
20.015,0.536972823751005,2.83713196453587,-1.1
20.02,0.537509325158628,2.83770011600987,-1.1
20.025,0.538045498740705,2.83826731380955,-1.1
20.03,0.538581016671689,2.83883045849339,-1.1
20.035,0.539115819346937,2.8393905037357,-1.1
20.04,0.539650294196637,2.83995197948948,-1.1
20.045,0.54018429220918,2.84051893887058,-1.1
20.05,0.540718081605466,2.84108852085606,-1.1
20.055,0.541252228629621,2.84165452656284,-1.1
20.06,0.541786733281644,2.84221576389805,-1.1
20.065,0.54232052267793,2.84277580914036,-1.1
20.07,0.542852851760419,2.84333704647556,-1.1
20.075,0.543383839738401,2.84389852222935,-1.1
20.08,0.543913456809552,2.84445952114597,-1.1
20.085,0.544442269218,2.84502195057408,-1.1
20.09,0.544969889533552,2.84558819469944,-1.1
20.095,0.545495691907438,2.84615920719639,-1.1
20.1,0.546020361793073,2.84673308071629,-1.1
20.105,0.546543362748655,2.84731029209629,-1.1
20.11,0.547064486157926,2.84789227184788,-1.1
20.115,0.54758426846269,2.84847782787815,-1.1
20.12,0.548102918279203,2.84906624493137,-1.1
20.125,0.548620733630689,2.84965704617039,-1.1
20.13,0.549137952935727,2.85024951633946,-1.1
20.135,0.549654904019864,2.85084341702,-1.1
20.14,0.550171884906324,2.85143803295628,-1.1
20.145,0.55068907440904,2.85203169521824,-1.1
20.15,0.551206710946592,2.8526220196201,-1.1
20.155,0.551724913728269,2.85320733723179,-1.1
20.16,0.552242967498334,2.85378812489048,-1.1
20.165,0.552760067594083,2.85436581310764,-1.1
20.17,0.553275945794614,2.85494230923191,-1.1
20.175,0.55379051269296,2.85552071270481,-1.1
20.18,0.554303649079831,2.85610340771214,-1.1
20.185,0.554816100013288,2.85668944057957,-1.1
20.19,0.555328759563001,2.85727690395847,-1.1
20.195,0.555841299903425,2.8578653210117,-1.1
20.2,0.556354168069394,2.85845349964634,-1.1
20.205,0.552360044180874,2.86189887882195,-1.1
20.21,0.552872852742199,2.86248181224785,-1.1
20.215,0.553385929524426,2.86306045413933,-1.1
20.22,0.553899423539166,2.86363528133354,-1.1
20.225,0.554412649333004,2.86420939327202,-1.1
20.23,0.554925875126843,2.86478159786186,-1.1
20.235,0.555439309536938,2.86535094142876,-1.1
20.24,0.555951879679684,2.86592004657707,-1.1
20.245,0.55646358555508,2.86649058223686,-1.1
20.25,0.556974486767773,2.86706230998955,-1.1
20.255,0.55748482173634,2.86763499141655,-1.1
20.26,0.557995186507229,2.86820695758781,-1.1
20.265,0.55850519365025,2.86877677799187,-1.1
20.27,0.559015260397915,2.86934492946587,-1.1
20.275,0.5595248205061,2.86991308093987,-1.1
20.28,0.56003357595158,2.87048218608818,-1.1
20.285,0.560542182385449,2.8710500991436,-1.1
20.29,0.56105120605183,2.87161586643181,-1.1
20.295,0.561560319125179,2.8721794879528,-1.1
20.3,0.562068865954403,2.87274001003227,-1.1
20.305,0.562576846539501,2.87329767108879,-1.1
20.31,0.563083068787579,2.87385580898247,-1.1
20.315,0.563586638628964,2.87441776157341,-1.1
20.32,0.564088003098492,2.87498400569878,-1.1
20.325,0.564588026463512,2.87555549503288,-1.1
20.33,0.565087394177441,2.87613318325005,-1.1
20.335,0.565586910902981,2.87671468616447,-1.1
20.34,0.566087649523739,2.87729523540459,-1.1
20.345,0.566589818655972,2.87787149311028,-1.1
20.35,0.567091987788204,2.87844202877007,-1.1
20.355,0.567593054234509,2.87900565029106,-1.1
20.36,0.568092690169338,2.87956474185905,-1.1
20.365,0.568590299546246,2.88012669445,-1.1
20.37,0.569086478411678,2.88069556117973,-1.1
20.375,0.56958289569569,2.88126871944389,-1.1
20.38,0.570080832898144,2.88184163928947,-1.1
20.385,0.570579991995815,2.88241122127495,-1.1
20.39,0.571079210698132,2.88297698856316,-1.1
20.395,0.571576849877361,2.88353965640984,-1.1
20.4,0.572072432696346,2.8841013705822,-1.1
20.405,0.570568702587651,2.88588951112625,-1.1
20.41,0.571061901220845,2.8864559936702,-1.1
20.415,0.571555457481908,2.88702390672562,-1.1
20.42,0.572049728998708,2.88759062768814,-1.1
20.425,0.572543464073705,2.88815758706924,-1.1
20.43,0.57303556002097,2.88872645379898,-1.1
20.435,0.573525271782445,2.88929865838882,-1.1
20.44,0.574012748369741,2.88987467767593,-1.1
20.445,0.574498794445562,2.89045308114883,-1.1
20.45,0.574983767637776,2.89103291513321,-1.1
20.455,0.575467667946385,2.89161441804764,-1.1
20.46,0.575950525173711,2.89220021249649,-1.1
20.465,0.576432011494207,2.89279315950272,-1.1
20.47,0.576912156710195,2.89339182855484,-1.1
20.475,0.577392570147084,2.89399025918839,-1.1
20.48,0.57787393725829,2.89458415986893,-1.1
20.485,0.578355751404332,2.89517376901505,-1.1
20.49,0.578838429817723,2.89576004030106,-1.1
20.495,0.579321495661306,2.89634392740128,-1.1
20.5,0.579804442295598,2.89692519189713,-1.1
20.505,0.580287835964727,2.89750168802139,-1.1
20.51,0.58077179587798,2.89807413102982,-1.1
20.515,0.581255398163365,2.8986458587825,-1.1
20.52,0.581738106379079,2.89921687127945,-1.1
20.525,0.5822201589437,2.89978621484634,-1.1
20.53,0.582700840601491,2.90035579683182,-1.1
20.535,0.583179614910649,2.90092895509598,-1.1
20.54,0.583657703766393,2.9015071201503,-1.1
20.545,0.584135554203557,2.90208957673904,-1.1
20.55,0.584613821873235,2.90267251016495,-1.1
20.555,0.585093639263677,2.90325043680069,-1.1
20.56,0.585574380526113,2.90382311822769,-1.1
20.565,0.586054913172292,2.90439317705032,-1.1
20.57,0.586534521946477,2.90496109010574,-1.1
20.575,0.587013713488149,2.90552661897537,-1.1
20.58,0.587492636808919,2.90609071733353,-1.1
20.585,0.587971023687886,2.90665481569168,-1.1
20.59,0.588449350962209,2.90721962930557,-1.1
20.595,0.588927111992406,2.90778563501236,-1.1
20.6,0.58940359152274,2.9083533096492,-1.1
20.605,0.590243546396501,2.90870074931582,-1.1
20.61,0.590717313915498,2.90927176181277,-1.1
20.615,0.591189501911409,2.90984587375125,-1.1
20.62,0.591660169988877,2.91042213145694,-1.1
20.625,0.592129377752549,2.91100053492984,-1.1
20.63,0.592597184807069,2.9115827531,-1.1
20.635,0.593063144117601,2.91217093173465,-1.1
20.64,0.593526689440019,2.91276459399661,-1.1
20.645,0.593988685041673,2.91336183253726,-1.1
20.65,0.594449697166688,2.91396288577517,-1.1
20.655,0.594909278780229,2.91456894580325,-1.1
20.66,0.595368562370546,2.91517786685428,-1.1
20.665,0.595828620821244,2.91578654948672,-1.1
20.67,0.596289692550904,2.91639404002627,-1.1
20.675,0.596752343803651,2.91699866954287,-1.1
20.68,0.597216097742326,2.91759710017642,-1.1
20.685,0.597680507332093,2.91818790141543,-1.1
20.69,0.598144887119539,2.91877226535281,-1.1
20.695,0.598607985407121,2.91935519877871,-1.1
20.7,0.599069742590196,2.91994075480899,-1.1
20.705,0.599530635505922,2.92052941028079,-1.1
20.71,0.599990842968232,2.9211202115198,-1.1
20.715,0.600451050430543,2.92171196643313,-1.1
20.72,0.600910721451051,2.92230539027652,-1.1
20.725,0.601369230180986,2.92290167514285,-1.1
20.73,0.601826785236604,2.92349962893924,-1.1
20.735,0.60228356543184,2.92409758273562,-1.1
20.74,0.60274076285959,2.92469529811343,-1.1
20.745,0.603197990089662,2.9252922982355,-1.1
20.75,0.603654978901155,2.92588810626468,-1.1
20.755,0.604111967712648,2.92648153010806,-1.1
20.76,0.604568122059114,2.9270754307886,-1.1
20.765,0.605023471742875,2.92767290774783,-1.1
20.77,0.605478523403413,2.92827253047427,-1.1
20.775,0.60593381348253,2.92887048427066,-1.1
20.78,0.606390087038285,2.92946390811404,-1.1
20.785,0.606846658617265,2.93005470935306,-1.1
20.79,0.60730254474283,2.93064598742923,-1.1
20.795,0.607757745414979,2.93123821917972,-1.1
20.8,0.608212379843003,2.93182997409305,-1.1
20.805,0.611331731387491,2.93077467142306,-1.1
20.81,0.611785710164423,2.93136475740634,-1.1
20.815,0.612239361115809,2.93195627390109,-1.1
20.82,0.612692147799845,2.93254993616305,-1.1
20.825,0.613143951007242,2.93314455209933,-1.1
20.83,0.613595068761225,2.93373916803561,-1.1
20.835,0.614045322247858,2.93433545290194,-1.1
20.84,0.614494592257853,2.9349348372098,-1.1
20.845,0.614943534442301,2.93553589044772,-1.1
20.85,0.615392446824427,2.9361362284299,-1.1
20.855,0.615841120787974,2.93673608957492,-1.1
20.86,0.616289645739908,2.93733666597567,-1.1
20.865,0.616737485238428,2.93793914972506,-1.1
20.87,0.617184430667277,2.93854258714877,-1.1
20.875,0.617630958863611,2.93914507089816,-1.1
20.88,0.618077099629755,2.93974731622897,-1.1
20.885,0.618522495337839,2.94035218416415,-1.1
20.89,0.61896747381341,2.94096015154086,-1.1
20.895,0.619412482091303,2.94156931101046,-1.1
20.9,0.619858712264414,2.94217799364291,-1.1
20.905,0.620306581565256,2.9427850073453,-1.1
20.91,0.620755434342737,2.94338796793185,-1.1
20.915,0.621205896445627,2.94398377596103,-1.1
20.92,0.621657401629801,2.94457219301425,-1.1
20.925,0.622108698197718,2.94515751062594,-1.1
20.93,0.622559130498285,2.94574115930758,-1.1
20.935,0.623008489915247,2.94632337747775,-1.1
20.94,0.62345698506486,2.94690702615939,-1.1
20.945,0.623904049702997,2.94749592004977,-1.1
20.95,0.624349981852884,2.94809101282321,-1.1
20.955,0.624796182223673,2.94869015871249,-1.1
20.96,0.62524285943162,2.94929073511325,-1.1
20.965,0.625690251895304,2.94988988100253,-1.1
20.97,0.626138270207758,2.95048449693881,-1.1
20.975,0.626586050101633,2.95107458292208,-1.1
20.98,0.62703272730958,2.95166299997531,-1.1
20.985,0.62747782499444,2.95225260912143,-1.1
20.99,0.62792179019105,2.95284579454623,-1.1
20.995,0.6283650103296,2.95344303308688,-1.1
21,0.628807694026346,2.95404360948764,-1.1
21.005,0.635600721947915,2.95053372394403,-1.1
21.01,0.636041438691384,2.9511376382049,-1.1
21.015,0.636479711644418,2.95174512874445,-1.1
21.02,0.636915123574502,2.95235810291132,-1.1
21.025,0.637347853295571,2.9529789448913,-1.1
21.03,0.637779301516778,2.95360741626581,-1.1
21.035,0.638211256377465,2.95424089443048,-1.1
21.04,0.638644969575173,2.95487556468805,-1.1
21.045,0.63908053051687,2.95550737392267,-1.1
21.05,0.639517074935205,2.95613346111139,-1.1
21.055,0.63995350014425,2.95675406467279,-1.1
21.06,0.64038861405111,2.95737204562983,-1.1
21.065,0.640822118632562,2.95799098026117,-1.1
21.07,0.641255027167565,2.95861253749689,-1.1
21.075,0.641688412539727,2.95923719417414,-1.1
21.08,0.642122870795495,2.95986423503717,-1.1
21.085,0.642558401934869,2.96049151431879,-1.1
21.09,0.64299452912069,2.96111783992609,-1.1
21.095,0.643430358283288,2.96174321185907,-1.1
21.1,0.643865651004083,2.96236739169916,-1.1
21.105,0.644300109259851,2.96299014102777,-1.1
21.11,0.64473409067846,2.96361193668207,-1.1
21.115,0.645167654864556,2.96423397075495,-1.1
21.12,0.645600623004205,2.96485958110651,-1.1
21.125,0.646032816283471,2.96549091350397,-1.1
21.13,0.646464175097711,2.96612772952875,-1.1
21.135,0.646895593516595,2.96676788341364,-1.1
21.14,0.647326952330834,2.96740899097284,-1.1
21.145,0.647758251540429,2.96804914485773,-1.1
21.15,0.648189908377893,2.96868715297541,-1.1
21.155,0.648621565215356,2.9693249226745,-1.1
21.16,0.64905298363424,2.9699638844665,-1.1
21.165,0.64948434244848,2.97060308467707,-1.1
21.17,0.64991546284414,2.97124133121332,-1.1
21.175,0.650346225611932,2.97187957774958,-1.1
21.18,0.650776511542565,2.97251973163446,-1.1
21.185,0.651205426566369,2.97316322337946,-1.1
21.19,0.651633387915856,2.97380933772882,-1.1
21.195,0.65206093203283,2.97445735942682,-1.1
21.2,0.652487462870843,2.97510895740351,-1.1
21.205,0.661132234841536,2.97002217732968,-1.1
21.21,0.661557812005233,2.97067973577084,-1.1
21.215,0.661982971936415,2.97133967839779,-1.1
21.22,0.662407953053664,2.9720012899548,-1.1
21.225,0.662832516938399,2.97266290151181,-1.1
21.23,0.663256723195266,2.97332451306881,-1.1
21.235,0.663681167870711,2.97398660146298,-1.1
21.24,0.66410602977867,2.97464940511288,-1.1
21.245,0.664532560616683,2.97531149350705,-1.1
21.25,0.664962250500869,2.97597000562252,-1.1
21.255,0.665395337849807,2.97662255727353,-1.1
21.26,0.665831345826339,2.97726485692563,-1.1
21.265,0.666269559174727,2.97789332830014,-1.1
21.27,0.666707772523116,2.97851083242001,-1.1
21.275,0.667144257336806,2.97912404500546,-1.1
21.28,0.667578596383284,2.97973940335812,-1.1
21.285,0.668011624127578,2.98036191426815,-1.1
21.29,0.668444830685805,2.98099324666562,-1.1
21.295,0.668879050522994,2.9816300626904,-1.1
21.3,0.669314402848433,2.98226830922665,-1.1
21.305,0.669749933987807,2.98290584050717,-1.1
21.31,0.670184630662154,2.98354456388058,-1.1
21.315,0.670617896825026,2.98418638669552,-1.1
21.32,0.671050388127516,2.98483059369625,-1.1
21.325,0.671483535081099,2.98547456227841,-1.1
21.33,0.671918350964736,2.98611710034909,-1.1
21.335,0.672354835778426,2.98675844632687,-1.1
21.34,0.672792393475722,2.98739907704892,-1.1
21.345,0.673229891568373,2.98803875409665,-1.1
21.35,0.673666495591353,2.9886770006329,-1.1
21.355,0.674102026730727,2.989314770332,-1.1
21.36,0.674536365777205,2.98995373212399,-1.1
21.365,0.674970526009749,2.99059603177609,-1.1
21.37,0.675405163079451,2.99124214612545,-1.1
21.375,0.675839919358443,2.99189183675351,-1.1
21.38,0.676275092869948,2.99254295789303,-1.1
21.385,0.676710445195388,2.99319503270688,-1.1
21.39,0.677145320683669,2.99384973012509,-1.1
21.395,0.677579957753371,2.99450514279904,-1.1
21.4,0.67801531007881,2.99515840970578,-1.1
21.405,0.68866114641958,2.98795740650437,-1.1
21.41,0.689098942535455,2.98860638187668,-1.1
21.415,0.689538347976739,2.98925249622605,-1.1
21.42,0.689978766696985,2.98989455745957,-1.1
21.425,0.690419781463678,2.99053256557724,-1.1
21.43,0.690861094253595,2.9911662821605,-1.1
21.435,0.691302407043512,2.99179618404648,-1.1
21.44,0.691744256275232,2.99242298649094,-1.1
21.445,0.692187237995203,2.99304788158677,-1.1
21.45,0.692631709831293,2.99367206142685,-1.1
21.455,0.693077790992792,2.99429481075547,-1.1
21.46,0.693524766223962,2.99491398380539,-1.1
21.465,0.693971860664423,2.99552934215805,-1.1
21.47,0.694418537872369,2.99614350841782,-1.1
21.475,0.694864678638513,2.99676029728196,-1.1
21.48,0.695311057823236,2.99738090084336,-1.1
21.485,0.695758748310144,2.99800293491623,-1.1
21.49,0.696208644168909,2.99862377689621,-1.1
21.495,0.696660805004175,2.99924199627182,-1.1
21.5,0.697114396350915,2.99985687778733,-1.1
21.505,0.697568524139459,3.00046770618699,-1.1
21.51,0.698022234695489,3.0010744814708,-1.1
21.515,0.698474991577203,3.0016791109874,-1.1
21.52,0.698927331226404,3.00228469417832,-1.1
21.525,0.699379730480249,3.00289433048508,-1.1
21.53,0.699832606571252,3.003508973582,-1.1
21.535,0.700287449615533,3.00412695453904,-1.1
21.54,0.700744080799158,3.00474660442612,-1.1
21.545,0.70120118881994,3.00536553905747,-1.1
21.55,0.701657998817499,3.00597922848008,-1.1
21.555,0.702113735931451,3.006589341624,-1.1
21.56,0.702568102138574,3.00720231579087,-1.1
21.565,0.703021872299249,3.00782220409653,-1.1
21.57,0.703477132576044,3.00844757602951,-1.1
21.575,0.703934717433984,3.00907461689255,-1.1
21.58,0.704395044105585,3.00969975040696,-1.1
21.585,0.704857874172266,3.01031916187546,-1.1
21.59,0.705321240680749,3.01093237446091,-1.1
21.595,0.705784666793878,3.0115393881633,-1.1
21.6,0.706247854488428,3.01213996456406,-1.1
21.605,0.718434151198659,3.00261203690501,-1.1
21.61,0.718897398497853,3.00320689125987,-1.1
21.615,0.719361599471364,3.00380079194041,-1.1
21.62,0.719826158072743,3.004396361551,-1.1
21.625,0.720290359046254,3.00499503060313,-1.1
21.63,0.720754023577962,3.0055965606782,-1.1
21.635,0.721216615226064,3.0062011901948,-1.1
21.64,0.721678253199849,3.00680868073435,-1.1
21.645,0.72213983156899,3.0074185554597,-1.1
21.65,0.722602125193868,3.0080322448823,-1.1
21.655,0.723065551306996,3.00865117951365,-1.1
21.66,0.723530229117665,3.00927369042368,-1.1
21.665,0.723996218230519,3.00989667817088,-1.1
21.67,0.724463876273427,3.01051918908091,-1.1
21.675,0.724932428386006,3.01114026947947,-1.1
21.68,0.725401099707875,3.01175801201792,-1.1
21.685,0.725870486285481,3.01237098618479,-1.1
21.69,0.726341005351338,3.01298252984019,-1.1
21.695,0.726812299277577,3.01359645768138,-1.1
21.7,0.727284964110646,3.01421086235972,-1.1
21.705,0.727758761431966,3.01482288285227,-1.1
21.71,0.728233393218312,3.01543394967051,-1.1
21.715,0.728709157492909,3.01604573174449,-1.1
21.72,0.729185160186086,3.0166582290742,-1.1
21.725,0.729661162879262,3.01727001114817,-1.1
21.73,0.730137642409596,3.01788012429209,-1.1
21.735,0.730614956404958,3.01849190636607,-1.1
21.74,0.731093104865346,3.01910797997447,-1.1
21.745,0.731572385813985,3.01972548409434,-1.1
21.75,0.732052799250874,3.02034179612132,-1.1
21.755,0.732533868338857,3.02095715447398,-1.1
21.76,0.733015295054707,3.02157251282664,-1.1
21.765,0.733497198607716,3.02218810959788,-1.1
21.77,0.733979340579305,3.02280418320628,-1.1
21.775,0.734462138201985,3.02342025681468,-1.1
21.78,0.734945829894338,3.02403585358592,-1.1
21.785,0.735430177237782,3.02465168877574,-1.1
21.79,0.735914643790517,3.02526800080271,-1.1
21.795,0.736398693110738,3.02588502808543,-1.1
21.8,0.73688250401238,3.02650467797251,-1.1
21.805,0.749351930663525,3.01534380904284,-1.1
21.81,0.749836874053418,3.01597323409167,-1.1
21.815,0.750323069140851,3.01660456648913,-1.1
21.82,0.75081033711189,3.0172347067937,-1.1
21.825,0.751298022315442,3.01786293974963,-1.1
21.83,0.751785469100415,3.01849045744982,-1.1
21.835,0.752273094699323,3.01911892882434,-1.1
21.84,0.752761375949323,3.01974835387316,-1.1
21.845,0.753250849292218,3.02037706366626,-1.1
21.85,0.753742289588391,3.02100243559924,-1.1
21.855,0.754235756442487,3.02162423125354,-1.1
21.86,0.754730474994122,3.02224388114062,-1.1
21.865,0.755225551173627,3.02286138526049,-1.1
21.87,0.755720210120618,3.02347722045031,-1.1
21.875,0.75621463064903,3.02409400931445,-1.1
21.88,0.756709945247113,3.02471437445727,-1.1
21.885,0.757206630752026,3.02533903113452,-1.1
21.89,0.757705342814862,3.02596583357897,-1.1
21.895,0.758205544993817,3.02659239760485,-1.1
21.9,0.758706998870313,3.02721920004931,-1.1
21.905,0.75920922760719,3.0278479098424,-1.1
21.91,0.759711575553357,3.02847900382128,-1.1
21.915,0.760215055987775,3.02911105147448,-1.1
21.92,0.760720145747601,3.0297428607091,-1.1
21.925,0.76122726206535,3.03037419310656,-1.1
21.93,0.761736404941022,3.0310024260625,-1.1
21.935,0.762247037932813,3.031626367484,-1.1
21.94,0.762759101436078,3.03224720946398,-1.1
21.945,0.763271582171857,3.03286566725817,-1.1
21.95,0.763784539744794,3.03348126402941,-1.1
21.955,0.764298868224561,3.03409304610339,-1.1
21.96,0.764814508006513,3.03470196715441,-1.1
21.965,0.765332055137097,3.03530755034533,-1.1
21.97,0.765851926848828,3.03590788832751,-1.1
21.975,0.766373407885968,3.03650298110095,-1.1
21.98,0.766895306155621,3.03709211340991,-1.1
21.985,0.767417323634564,3.03767337790576,-1.1
21.99,0.767939519927441,3.03824963561145,-1.1
21.995,0.768462073848187,3.03882446280566,-1.1
22,0.768985164210736,3.03939738265124,-1.1
22.005,0.781642888838653,3.02623086828031,-1.1
22.01,0.782168244177703,3.02679949659147,-1.1
22.015,0.78269467240036,3.02736907857694,-1.1
22.02,0.783221458250885,3.02793866056242,-1.1
22.025,0.783748184496765,3.02850681203642,-1.1
22.03,0.784274851138,3.02907424825468,-1.1
22.035,0.784801458174591,3.02964287656584,-1.1
22.04,0.785329138094787,3.03021198171415,-1.1
22.045,0.785859440619354,3.0307818021182,-1.1
22.05,0.786392425352935,3.03135209935941,-1.1
22.055,0.786927675063018,3.03191882032194,-1.1
22.06,0.787464474493865,3.03247791188993,-1.1
22.065,0.788001810366516,3.03303032773771,-1.1
22.07,0.788538848215942,3.03357869046964,-1.1
22.075,0.789075826460723,3.03412371534147,-1.1
22.08,0.789613519961242,3.03466730970182,-1.1
22.085,0.790152941996459,3.03521209615507,-1.1
22.09,0.790694450194244,3.03575783628263,-1.1
22.095,0.791237269694213,3.03630286115446,-1.1
22.1,0.791781519705657,3.03684740918913,-1.1
22.105,0.792327200228576,3.03739410299101,-1.1
22.11,0.792873536402587,3.03794389623441,-1.1
22.115,0.793420051390533,3.0384939278964,-1.1
22.12,0.793966983610992,3.03904276746549,-1.1
22.125,0.794515227133636,3.03959399122038,-1.1
22.13,0.79506484156311,3.04015069860258,-1.1
22.135,0.795615946108703,3.04071169751921,-1.1
22.14,0.796169256026153,3.04127555745878,-1.1
22.145,0.796724950129394,3.04184299367704,-1.1
22.15,0.797282789999847,3.04241186040678,-1.1
22.155,0.797841643149261,3.04297691243925,-1.1
22.16,0.798400973135833,3.04353624242582,-1.1
22.165,0.798960839564208,3.04409175771513,-1.1
22.17,0.799521182829742,3.04464631933012,-1.1
22.175,0.800082360560302,3.04520016568937,-1.1
22.18,0.800644789988403,3.04575258153715,-1.1
22.185,0.801208351904754,3.04630380529203,-1.1
22.19,0.801772867495422,3.04685359853544,-1.1
22.195,0.802337800318603,3.04740172284879,-1.1
22.2,0.802903031165008,3.04795032399931,-1.1
22.205,0.815473594993314,3.03261181059737,-1.1
22.21,0.816039421886166,3.03316589537521,-1.1
22.215,0.816605308383664,3.03372307959457,-1.1
22.22,0.817172386974057,3.03428455534835,-1.1
22.225,0.817741849750241,3.03485318365951,-1.1
22.23,0.818313577502927,3.03542848769088,-1.1
22.235,0.818886735767087,3.03600450697799,-1.1
22.24,0.819460728496274,3.03657647314925,-1.1
22.245,0.820035794109067,3.03714629355331,-1.1
22.25,0.820612826675137,3.03771635237594,-1.1
22.255,0.821191647380551,3.03828569594283,-1.1
22.26,0.821772077411374,3.03885050955672,-1.1
22.265,0.822354057162961,3.03940888586898,-1.1
22.27,0.822937288612088,3.03996154013534,-1.1
22.275,0.823521890968045,3.04050966444869,-1.1
22.28,0.824107506602963,3.04105325880904,-1.1
22.285,0.824693718284329,3.04159256163497,-1.1
22.29,0.825279631942471,3.04212757292648,-1.1
22.295,0.825865426391324,3.04265996161361,-1.1
22.3,0.826452591747006,3.04319425764938,-1.1
22.305,0.827042320102414,3.04373522940536,-1.1
22.31,0.82763514789935,3.04428192320724,-1.1
22.315,0.828230717509946,3.04482957068343,-1.1
22.32,0.828827777236661,3.04537578764816,-1.1
22.325,0.829425254195889,3.04592033568282,-1.1
22.33,0.830023267596921,3.04646488371749,-1.1
22.335,0.830622294276913,3.04701276961227,-1.1
22.34,0.831223109096249,3.04756542387862,-1.1
22.345,0.831826010078152,3.04812022391219,-1.1
22.35,0.832431056827267,3.04867526236434,-1.1
22.355,0.833038010925015,3.04923053923507,-1.1
22.36,0.833647110789975,3.04978629294295,-1.1
22.365,0.834258416026791,3.05034276190658,-1.1
22.37,0.834871390193661,3.05089851561446,-1.1
22.375,0.835485556453427,3.05144973936935,-1.1
22.38,0.836100199550351,3.05199309531112,-1.1
22.385,0.836715379089078,3.05252858343978,-1.1
22.39,0.837330797046384,3.05305739584823,-1.1
22.395,0.83794597658511,3.0535802477922,-1.1
22.4,0.838560977309903,3.05409856978316,-1.1
22.405,0.850301985112751,3.03708885745753,-1.1
22.41,0.850917105046833,3.03760408000697,-1.1
22.415,0.851533059445942,3.03811977939357,-1.1
22.42,0.85215074237975,3.03863714771022,-1.1
22.425,0.852770630685414,3.03915737704982,-1.1
22.43,0.853392485944355,3.03967856006373,-1.1
22.435,0.854015354482258,3.04019712047328,-1.1
22.44,0.85463858064803,3.04071115092982,-1.1
22.445,0.855262522069539,3.04122112827052,-1.1
22.45,0.855887297956074,3.04172848300685,-1.1
22.455,0.85651332554015,3.04223393039454,-1.1
22.46,0.857141200868214,3.04273651675929,-1.1
22.465,0.85777134117278,3.04323624210108,-1.1
22.47,0.858402733174885,3.04373215274562,-1.1
22.475,0.859033707944478,3.04422234134425,-1.1
22.48,0.859663848249043,3.04470799998988,-1.1
22.485,0.860294286576832,3.04519532756556,-1.1
22.49,0.860927049485768,3.04568933086146,-1.1
22.495,0.861562792626942,3.04619048671473,-1.1
22.5,0.862202231256093,3.04669617252101,-1.1
22.505,0.862845901815022,3.04720400409449,-1.1
22.51,0.863493506280507,3.04771302776087,-1.1
22.515,0.864143673745717,3.04821990566004,-1.1
22.52,0.864794079629506,3.04872082309474,-1.1
22.525,0.865443710652913,3.0492141111349,-1.1
22.53,0.866092745629872,3.04970143871058,-1.1
22.535,0.866741661397541,3.05018566684474,-1.1
22.54,0.86739081558379,3.0506675107931,-1.1
22.545,0.868040863839711,3.05114840106715,-1.1
22.55,0.868693057862843,3.05163143710841,-1.1
22.555,0.869347993699635,3.05211995677699,-1.1
22.56,0.870005373326863,3.05261348323573,-1.1
22.565,0.870665137139882,3.053110109136,-1.1
22.57,0.87132776197585,3.05360911922206,-1.1
22.575,0.871992472974385,3.05410955981959,-1.1
22.58,0.872657958833302,3.05460809306849,-1.1
22.585,0.873323802320088,3.05510328845729,-1.1
22.59,0.87399071869048,3.05559848384608,-1.1
22.595,0.874659423200215,3.05609630183924,-1.1
22.6,0.875329975453938,3.05659483508815,-1.1
22.605,0.885903270805737,3.03813573227757,-1.1
22.61,0.886576266849896,3.03863092766637,-1.1
22.615,0.887249858940503,3.03912326203221,-1.1
22.62,0.887924404705426,3.03961368904942,-1.1
22.625,0.88859996374931,3.04010506974095,-1.1
22.63,0.88927683409538,3.04059645043248,-1.1
22.635,0.889954598511121,3.04108425484532,-1.1
22.64,0.890632780159375,3.04156752930516,-1.1
22.645,0.891311140621564,3.04204532013768,-1.1
22.65,0.891989560688397,3.0425185810172,-1.1
22.655,0.892669053638837,3.04299136505956,-1.1
22.66,0.893350632751843,3.0434665332877,-1.1
22.665,0.894035013283154,3.04394408570165,-1.1
22.67,0.894722433651349,3.04442211495274,-1.1
22.675,0.895412595833203,3.04489799843663,-1.1
22.68,0.89610478457298,3.04536911354894,-1.1
22.685,0.896797748173139,3.04583426819676,-1.1
22.69,0.897490652168653,3.04629322396153,-1.1
22.695,0.898183019722363,3.04674693451756,-1.1
22.7,0.898875089252851,3.04719754563207,-1.1
22.705,0.899568172062299,3.04764696465367,-1.1
22.71,0.900263639057538,3.04809638367528,-1.1
22.715,0.900962563122174,3.04854604111546,-1.1
22.72,0.901664705837628,3.04899379120702,-1.1
22.725,0.902368696297071,3.04943677292699,-1.1
22.73,0.903073521221539,3.04987260208958,-1.1
22.735,0.903778405750653,3.05030056343907,-1.1
22.74,0.904481800163648,3.05071994171971,-1.1
22.745,0.905182691181561,3.05112954483861,-1.1
22.75,0.905881376827619,3.05153056488866,-1.1
22.755,0.906579406822583,3.05192800866002,-1.1
22.76,0.907278748119733,3.05232592926854,-1.1
22.765,0.907980354393384,3.05272623406285,-1.1
22.77,0.908684881294629,3.05312963829869,-1.1
22.775,0.909392507637403,3.0535356651389,-1.1
22.78,0.910102637375257,3.05394312249059,-1.1
22.785,0.910815270508191,3.05435057984227,-1.1
22.79,0.911529632175824,3.05475660668248,-1.1
22.795,0.912244291866681,3.05515929566258,-1.1
22.8,0.912958236301801,3.05555650101537,-1.1
22.805,0.921854193430695,3.03638429289281,-1.1
22.81,0.922568197470459,3.03677506094396,-1.1
22.815,0.923282916765961,3.03716535215795,-1.1
22.82,0.923997576456818,3.0375549281162,-1.1
22.825,0.924712593775543,3.03794450407445,-1.1
22.83,0.92542999528006,3.03833765631139,-1.1
22.835,0.926151271086487,3.03873629217565,-1.1
22.84,0.9268761231716,3.03913707380712,-1.1
22.845,0.927603001814636,3.03953547125279,-1.1
22.85,0.928330714922699,3.03992910032689,-1.1
22.855,0.929058726053986,3.04031843786656,-1.1
22.86,0.929786617975983,3.04070491438329,-1.1
22.865,0.930515046339783,3.04109067564427,-1.1
22.87,0.931244964819702,3.04147739057958,-1.1
22.875,0.931977565508637,3.04186625128209,-1.1
22.88,0.932713444453034,3.04225606565892,-1.1
22.885,0.933452661257538,3.04264611845433,-1.1
22.89,0.934194679480347,3.043035455994,-1.1
22.895,0.934938843470367,3.0434233630222,-1.1
22.9,0.935685034018311,3.04380936270177,-1.1
22.905,0.936432416659149,3.04419250135838,-1.1
22.91,0.93717920325354,3.04457063322484,-1.1
22.915,0.937924142103943,3.04494232778966,-1.1
22.92,0.938668782931122,3.04531068449437,-1.1
22.925,0.939416523199829,3.04568094854772,-1.1
22.93,0.940169329863342,3.04605502729833,-1.1
22.935,0.940925474386963,3.04642910604894,-1.1
22.94,0.941682214957031,3.04679770117223,-1.1
22.945,0.942437882643494,3.04715890531957,-1.1
22.95,0.943192537050995,3.04751605635106,-1.1
22.955,0.943947727900299,3.04787225370824,-1.1
22.96,0.944703932028565,3.04822892790257,-1.1
22.965,0.945462043505463,3.04858631735265,-1.1
22.97,0.946222062330994,3.04894251470983,-1.1
22.975,0.946984346133026,3.04929728155553,-1.1
22.98,0.947749073725494,3.04965085630834,-1.1
22.985,0.948514933806213,3.05000323896825,-1.1
22.99,0.949280853491577,3.05035323744237,-1.1
22.995,0.950046653967651,3.0507008517307,-1.1
23,0.950813527327332,3.05104798918187,-1.1
23.005,0.957333620934165,3.03384742168757,-1.1
23.01,0.958102401642478,3.03419098286005,-1.1
23.015,0.958871718792593,3.03453168300959,-1.1
23.02,0.959642585663474,3.03487142948481,-1.1
23.025,0.960414883045828,3.03521212963435,-1.1
23.03,0.961187716869986,3.03555282978388,-1.1
23.035,0.961961146740592,3.03589209942194,-1.1
23.04,0.962735649494803,3.03623065380427,-1.1
23.045,0.963511940388358,3.03656896976801,-1.1
23.05,0.964289661793387,3.0369056168017,-1.1
23.055,0.965069528965628,3.03724131016108,-1.1
23.06,0.965852912811911,3.03757771877619,-1.1
23.065,0.966638978867209,3.0379141273913,-1.1
23.07,0.967425164131796,3.03824743656489,-1.1
23.075,0.968210276512778,3.03857502369257,-1.1
23.08,0.968996461777365,3.03889951137873,-1.1
23.085,0.969785448460257,3.03922399906489,-1.1
23.09,0.970576223282492,3.03954610256525,-1.1
23.095,0.971367057709372,3.03986153034541,-1.1
23.1,0.972157415299094,3.04017028240534,-1.1
23.105,0.972947474865592,3.04047378925654,-1.1
23.11,0.973736342339194,3.04077228931757,-1.1
23.115,0.974524196533835,3.04106673626276,-1.1
23.12,0.975312646774924,3.04135879902216,-1.1
23.125,0.976103004364645,3.04164990810725,-1.1
23.13,0.97689538851229,3.04193934826228,-1.1
23.135,0.977688547520316,3.04222473530146,-1.1
23.14,0.978481527714407,3.04250559238764,-1.1
23.145,0.979274627117789,3.04278406528803,-1.1
23.15,0.980068620590842,3.04306158451411,-1.1
23.155,0.980863329319632,3.04333958057734,-1.1
23.16,0.981658991722739,3.04361757664057,-1.1
23.165,0.982456561474478,3.0438955727038,-1.1
23.17,0.98325740948168,3.04417547611567,-1.1
23.175,0.984061833767569,3.04445728687617,-1.1
23.18,0.984868880657828,3.04473885921809,-1.1
23.185,0.98567771568743,3.04501923946711,-1.1
23.19,0.986487325577414,3.0452977123675,-1.1
23.195,0.987296160607016,3.04557308582636,-1.1
23.2,0.988103863148367,3.04584512142512,-1.1
23.205,0.992853574078053,3.03052840352029,-1.1
23.21,0.993663780014485,3.03079924702615,-1.1
23.215,0.994475356857747,3.03107009053201,-1.1
23.22,0.995287648956746,3.03133950352639,-1.1
23.225,0.996101431171864,3.03160915493936,-1.1
23.23,0.996917955200642,3.03188142895669,-1.1
23.235,0.997736744205922,3.0321551334855,-1.1
23.24,0.998557023327321,3.03242764592141,-1.1
23.245,0.999378673355549,3.03269848942727,-1.1
23.25,1.00020145587203,3.03296694874734,-1.1
23.255,1.00102519206282,3.0332320702073,-1.1
23.26,1.00185012034652,3.03349456906289,-1.1
23.265,1.0026762407231,3.03375444531411,-1.1
23.27,1.00350188426253,3.03401026844949,-1.1
23.275,1.00432556084868,3.0342610847947,-1.1
23.28,1.00514798573729,3.03450784802407,-1.1
23.285,1.00597184113738,3.03475461125344,-1.1
23.29,1.00679963044402,3.03500447392434,-1.1
23.295,1.00763117484328,3.03525600552529,-1.1
23.3,1.00846516303298,3.03550706028909,-1.1
23.305,1.00930052212951,3.03575644612283,-1.1
23.31,1.01013731173751,3.03600487828225,-1.1
23.315,1.0109764855313,3.03625354886025,-1.1
23.32,1.01181810311553,3.03650317311257,-1.1
23.325,1.01266079358336,3.036751605272,-1.1
23.33,1.01350330523726,3.03699693798989,-1.1
23.335,1.01434635333297,3.03724036335916,-1.1
23.34,1.01519160680053,3.03748426556558,-1.1
23.345,1.01603972129104,3.03772983670205,-1.1
23.35,1.01689021996734,3.03797683835,-1.1
23.355,1.01774268559691,3.03822431683511,-1.1
23.36,1.01859753541228,3.03847227215737,-1.1
23.365,1.01945500783202,3.03872141957254,-1.1
23.37,1.02031486443755,3.03897080540628,-1.1
23.375,1.021176747601,3.03921899914712,-1.1
23.38,1.02204006127593,3.03946623921365,-1.1
23.385,1.02290355376479,3.03971109509439,-1.1
23.39,1.02376615218398,3.03995285153359,-1.1
23.395,1.02462916783568,3.04019293904275,-1.1
23.4,1.02549421004531,3.04043350338906,-1.1
23.405,1.02888177954604,3.02746551984806,-1.1
23.41,1.02974878870894,3.02770370000859,-1.1
23.415,1.03061687075545,3.02793949598332,-1.1
23.42,1.03148656212737,3.02817433828373,-1.1
23.425,1.03235702835967,3.02840727323551,-1.1
23.43,1.03322642170836,3.02863567823429,-1.1
23.435,1.0340936096852,3.02885979169865,-1.1
23.44,1.03495918833663,3.02908032888432,-1.1
23.445,1.03582417094161,3.02929824346562,-1.1
23.45,1.03669082247664,3.02951663488407,-1.1
23.455,1.03756105029036,3.02973645681401,-1.1
23.46,1.03843479477812,3.02995627874394,-1.1
23.465,1.03931092345168,3.03017467016239,-1.1
23.47,1.04018776738097,3.03038877004643,-1.1
23.475,1.04106383644988,3.03059714788456,-1.1
23.48,1.04193853461196,3.03079956525822,-1.1
23.485,1.04281031214644,3.03099554533024,-1.1
23.49,1.04367767893721,3.03118484968205,-1.1
23.495,1.04454206549575,3.03136962408085,-1.1
23.5,1.04540764414717,3.03155487531681,-1.1
23.505,1.04627846800734,3.03174417966862,-1.1
23.51,1.04715501391341,3.03193682188053,-1.1
23.515,1.04803507649352,3.03212922567387,-1.1
23.52,1.04891627156188,3.03231781476994,-1.1
23.525,1.04979734742095,3.032501873913,-1.1
23.53,1.05067735039641,3.03268187994023,-1.1
23.535,1.05155532681395,3.03285711759587,-1.1
23.54,1.05243062102248,3.0330278252985,-1.1
23.545,1.05330478274276,3.03319447988529,-1.1
23.55,1.05417954050948,3.03335851186772,-1.1
23.555,1.05505572878768,3.03352039808293,-1.1
23.56,1.05593185746123,3.03367894643803,-1.1
23.565,1.0568061383908,3.03383344167729,-1.1
23.57,1.05767976366927,3.03398579114933,-1.1
23.575,1.05855553471495,3.03413957113285,-1.1
23.58,1.0594345840161,3.03429573530216,-1.1
23.585,1.06031506382872,3.03445118421574,-1.1
23.59,1.06119590126921,3.03460258001347,-1.1
23.595,1.06207709633757,3.03475087636967,-1.1
23.6,1.06295835101058,3.0348965501215,-1.1
23.605,1.06528186493474,3.02488371502978,-1.1
23.61,1.06616085463124,3.02502366673571,-1.1
23.615,1.06703996353703,3.02516266476733,-1.1
23.62,1.06791901283818,3.02530023228747,-1.1
23.625,1.06879800253468,3.02543660771472,-1.1
23.63,1.06967776709157,3.02557155263049,-1.1
23.635,1.07055973702031,3.02570625912768,-1.1
23.64,1.07144432955342,3.02584215771777,-1.1
23.645,1.0723304718073,3.02597686421496,-1.1
23.65,1.07321661406117,3.0261087096892,-1.1
23.655,1.07410257750111,3.02623793255908,-1.1
23.66,1.07498776608067,3.02636405598742,-1.1
23.665,1.07587140493947,3.02648779522997,-1.1
23.67,1.07675528221684,3.02661081921679,-1.1
23.675,1.07764213972645,3.02673551213366,-1.1
23.68,1.07853376560765,3.02686306607348,-1.1
23.685,1.07942855053502,3.02699133526904,-1.1
23.69,1.08032422953206,3.02711698186022,-1.1
23.695,1.08122008734303,3.02723952900988,-1.1
23.7,1.08211618357258,3.02736040722949,-1.1
23.705,1.08301186256962,3.02747985493762,-1.1
23.71,1.08390706472951,3.02759787213427,-1.1
23.715,1.08480375700551,3.02771588933093,-1.1
23.72,1.08570354872304,3.0278348602019,-1.1
23.725,1.08660596304494,3.02795287739855,-1.1
23.73,1.08750915222722,3.02806731831652,-1.1
23.735,1.08841168575841,3.02817722928149,-1.1
23.74,1.08931237154561,3.02828213345629,-1.1
23.745,1.09021055393773,3.02838274609667,-1.1
23.75,1.09110682898122,3.02847978245837,-1.1
23.755,1.09200161390858,3.02857348095996,-1.1
23.76,1.09289550476628,3.02866408002001,-1.1
23.765,1.09378868036824,3.02875110280139,-1.1
23.77,1.09468173676091,3.02883526455981,-1.1
23.775,1.09557544880467,3.02891775738818,-1.1
23.78,1.0964695184763,3.02899905812365,-1.1
23.785,1.097363409334,3.02907916676623,-1.1
23.79,1.09825747900563,3.02915808331591,-1.1
23.795,1.09915238314229,3.02923604619128,-1.1
23.8,1.10004824095326,3.02931257855517,-1.1
23.805,1.10165250890316,3.02282766486782,-1.1
23.81,1.10254914157451,3.02289704467434,-1.1
23.815,1.10344398610653,3.0229614176907,-1.1
23.82,1.10433400266231,3.02301911498684,-1.1
23.825,1.10521853559078,3.02307132865567,-1.1
23.83,1.10610116117061,3.02312211181301,-1.1
23.835,1.10698605172695,3.02317504073757,-1.1
23.84,1.10787445895733,3.02323083068508,-1.1
23.845,1.10876519076885,3.02328662063259,-1.1
23.85,1.10965753190578,3.02334050323147,-1.1
23.855,1.11055195920528,3.02339390899319,-1.1
23.86,1.11144805543484,3.02344755317349,-1.1
23.865,1.11234361522259,3.02350072051663,-1.1
23.87,1.11323810212673,3.02355364944119,-1.1
23.875,1.11413443677486,3.02360729362149,-1.1
23.88,1.11503518216671,3.02366356040615,-1.1
23.885,1.11593926541866,3.02372054244656,-1.1
23.89,1.11684328906597,3.02377394820828,-1.1
23.895,1.11774618022503,3.02382377769131,-1.1
23.9,1.11864942901195,3.02387336875576,-1.1
23.905,1.11955357186855,3.02392415191311,-1.1
23.91,1.12045878760875,3.0239756503262,-1.1
23.915,1.1213657914883,3.02402786399502,-1.1
23.92,1.12227476232113,3.02407960082669,-1.1
23.925,1.12318510406078,3.02412871505398,-1.1
23.93,1.12409616105617,3.02417472983975,-1.1
23.935,1.12500650279583,3.02421692992825,-1.1
23.94,1.12591463916363,3.02425412322659,-1.1
23.945,1.12681949727596,3.02428630973477,-1.1
23.95,1.12772030227245,3.02431372787136,-1.1
23.955,1.12861681573452,3.02433590079922,-1.1
23.96,1.12951118342937,3.02435425902981,-1.1
23.965,1.13040692203106,3.02437166358609,-1.1
23.97,1.13130426995815,3.02438882972378,-1.1
23.975,1.13220108144344,3.02440432693142,-1.1
23.98,1.13309610478939,3.02441767837185,-1.1
23.985,1.13399172418178,3.0244319834866,-1.1
23.99,1.13489091985286,3.02445058013577,-1.1
23.995,1.13579428784908,3.02447275306362,-1.1
24,1.13670123212398,3.02449611808438,-1.1
24.005,1.13793795529459,3.02074787191305,-1.1
24.01,1.13884674731348,3.02076742223654,-1.1
24.015,1.13975387040231,3.02078291944418,-1.1
24.02,1.14065956297967,3.02079555562887,-1.1
24.025,1.14156412306879,3.02080652288351,-1.1
24.03,1.14246647778604,3.02081486753378,-1.1
24.035,1.14336615029428,3.02081939748678,-1.1
24.04,1.14426451150033,3.02082106641684,-1.1
24.045,1.14516323033426,3.02082106641684,-1.1
24.05,1.1460629028425,3.02082011274252,-1.1
24.055,1.14696293297861,3.02081820539389,-1.1
24.06,1.1478625458822,3.02081510595236,-1.1
24.065,1.1487615031347,3.02081129125509,-1.1
24.07,1.14966099682901,3.02080723813925,-1.1
24.075,1.1505618018255,3.0208043771163,-1.1
24.08,1.15146409693811,3.02080246976767,-1.1
24.085,1.15236818019006,3.02080008558188,-1.1
24.09,1.15327482644174,3.02079817823324,-1.1
24.095,1.15418266478632,3.02079674772177,-1.1
24.1,1.1550891918287,3.02079340986166,-1.1
24.105,1.15599530163858,3.02078864149008,-1.1
24.11,1.15690355721567,3.02078554204855,-1.1
24.115,1.1578136009321,3.0207838731185,-1.1
24.12,1.1587228101835,3.02078029683981,-1.1
24.125,1.15963112536523,3.02077576688681,-1.1
24.13,1.1605413478956,3.0207724290267,-1.1
24.135,1.16145496789072,3.02077195218954,-1.1
24.14,1.16237198535059,3.02077457479391,-1.1
24.145,1.16329073134515,3.02077791265402,-1.1
24.15,1.16421037140939,3.02078029683981,-1.1
24.155,1.16513114396188,3.02078172735129,-1.1
24.16,1.16605209532831,3.02078125051413,-1.1
24.165,1.16697173539255,3.0207769589797,-1.1
24.17,1.16788863364313,3.02076766065512,-1.1
24.175,1.16880207482431,3.02075311712179,-1.1
24.18,1.16971062842462,3.02073356679831,-1.1
24.185,1.17061471167657,3.0207097249404,-1.1
24.19,1.17151706639383,3.02068445257101,-1.1
24.195,1.17242120925043,3.02066132596884,-1.1
24.2,1.17332833233926,3.02064058355246,-1.1
24.205,1.17442666259284,3.01807423771655,-1.1
24.21,1.17533795800681,3.01805373371874,-1.1
24.215,1.17625032630439,3.01803179920947,-1.1
24.22,1.17716174092765,3.01800724209582,-1.1
24.225,1.17806975808616,3.01797934712207,-1.1
24.23,1.17897407975669,3.01794739903247,-1.1
24.235,1.17987667289252,3.01791306675708,-1.1
24.24,1.18077962365622,3.01787801922595,-1.1
24.245,1.18168156114097,3.01784034909045,-1.1
24.25,1.18258075681205,3.01779814900195,-1.1
24.255,1.18347810473914,3.01775261105334,-1.1
24.26,1.18437521424766,3.01770611943041,-1.1
24.265,1.18527208533759,3.01765962780749,-1.1
24.27,1.18616746631141,3.01761265934741,-1.1
24.275,1.18706177440162,3.01756521405017,-1.1
24.28,1.18795757260795,3.01751943768298,-1.1
24.285,1.18885718551154,3.01747723759448,-1.1
24.29,1.1897606131124,3.01743742169177,-1.1
24.295,1.19066666331763,3.01739808262622,-1.1
24.3,1.19157384601111,3.01735778988635,-1.1
24.305,1.19248025384421,3.01731511296069,-1.1
24.31,1.19338386025901,3.01726885975634,-1.1
24.315,1.19428400960441,3.01721926869189,-1.1
24.32,1.19518219199653,3.01716681660449,-1.1
24.325,1.1960797783422,3.01711174191271,-1.1
24.33,1.1969764706182,3.01705380619799,-1.1
24.335,1.19786899056907,3.01699086369311,-1.1
24.34,1.19875525203223,3.01692243756091,-1.1
24.345,1.19963865247245,3.01685329617297,-1.1
24.35,1.20052485433097,3.01678987683093,-1.1
24.355,1.20141731467719,3.01673480213916,-1.1
24.36,1.20231591430182,3.01668664158618,-1.1
24.365,1.20321952071662,3.0166430109862,-1.1
24.37,1.204127895503,3.01660224140917,-1.1
24.375,1.20504097905631,3.01656504811083,-1.1
24.38,1.20595710244651,3.01653166950976,-1.1
24.385,1.20687406030173,3.0165004366759,-1.1
24.39,1.20779179301734,3.01647111119067,-1.1
24.395,1.20871220794196,3.01644536198413,-1.1
24.4,1.20963578191276,3.01642175854479,-1.1
24.405,1.21068007492709,3.01457653822703,-1.1
24.41,1.21160555624652,3.01454959692759,-1.1
24.415,1.21252942824054,3.01451907934947,-1.1
24.42,1.21344978356051,3.01448474707408,-1.1
24.425,1.21436650299716,3.01444660010142,-1.1
24.43,1.21528059982944,3.0144058305244,-1.1
24.435,1.21619231247592,3.01436291518016,-1.1
24.44,1.21710009121585,3.01431594672007,-1.1
24.445,1.21800465130496,3.01426444830699,-1.1
24.45,1.2189088537662,3.01421175780101,-1.1
24.455,1.21981389069247,3.01416002096934,-1.1
24.46,1.2207188680141,3.0141080457191,-1.1
24.465,1.22162324928927,3.01405607046885,-1.1
24.47,1.22252763056445,3.01400457205577,-1.1
24.475,1.22343242907214,3.01395259680552,-1.1
24.48,1.2243381216495,3.01390062155528,-1.1
24.485,1.22524393343616,3.01384769263072,-1.1
24.49,1.22614771866488,3.01379214110179,-1.1
24.495,1.22704900049853,3.0137349206428,-1.1
24.5,1.22794920944858,3.01367817702098,-1.1
24.505,1.22885055088687,3.01362381758494,-1.1
24.51,1.22975481295276,3.01357279600901,-1.1
24.515,1.2306618168323,3.01352415861888,-1.1
24.52,1.23156959557223,3.01347528281016,-1.1
24.525,1.23247737431216,3.01342569174571,-1.1
24.53,1.23338580870318,3.01337610068126,-1.1
24.535,1.23429513716388,3.0133277017097,-1.1
24.54,1.23520488285708,3.01327954115672,-1.1
24.545,1.23611349606204,3.01322947325511,-1.1
24.55,1.23702014231372,3.01317630591197,-1.1
24.555,1.23792362951922,3.01311908545298,-1.1
24.56,1.23882270598102,3.01305805029673,-1.1
24.565,1.23971868300128,3.01299486937327,-1.1
24.57,1.24061501764941,3.01293288054271,-1.1
24.575,1.24151427292514,3.01287422957225,-1.1
24.58,1.24241561436343,3.01281629385753,-1.1
24.585,1.24331635975528,3.01275549711985,-1.1
24.59,1.24421466135669,3.0126899320106,-1.1
24.595,1.24510849260974,3.01261888327403,-1.1
24.6,1.24599672102618,3.01254330458445,-1.1
24.605,1.24700782756419,3.01025169194644,-1.1
24.61,1.2478912280044,3.01017396748965,-1.1
24.615,1.2487748668632,3.01009743512576,-1.1
24.62,1.24965796928019,3.01001947225039,-1.1
24.625,1.25054023723216,3.00993912518924,-1.1
24.63,1.25142238597483,3.00985782445376,-1.1
24.635,1.25230393867106,3.00977580846255,-1.1
24.64,1.25318394164652,3.00969331563418,-1.1
24.645,1.25406287173838,3.00961106122439,-1.1
24.65,1.25494168262095,3.00952952207034,-1.1
24.655,1.25582085113139,3.00944822133487,-1.1
24.66,1.25670001964182,3.00936596692508,-1.1
24.665,1.25757847289652,3.00928228200381,-1.1
24.67,1.25845573405833,3.00919716657107,-1.1
24.675,1.25933144549937,3.00911205113833,-1.1
24.68,1.26020691852183,3.0090290814728,-1.1
24.685,1.26108394126505,3.00894992650454,-1.1
24.69,1.26196382503123,3.00887553990786,-1.1
24.695,1.26284752349467,3.00880592168277,-1.1
24.7,1.26373527507395,3.00873964131778,-1.1
24.705,1.26462779502482,3.00867622197573,-1.1
24.71,1.26552436809153,3.00861470998233,-1.1
24.715,1.26642094115824,3.00855176747744,-1.1
24.72,1.26731298427195,3.00848453343814,-1.1
24.725,1.26819954375834,3.00841205419009,-1.1
24.73,1.26908228854746,3.00833623708194,-1.1
24.735,1.2699626491508,3.00825898946231,-1.1
24.74,1.2708399103126,3.00817983449405,-1.1
24.745,1.2717138336143,3.00809901059573,-1.1
24.75,1.27258799533457,3.00802009404605,-1.1
24.755,1.27346680621714,3.00794666112368,-1.1
24.76,1.27435169677348,3.00787966550296,-1.1
24.765,1.27524028281779,3.00781696141665,-1.1
24.77,1.27612934569926,3.00775497258609,-1.1
24.775,1.2770187662086,3.00769346059268,-1.1
24.78,1.27791033248515,3.00763457120364,-1.1
24.785,1.27880380611033,3.00757806600039,-1.1
24.79,1.27969787578196,3.00752179921572,-1.1
24.795,1.28059123019786,3.00746481717532,-1.1
24.8,1.28148291568369,3.00740592778628,-1.1
24.805,1.28248959680208,3.00489431658861,-1.1
24.81,1.28337722917208,3.00483208933946,-1.1
24.815,1.28426390786776,3.00476962367174,-1.1
24.82,1.28514975209841,3.00470715800401,-1.1
24.825,1.2860351194919,3.00464469233629,-1.1
24.83,1.2869204868854,3.00458246508714,-1.1
24.835,1.28780549665102,3.00451999941942,-1.1
24.84,1.2886899103702,3.00445681849596,-1.1
24.845,1.28957420488009,3.00439268389818,-1.1
24.85,1.29045838018069,3.00432759562609,-1.1
24.855,1.29134076734194,3.00425964633104,-1.1
24.86,1.29221910138735,3.00418716708299,-1.1
24.865,1.29309207101473,3.00410920420763,-1.1
24.87,1.29395991464266,3.00402694979784,-1.1
24.875,1.29482453961977,3.00394207278368,-1.1
24.88,1.29568797250399,3.00385600367662,-1.1
24.885,1.29655009408602,3.00376921931383,-1.1
24.89,1.29741006990084,3.0036805276024,-1.1
24.895,1.29826801915774,3.00358969012377,-1.1
24.9,1.29912572999605,3.00349932948229,-1.1
24.905,1.29998391767153,3.00341039935228,-1.1
24.91,1.30084198613772,3.00332242289659,-1.1
24.915,1.30170029302248,3.0032356385338,-1.1
24.92,1.30255955358156,3.00315028468248,-1.1
24.925,1.30341952939638,3.00306636134264,-1.1
24.93,1.30427986283907,3.00298410693285,-1.1
24.935,1.30514114995608,3.00290375987169,-1.1
24.94,1.30600482125887,3.00282627383348,-1.1
24.945,1.30687171121249,3.00275236407396,-1.1
24.95,1.30774027009615,3.00268012324449,-1.1
24.955,1.30860823293337,3.00260788241503,-1.1
24.96,1.30947500367769,3.0025351647484,-1.1
24.965,1.31034141679415,3.00246292391893,-1.1
24.97,1.31120914121279,3.00239235201952,-1.1
24.975,1.3120782961429,3.00232344905016,-1.1
24.98,1.31294697423586,3.00225502291796,-1.1
24.985,1.31381326814303,3.00218540469286,-1.1
24.99,1.31467896600374,3.00211554804918,-1.1
24.995,1.31554728646883,3.0020480755913,-1.1
25,1.31641739507326,3.0019829873192,-1.1
25.005,1.31739813718836,2.99886438339313,-1.1
25.01,1.3182635966305,2.99879714935383,-1.1
25.015,1.31913048658411,2.99873182266315,-1.1
25.02,1.3200010720257,2.99866983383259,-1.1
25.025,1.32087296876948,2.99860832183918,-1.1
25.03,1.32174212369959,2.99854347198566,-1.1
25.035,1.32260686788599,2.99847480743488,-1.1
25.04,1.32346767816584,2.99840375869831,-1.1
25.045,1.32432705793421,2.99833294838032,-1.1
25.05,1.32518727216761,2.99826452224812,-1.1
25.055,1.32604903612177,2.99819824188313,-1.1
25.06,1.32691139612238,2.99813291519245,-1.1
25.065,1.3277736369137,2.99806758850178,-1.1
25.07,1.32863659296076,2.9980022618111,-1.1
25.075,1.32950074110072,2.99793908088764,-1.1
25.08,1.33036536607783,2.99787828414997,-1.1
25.085,1.33122939500849,2.9978186795052,-1.1
25.09,1.33209425840418,2.99776217430195,-1.1
25.095,1.33296210203211,2.99770996063313,-1.1
25.1,1.33383328352015,2.99766180008015,-1.1
25.105,1.33470804128687,2.99761697738728,-1.1
25.11,1.33558625612299,2.99757501571735,-1.1
25.115,1.33646673593562,2.9975356766518,-1.1
25.12,1.33734816942255,2.99749681442341,-1.1
25.125,1.33822924528162,2.99745795219501,-1.1
25.13,1.33910889062922,2.99741885154804,-1.1
25.135,1.33998603258173,2.99737784355244,-1.1
25.14,1.34086126718562,2.99733612030109,-1.1
25.145,1.34173662099879,2.99729582756123,-1.1
25.15,1.34261233243983,2.99725672691425,-1.1
25.155,1.34348887834589,2.99721953361591,-1.1
25.16,1.34436804685633,2.9971854397591,-1.1
25.165,1.34524971876185,2.99715373008808,-1.1
25.17,1.34613270196955,2.99712345092854,-1.1
25.175,1.34701568517725,2.99709293335041,-1.1
25.18,1.34789747629206,2.99706122367939,-1.1
25.185,1.34877783689539,2.99702903717121,-1.1
25.19,1.34965664777796,2.99699613540729,-1.1
25.195,1.35053414735834,2.9969629952248,-1.1
25.2,1.35141128931086,2.99693009346088,-1.1
25.205,1.35238222398545,2.99270696977649,-1.1
25.21,1.35325936593797,2.99267359117541,-1.1
25.215,1.35413495816972,2.99263902048144,-1.1
25.22,1.3550079277971,2.99260278085742,-1.1
25.225,1.35587994375016,2.99256582597766,-1.1
25.23,1.35675303258683,2.99252958635363,-1.1
25.235,1.35762624063279,2.99249334672961,-1.1
25.24,1.35849599160935,2.99245281557116,-1.1
25.245,1.3593602589586,2.99240608552966,-1.1
25.25,1.36022059240128,2.99235506395373,-1.1
25.255,1.3610783032396,2.9923007045177,-1.1
25.26,1.36193255700852,2.99224300722155,-1.1
25.265,1.36278204240586,2.99218125680957,-1.1
25.27,1.36362604417588,2.99211497644458,-1.1
25.275,1.36446635045792,2.99204583505664,-1.1
25.28,1.36530582227494,2.99197621683154,-1.1
25.285,1.36614529409196,2.99190731386218,-1.1
25.29,1.36698416986253,2.99183841089282,-1.1
25.295,1.36782268800523,2.99176950792346,-1.1
25.3,1.36866275586869,2.99170251230273,-1.1
25.305,1.36950485029008,2.9916367087749,-1.1
25.31,1.37034742154862,2.99157066682849,-1.1
25.315,1.37118891992356,2.99150247911487,-1.1
25.32,1.37202708043839,2.9914302382854,-1.1
25.325,1.37286083020951,2.99135370592151,-1.1
25.33,1.37369016923692,2.99127407411609,-1.1
25.335,1.37451581277634,2.99119277338061,-1.1
25.34,1.37533942975785,2.99111171106372,-1.1
25.345,1.37616316594865,2.99103327135119,-1.1
25.35,1.3769896439531,2.99095888475451,-1.1
25.355,1.37782089032914,2.99088974336657,-1.1
25.36,1.37865845479752,2.9908256087688,-1.1
25.365,1.3795006684282,2.9907650504497,-1.1
25.37,1.38034395494248,2.99070616106067,-1.1
25.375,1.381185691736,2.99064703325305,-1.1
25.38,1.38202683248307,2.99058933595691,-1.1
25.385,1.38287035741593,2.99053640703235,-1.1
25.39,1.38371733941819,2.99048824647937,-1.1
25.395,1.38456730165269,2.9904434237865,-1.1
25.4,1.385420482538,2.99040170053515,-1.1
25.405,1.38629535284144,2.98520096089563,-1.1
25.41,1.3871536597262,2.98516329076013,-1.1
25.415,1.38801423158747,2.98512776639185,-1.1
25.42,1.38887575712305,2.98509343411645,-1.1
25.425,1.38973632898432,2.98505838658533,-1.1
25.43,1.39059439745051,2.98502143170557,-1.1
25.435,1.39144948568446,2.98498185422144,-1.1
25.44,1.39230207052332,2.98494036938867,-1.1
25.445,1.39315370168787,2.98489840771875,-1.1
25.45,1.39400569048029,2.98485644604883,-1.1
25.455,1.39485839452845,2.98481448437891,-1.1
25.46,1.39571074094874,2.98477133061609,-1.1
25.465,1.39656034555537,2.98472460057458,-1.1
25.47,1.39740625467402,2.98467334058008,-1.1
25.475,1.39824870672327,2.98461874272546,-1.1
25.48,1.39908782091242,2.98456176068506,-1.1
25.485,1.39992335882288,2.98450215604028,-1.1
25.49,1.40075675096613,2.98444159772119,-1.1
25.495,1.40159038152796,2.98438127782068,-1.1
25.5,1.40242472734553,2.98432071950159,-1.1
25.505,1.40325907316309,2.98425968434534,-1.1
25.51,1.40409210767847,2.98419745709619,-1.1
25.515,1.40492359247309,2.98413379933557,-1.1
25.52,1.40575471963984,2.98407061841211,-1.1
25.525,1.40658620443446,2.98400886800012,-1.1
25.53,1.40741792764765,2.98394783284387,-1.1
25.535,1.40825024690729,2.9838870361062,-1.1
25.54,1.40908316221339,2.98382671620569,-1.1
25.545,1.40991595831019,2.98376544263086,-1.1
25.55,1.41074827756983,2.98370345380029,-1.1
25.555,1.4115803584109,2.98364170338831,-1.1
25.56,1.41241172399622,2.98357947613916,-1.1
25.565,1.41324201669794,2.98351724889001,-1.1
25.57,1.41407159414393,2.98345526005945,-1.1
25.575,1.41490093317133,2.98339327122888,-1.1
25.58,1.41573122587305,2.98333199765405,-1.1
25.585,1.41656330671412,2.9832721545907,-1.1
25.59,1.41739586439234,2.98321254994592,-1.1
25.595,1.41822782602412,2.98315246846399,-1.1
25.6,1.41905943002802,2.98309238698206,-1.1
25.605,1.41976636139623,2.97664331722055,-1.1
25.61,1.42059689251653,2.97658347415719,-1.1
25.615,1.42142706600896,2.97652363109384,-1.1
25.62,1.42225771633855,2.97646402644906,-1.1
25.625,1.42308908192388,2.97640489864145,-1.1
25.63,1.42392008988134,2.97634553241525,-1.1
25.635,1.42474930969946,2.97628521251474,-1.1
25.64,1.42557745663396,2.97622441577707,-1.1
25.645,1.42640619961492,2.97616504955087,-1.1
25.65,1.42723625389806,2.97610782909189,-1.1
25.655,1.4280675002741,2.97605203914438,-1.1
25.66,1.42890077320806,2.9759969644526,-1.1
25.665,1.42973702637426,2.97594284343515,-1.1
25.67,1.43057411400549,2.97588800716195,-1.1
25.675,1.43140857903234,2.97583007144723,-1.1
25.68,1.43223887173406,2.97576808261667,-1.1
25.685,1.43306618420354,2.97570418643747,-1.1
25.69,1.43389206616155,2.97563981342111,-1.1
25.695,1.43471735207311,2.97557472514901,-1.1
25.7,1.43554216114751,2.97550844478402,-1.1
25.705,1.43636649338476,2.97544049548898,-1.1
25.71,1.43718939511053,2.97537016200815,-1.1
25.715,1.43801050869695,2.9752976827601,-1.1
25.72,1.43883007256261,2.97522401141916,-1.1
25.725,1.43964796749822,2.97514986324106,-1.1
25.73,1.44046514717809,2.9750752382258,-1.1
25.735,1.44128185002081,2.97500013637338,-1.1
25.74,1.44209855286352,2.97492479610238,-1.1
25.745,1.44291501728765,2.97484802531991,-1.1
25.75,1.44373076645605,2.9747705392817,-1.1
25.755,1.44454651562444,2.97469281482492,-1.1
25.76,1.44536226479284,2.97461485194955,-1.1
25.765,1.44617777554266,2.97453712749276,-1.1
25.77,1.44699197499029,2.97445868778024,-1.1
25.775,1.44780414788,2.97437905597482,-1.1
25.78,1.44861584393255,2.97430037784372,-1.1
25.785,1.44942944733373,2.9742240838984,-1.1
25.79,1.45024603096716,2.97415160465036,-1.1
25.795,1.45106738297216,2.97408341693673,-1.1
25.8,1.45189338413946,2.97401856708322,-1.1
25.805,1.45231460388508,2.96561716048685,-1.1
25.81,1.45314549263325,2.96555302588908,-1.1
25.815,1.45397495086994,2.96548579184977,-1.1
25.82,1.45480083282795,2.96541402785746,-1.1
25.825,1.45562015827503,2.96533725707499,-1.1
25.83,1.45643268879261,2.9652561947581,-1.1
25.835,1.45724116619435,2.96517250983683,-1.1
25.84,1.45804952438679,2.96508882491557,-1.1
25.845,1.45885907467213,2.96500442473856,-1.1
25.85,1.45966719444599,2.96491692512003,-1.1
25.855,1.46047185715046,2.9648248955485,-1.1
25.86,1.46127294357624,2.9647290512797,-1.1
25.865,1.46207224186268,2.96463249175517,-1.1
25.87,1.46287106331196,2.96453664748637,-1.1
25.875,1.46366976555195,2.96444080321757,-1.1
25.88,1.46446822937336,2.96434472053019,-1.1
25.885,1.46526621635762,2.96424720733134,-1.1
25.89,1.466063845714,2.96414802520243,-1.1
25.895,1.46686207111683,2.96404955832926,-1.1
25.9,1.46766125019398,2.96395299880473,-1.1
25.905,1.4684618597826,2.96385834662882,-1.1
25.91,1.46926628406849,2.96376727073161,-1.1
25.915,1.47007476147023,2.96367905585734,-1.1
25.92,1.47088407333699,2.96359107940165,-1.1
25.925,1.47169302757588,2.96350191085307,-1.1
25.93,1.47250317390766,2.96341274230448,-1.1
25.935,1.47331582363453,2.96332548110453,-1.1
25.94,1.47412906940785,2.96323941199747,-1.1
25.945,1.47494052704182,2.963153581309,-1.1
25.95,1.4757518654665,2.96306894271342,-1.1
25.955,1.47656689937916,2.96298764197794,-1.1
25.96,1.47738860901203,2.96291015593974,-1.1
25.965,1.47821484859791,2.96283457725016,-1.1
25.97,1.47904084976521,2.96275709121195,-1.1
25.975,1.47986387070027,2.9626755520579,-1.1
25.98,1.48068474586811,2.96259139029948,-1.1
25.985,1.48150430973378,2.96250579802958,-1.1
25.99,1.48231958206501,2.96241734473673,-1.1
25.995,1.4831285363039,2.96232459990946,-1.1
26,1.48393379505482,2.96222923247782,-1.1
26.005,1.48393579680446,2.95265718114012,-1.1
26.01,1.48474487025264,2.95256419789427,-1.1
26.015,1.48555489737514,2.95247169148558,-1.1
26.02,1.48636444766048,2.95237846982115,-1.1
26.025,1.48717411715511,2.9522854865753,-1.1
26.03,1.48798438269618,2.95219464909666,-1.1
26.035,1.48879500586513,2.95210476529234,-1.1
26.04,1.48960670191768,2.95201607358092,-1.1
26.045,1.49042149741176,2.95193048131102,-1.1
26.05,1.49123927313808,2.95184655797117,-1.1
26.055,1.49206002909664,2.95176311146849,-1.1
26.06,1.49288388449672,2.9516808570587,-1.1
26.065,1.49370797831539,2.95159860264891,-1.1
26.07,1.4945292111111,2.95151420247191,-1.1
26.075,1.49534960944179,2.95142956387633,-1.1
26.08,1.49617263037685,2.95134707104796,-1.1
26.085,1.49699815470699,2.95126577031248,-1.1
26.09,1.49782415587428,2.95118327748411,-1.1
26.095,1.498649918623,2.9510979236328,-1.1
26.1,1.49947496611598,2.95100923192137,-1.1
26.105,1.50029739100459,2.95091601025694,-1.1
26.11,1.50111337859157,2.95081778180235,-1.1
26.115,1.50192149836543,2.95071430813902,-1.1
26.12,1.50272461134914,2.95060749661558,-1.1
26.125,1.50352724749568,2.95050068509215,-1.1
26.13,1.50433071810726,2.95039435040587,-1.1
26.135,1.50513395030025,2.95028682362669,-1.1
26.14,1.50593718249324,2.9501783431732,-1.1
26.145,1.50674160677913,2.95007081639403,-1.1
26.15,1.50754758078578,2.94996543538206,-1.1
26.155,1.50835581976894,2.94986315381163,-1.1
26.16,1.50916775424007,2.94976468693846,-1.1
26.165,1.50998469550136,2.9496695579254,-1.1
26.17,1.51080592829708,2.94957609784239,-1.1
26.175,1.51162894923213,2.94948192250365,-1.1
26.18,1.51245161253932,2.94938560139769,-1.1
26.185,1.51327248770717,2.94928665768736,-1.1
26.19,1.51409050185207,2.9491858066284,-1.1
26.195,1.51490505892757,2.94908328663939,-1.1
26.2,1.51571711260799,2.9489793361389,-1.1
26.205,1.51517064571834,2.93810580422536,-1.1
26.21,1.51598103046871,2.93800090005055,-1.1
26.215,1.51679141521908,2.93789504220143,-1.1
26.22,1.51760323048092,2.93778966118947,-1.1
26.225,1.51841719150997,2.93768571068898,-1.1
26.23,1.51923151016689,2.93758199860707,-1.1
26.235,1.52004535198665,2.93747804810658,-1.1
26.24,1.52085931301571,2.93737314393178,-1.1
26.245,1.52167267799831,2.9372668092455,-1.1
26.25,1.52248389721371,2.93715785195485,-1.1
26.255,1.52329130173183,2.93704579522267,-1.1
26.26,1.52409703731991,2.93693230797902,-1.1
26.265,1.52490468025661,2.93681977440968,-1.1
26.27,1.52571506500698,2.93670867135182,-1.1
26.275,1.52652568817592,2.93659661461964,-1.1
26.28,1.52733380794979,2.93648169686452,-1.1
26.285,1.5281402587936,2.93636367966786,-1.1
26.29,1.52894635200954,2.93624327828542,-1.1
26.295,1.52975137234188,2.93612049271718,-1.1
26.3,1.53055257797695,2.9359936540331,-1.1
26.305,1.53134734631038,2.93586180855885,-1.1
26.31,1.5321366310165,2.9357266252245,-1.1
26.315,1.53292341232754,2.93558953454152,-1.1
26.32,1.53371078968502,2.93545268227711,-1.1
26.325,1.53450019360042,2.93531630684987,-1.1
26.33,1.53528912067867,2.93517945458546,-1.1
26.335,1.53607637882686,2.93504188706532,-1.1
26.34,1.53686447144008,2.93490551163808,-1.1
26.345,1.53765745163418,2.93477390458241,-1.1
26.35,1.53845698833919,2.93464849640981,-1.1
26.355,1.5392623662994,2.93452809502736,-1.1
26.36,1.54007394314266,2.9344112699236,-1.1
26.365,1.54089303017116,2.93429778267995,-1.1
26.37,1.54171736240841,2.93418644120351,-1.1
26.375,1.54254252911068,2.93407438447133,-1.1
26.38,1.54336578846432,2.93396089722768,-1.1
26.385,1.54418821335293,2.93384740998402,-1.1
26.39,1.54501099586941,2.93373487641469,-1.1
26.395,1.54583401680446,2.93362305810109,-1.1
26.4,1.54665751457668,2.93351076295033,-1.1
26.405,1.54515074840296,2.92013842846984,-1.1
26.41,1.54597674957025,2.92002565648192,-1.1
26.415,1.546803346784,2.91991240765685,-1.1
26.42,1.54762970557916,2.91979915883178,-1.1
26.425,1.54845534911859,2.91968543316954,-1.1
26.43,1.54928027740228,2.91957146908873,-1.1
26.435,1.55010484805811,2.91945726658934,-1.1
26.44,1.55092763057459,2.9193413951599,-1.1
26.445,1.55174874416101,2.91922337796324,-1.1
26.45,1.55256997695673,2.91910416867369,-1.1
26.455,1.55339240184534,2.91898519780272,-1.1
26.46,1.5542154227804,2.91886646535033,-1.1
26.465,1.55503868213403,2.91874797131652,-1.1
26.47,1.55586313358057,2.9186306693756,-1.1
26.475,1.55668996921289,2.91851479794615,-1.1
26.48,1.55752050033319,2.91840035702819,-1.1
26.485,1.55835532298792,2.91828663136595,-1.1
26.49,1.55919241061914,2.91817171361083,-1.1
26.495,1.56002830615747,2.91805393483275,-1.1
26.5,1.56086074462641,2.91793138768309,-1.1
26.505,1.56168912997949,2.91780454899901,-1.1
26.51,1.56251250854242,2.91767365719908,-1.1
26.515,1.56332909217584,2.917537758609,-1.1
26.52,1.56413923850763,2.91739756848449,-1.1
26.525,1.56494640460718,2.91725499417418,-1.1
26.53,1.5657527362417,2.91711122777098,-1.1
26.535,1.56655894866693,2.91696650769347,-1.1
26.54,1.5673658763479,2.91682083394164,-1.1
26.545,1.56817340007532,2.91667516018981,-1.1
26.55,1.56897997012842,2.91652948643798,-1.1
26.555,1.56978534808862,2.91638381268615,-1.1
26.56,1.5705933486532,2.91624099995726,-1.1
26.565,1.57140814414728,2.91610271718138,-1.1
26.57,1.57222913852442,2.91596801068419,-1.1
26.575,1.57305430522669,2.91583521153563,-1.1
26.58,1.57388257137048,2.91570408131713,-1.1
26.585,1.57471489063013,2.91557414319152,-1.1
26.59,1.57555209747064,2.91544587399596,-1.1
26.595,1.57639180770624,2.91531903531188,-1.1
26.6,1.5772296105932,2.91519052769774,-1.1
26.605,1.57435307386138,2.89942830339011,-1.1
26.61,1.57518730046966,2.89929669633444,-1.1
26.615,1.57602176549651,2.8991648508602,-1.1
26.62,1.57685551526763,2.8990313364559,-1.1
26.625,1.5776886689923,2.89889615312155,-1.1
26.63,1.57852110746123,2.89875906243857,-1.1
26.635,1.57934985044219,2.89861744180258,-1.1
26.64,1.58017263295867,2.89847033753928,-1.1
26.645,1.58098790528991,2.89831751123007,-1.1
26.65,1.58179435613372,2.89815943971213,-1.1
26.655,1.58259460809447,2.89799826875266,-1.1
26.66,1.58339426400878,2.8978368593746,-1.1
26.665,1.58419773462035,2.89767664208945,-1.1
26.67,1.58500430467345,2.89751618638571,-1.1
26.675,1.58581039788939,2.89735358491477,-1.1
26.68,1.58661363008239,2.89718788400229,-1.1
26.685,1.58741495492675,2.8970200373226,-1.1
26.69,1.588217471864,2.89685266748007,-1.1
26.695,1.58902213456847,2.89668672814902,-1.1
26.7,1.58982691648223,2.89652055039938,-1.1
26.705,1.59063169839599,2.89635341897543,-1.1
26.71,1.59143803003051,2.89618604913291,-1.1
26.715,1.59224603059508,2.89601915612753,-1.1
26.72,1.59305593850829,2.89585273995932,-1.1
26.725,1.59386989953734,2.89568823113974,-1.1
26.73,1.59468970182158,2.89552610650595,-1.1
26.735,1.59551343801238,2.8953646971279,-1.1
26.74,1.59633729341247,2.89520114198264,-1.1
26.745,1.59715852620818,2.89503401055869,-1.1
26.75,1.59797618272521,2.89486330285605,-1.1
26.755,1.59878990533568,2.89469021096762,-1.1
26.76,1.59960029008605,2.8945159269863,-1.1
26.765,1.6004097211621,2.89434188142355,-1.1
26.77,1.60122153642394,2.89416926637229,-1.1
26.775,1.60203704717376,2.89399808183249,-1.1
26.78,1.60285529973723,2.89382642045554,-1.1
26.785,1.60367545964934,2.89365380540427,-1.1
26.79,1.60449657323577,2.89348047509726,-1.1
26.795,1.60531661393859,2.89330571427878,-1.1
26.8,1.60613522412993,2.89312999978598,-1.1
26.805,1.60165968275847,2.87589881060721,-1.1
26.81,1.60247662401976,2.87572190402151,-1.1
26.815,1.60329130030455,2.87554332850576,-1.1
26.82,1.60410442686858,2.87536308405996,-1.1
26.825,1.60491814947905,2.87518236277701,-1.1
26.83,1.60573318339171,2.87500164149405,-1.1
26.835,1.60654881335081,2.87482044337393,-1.1
26.84,1.60736277437987,2.87463781474234,-1.1
26.845,1.60817458964171,2.87445351718069,-1.1
26.85,1.60898497439207,2.87426731227041,-1.1
26.855,1.60979607439818,2.87407991526724,-1.1
26.86,1.6106081280786,2.87389108775259,-1.1
26.865,1.61141982413115,2.87369987605215,-1.1
26.87,1.61222937441649,2.87350484965445,-1.1
26.875,1.61303499079527,2.87330600855948,-1.1
26.88,1.61383536196532,2.87310216067434,-1.1
26.885,1.6146295342523,2.87289354441763,-1.1
26.89,1.6154178652841,2.87268135188223,-1.1
26.895,1.61620059347929,2.87246582148672,-1.1
26.9,1.6169797453958,2.87224790690542,-1.1
26.905,1.61775913573088,2.87202927706839,-1.1
26.91,1.61853995657744,2.87181064723135,-1.1
26.915,1.61932220793547,2.87159130213858,-1.1
26.92,1.62010648585142,2.87137100337149,-1.1
26.925,1.6208927903253,2.87114998934866,-1.1
26.93,1.62167921400847,2.87092682955862,-1.1
26.935,1.62246325350584,2.87070080874563,-1.1
26.94,1.62324419356169,2.87047168849112,-1.1
26.945,1.62402119971098,2.87023851512076,-1.1
26.95,1.6247933182794,2.87000200389029,-1.1
26.955,1.62555947638335,2.86976167796255,-1.1
26.96,1.62631931639494,2.86951777575613,-1.1
26.965,1.62707605696501,2.86927244303824,-1.1
26.97,1.62783279753508,2.86902687190176,-1.1
26.975,1.62859144545378,2.86878058550955,-1.1
26.98,1.6293521199304,2.86853310702444,-1.1
26.985,1.63011184073271,2.86828419802786,-1.1
26.99,1.63086667395415,2.86803218958975,-1.1
26.995,1.63161769247832,2.86777875064016,-1.1
27,1.63237049914183,2.86752650378347,-1.1
27.005,1.62669207983452,2.85078620340813,-1.1
27.01,1.62745239668328,2.85053657915581,-1.1
27.015,1.62821354799706,2.85028623964776,-1.1
27.02,1.6289739840551,2.85003494646538,-1.1
27.025,1.62973477774102,2.84978436853875,-1.1
27.03,1.63049867086846,2.84953593637932,-1.1
27.035,1.63126876287896,2.84929084208001,-1.1
27.04,1.63204648428398,2.84904860880364,-1.1
27.045,1.63282945089775,2.84880661394585,-1.1
27.05,1.633613848023,2.84856271173943,-1.1
27.055,1.6343975298925,2.84831571009148,-1.1
27.06,1.63517990045983,2.84806608583916,-1.1
27.065,1.63596095972496,2.84781479265679,-1.1
27.07,1.63674023085076,2.84756183054436,-1.1
27.075,1.63751711779076,2.84730719950188,-1.1
27.08,1.63829102449852,2.84705042269219,-1.1
27.085,1.63906207018334,2.84679126169671,-1.1
27.09,1.63983263903099,2.84653067018975,-1.1
27.095,1.64060511522728,2.84626936342705,-1.1
27.1,1.64138045244652,2.84600877192009,-1.1
27.105,1.64215888910729,2.84574913408745,-1.1
27.11,1.64294090204674,2.84548997309197,-1.1
27.115,1.6437285178228,2.84523128893364,-1.1
27.12,1.64452078276116,2.84497212793816,-1.1
27.125,1.64531233244377,2.84471010591973,-1.1
27.13,1.64609970980126,2.84444426920403,-1.1
27.135,1.64688351088005,2.8441753330468,-1.1
27.14,1.6476644509359,2.84390401270379,-1.1
27.145,1.64844276838738,2.84363126184929,-1.1
27.15,1.64921798639733,2.84335660364617,-1.1
27.155,1.64999010496575,2.84307956125725,-1.1
27.16,1.65076115065056,2.84280084993828,-1.1
27.165,1.6515319579168,2.84252094652642,-1.1
27.17,1.65230181150872,2.84224032785881,-1.1
27.175,1.65307297640282,2.84195947077263,-1.1
27.18,1.65384831362206,2.84167956736077,-1.1
27.185,1.65462782316643,2.84140061762322,-1.1
27.19,1.65540876322228,2.84112119104851,-1.1
27.195,1.65618970327812,2.84084057238091,-1.1
27.2,1.65697135858971,2.84055947687615,-1.1
27.205,1.65054301506877,2.82501069271011,-1.1
27.21,1.65132884270549,2.82473055087966,-1.1
27.215,1.65211788899303,2.8244506474678,-1.1
27.22,1.65291063076854,2.82417098247451,-1.1
27.225,1.65370527989268,2.82389084064407,-1.1
27.23,1.65449861771464,2.82360855304641,-1.1
27.235,1.65528980976939,2.82332364284438,-1.1
27.24,1.65607933289409,2.82303587161941,-1.1
27.245,1.65686504132152,2.82274500095291,-1.1
27.25,1.65764419323802,2.82245103084487,-1.1
27.255,1.65841690785289,2.82215443813247,-1.1
27.26,1.6591868806541,2.82185665332717,-1.1
27.265,1.6599592376411,2.8215586301033,-1.1
27.27,1.66073624379039,2.82126036846084,-1.1
27.275,1.66151587254405,2.82096091472549,-1.1
27.28,1.66229395157695,2.82065883838577,-1.1
27.285,1.66307000405192,2.8203539010231,-1.1
27.29,1.66384665257335,2.82004753314895,-1.1
27.295,1.66462377793193,2.81974021160049,-1.1
27.3,1.66539911515117,2.81943122112197,-1.1
27.305,1.66617254502177,2.81912032329482,-1.1
27.31,1.6669457364738,2.81880727970046,-1.1
27.315,1.66771868950725,2.818490898246,-1.1
27.32,1.66848949677348,2.81817141735,-1.1
27.325,1.6692548204124,2.81784883701248,-1.1
27.33,1.67001322991252,2.81752291881484,-1.1
27.335,1.67076877838969,2.8171960469429,-1.1
27.34,1.67152587658763,2.81686893665237,-1.1
27.345,1.67228404766917,2.81654087268752,-1.1
27.35,1.67304245716929,2.81621137821121,-1.1
27.355,1.6737999129951,2.8158794995491,-1.1
27.36,1.67455641514659,2.8155452367012,-1.1
27.365,1.67531351334453,2.81520882808608,-1.1
27.37,1.67607073075175,2.81487075054092,-1.1
27.375,1.67682437188029,2.81453028880996,-1.1
27.38,1.6775715757072,2.81418672763748,-1.1
27.385,1.67831246144176,2.81384006702346,-1.1
27.39,1.67904941326976,2.81349102222366,-1.1
27.395,1.67978398091197,2.8131403084938,-1.1
27.4,1.68051652199626,2.81278816425247,-1.1
27.405,1.67348786600556,2.79846487985779,-1.1
27.41,1.67421933420624,2.79811058984924,-1.1
27.415,1.67495270975556,2.79775582300354,-1.1
27.42,1.67568656214203,2.79739986406494,-1.1
27.425,1.67641946085419,2.79704271303345,-1.1
27.43,1.67715080984559,2.79668436990906,-1.1
27.435,1.67788120516266,2.79632483469177,-1.1
27.44,1.67861195810761,2.79596458421875,-1.1
27.445,1.67934318788971,2.79560314165283,-1.1
27.45,1.68007370241608,2.79524026857544,-1.1
27.455,1.68080350168671,2.79487572656799,-1.1
27.46,1.68153389700379,2.79450927721191,-1.1
27.465,1.68226608046021,2.79414187418152,-1.1
27.47,1.68299885996308,2.79377375589538,-1.1
27.475,1.68373056658234,2.79340420709778,-1.1
27.48,1.68446310766663,2.79303370462585,-1.1
27.485,1.68519862898316,2.79266224847961,-1.1
27.49,1.68593605764832,2.7922893618219,-1.1
27.495,1.68667312868561,2.79191480623413,-1.1
27.5,1.68740924604859,2.79153762804199,-1.1
27.505,1.68814488657441,2.79115854250122,-1.1
27.51,1.68888016947236,2.79077802644897,-1.1
27.515,1.68961342581238,2.79039560304809,-1.1
27.52,1.69034477480378,2.79001151071716,-1.1
27.525,1.69107612379517,2.78962574945617,-1.1
27.53,1.69180675753083,2.78923808084656,-1.1
27.535,1.69253572233643,2.78884802805115,-1.1
27.54,1.69326313742127,2.78845535265137,-1.1
27.545,1.69398888357605,2.78806076990295,-1.1
27.55,1.69471141108002,2.78766451822449,-1.1
27.555,1.69543048151459,2.78726707445312,-1.1
27.56,1.69614931353058,2.7868691538446,-1.1
27.565,1.69687136419739,2.7864709948175,-1.1
27.57,1.69759722956147,2.78607212053467,-1.1
27.575,1.69832464464631,2.7856713389032,-1.1
27.58,1.69905134447541,2.78526793466736,-1.1
27.585,1.69977637537446,2.78486166940857,-1.1
27.59,1.70049818762269,2.78445301996399,-1.1
27.595,1.70121523149933,2.78404198633362,-1.1
27.6,1.70192703016724,2.78362880693603,-1.1
27.605,1.69531194616804,2.77169643385912,-1.1
27.61,1.69601456572065,2.77127943976427,-1.1
27.615,1.69671360899458,2.77086077673937,-1.1
27.62,1.69741086412916,2.77044116004015,-1.1
27.625,1.6981085961009,2.77002082808519,-1.1
27.63,1.6988090698863,2.76960097296739,-1.1
27.635,1.69951216627607,2.76918207152391,-1.1
27.64,1.70021788527021,2.76876340849901,-1.1
27.645,1.70092884947309,2.76834474547411,-1.1
27.65,1.70164708544264,2.7679260824492,-1.1
27.655,1.70237008978376,2.76750718100572,-1.1
27.66,1.70309535910139,2.7670875643065,-1.1
27.665,1.70382408548841,2.76666723235155,-1.1
27.67,1.70455877233991,2.76624642355943,-1.1
27.675,1.70529786993513,2.76582418425584,-1.1
27.68,1.70603601385603,2.76539932234789,-1.1
27.685,1.70676915098676,2.76497183783556,-1.1
27.69,1.70749668528089,2.76454220755602,-1.1
27.695,1.70822159697065,2.76411186202074,-1.1
27.7,1.70894960810194,2.76368127806688,-1.1
27.705,1.70968322206983,2.76324997885729,-1.1
27.71,1.71041993547926,2.76281724913622,-1.1
27.715,1.71115474154005,2.76238141997362,-1.1
27.72,1.71188501764784,2.76194296820665,-1.1
27.725,1.71261279036054,2.76150332434679,-1.1
27.73,1.71334103991041,2.76106368048692,-1.1
27.735,1.71407286573896,2.7606247518828,-1.1
27.74,1.71480969835767,2.76018630011583,-1.1
27.745,1.71555082251081,2.7597473715117,-1.1
27.75,1.71629468847761,2.75930629714037,-1.1
27.755,1.71704117704878,2.75886236174608,-1.1
27.76,1.71778909613142,2.758416042166,-1.1
27.765,1.71853355814466,2.75796709998155,-1.1
27.77,1.71927194048414,2.75751601202989,-1.1
27.775,1.72000555445203,2.75706277831102,-1.1
27.78,1.72073451925764,2.75660763724352,-1.1
27.785,1.72145752359876,2.75615058882738,-1.1
27.79,1.72217397142896,2.75569115622545,-1.1
27.795,1.72288708139906,2.75523005469347,-1.1
27.8,1.72360090662489,2.75476799948717,-1.1
27.805,1.71775653692048,2.74504446525505,-1.1
27.81,1.7184727463321,2.74458169479301,-1.1
27.815,1.71919026704591,2.74411797065666,-1.1
27.82,1.71991064878266,2.74365329284599,-1.1
27.825,1.72063246103089,2.74318646926811,-1.1
27.83,1.7213522467212,2.74271749992302,-1.1
27.835,1.72206714483064,2.74224638481071,-1.1
27.84,1.72277584405701,2.74177360076835,-1.1
27.845,1.72348120542329,2.74129986305168,-1.1
27.85,1.72418704362672,2.74082493324211,-1.1
27.855,1.72489431234162,2.74034857292106,-1.1
27.86,1.72560098501008,2.73987030525139,-1.1
27.865,1.72630360456269,2.73938893814018,-1.1
27.87,1.72700252862733,2.73890518684318,-1.1
27.875,1.7276999029712,2.73841952819755,-1.1
27.88,1.72839644285004,2.73793243904045,-1.1
27.885,1.72909119458955,2.73744368095329,-1.1
27.89,1.72978237005036,2.73695230026176,-1.1
27.895,1.73046853872102,2.73645829696586,-1.1
27.9,1.73114934297364,2.73596238632133,-1.1
27.905,1.73182561727326,2.73546480674675,-1.1
27.91,1.73250129552644,2.73496627349785,-1.1
27.915,1.73318007322114,2.73446750183037,-1.1
27.92,1.73386087747376,2.73396801490715,-1.1
27.925,1.7345415625171,2.73346757430961,-1.1
27.93,1.73522332044404,2.73296618003776,-1.1
27.935,1.73590805860322,2.73246359367302,-1.1
27.94,1.73659613462251,2.73195981521538,-1.1
27.945,1.73728683324616,2.73145508308342,-1.1
27.95,1.73797800870698,2.73094892043999,-1.1
27.955,1.73866870733064,2.73044037361076,-1.1
27.96,1.73935857148927,2.72992944259575,-1.1
27.965,1.7400437864856,2.72941565055778,-1.1
27.97,1.7407202992038,2.72889923591545,-1.1
27.975,1.74138894410889,2.72838139076164,-1.1
27.98,1.74205329747956,2.72786330718925,-1.1
27.985,1.74271693559449,2.72734522361687,-1.1
27.99,1.74338379236024,2.72682714004448,-1.1
27.995,1.7440550598697,2.72630881805351,-1.1
28,1.74472871156495,2.72578930396965,-1.1
28.005,1.74066137271852,2.71908731159872,-1.1
28.01,1.74134110408753,2.71856469807333,-1.1
28.015,1.7420226235959,2.71804065403647,-1.1
28.02,1.74270259338349,2.71751517948813,-1.1
28.025,1.74337898689241,2.71698803600973,-1.1
28.03,1.74405108886689,2.71645970043844,-1.1
28.035,1.74471866088838,2.71592945751852,-1.1
28.04,1.74538206058473,2.71539754566855,-1.1
28.045,1.74604212242097,2.71486396488852,-1.1
28.05,1.74669908481568,2.71432895359701,-1.1
28.055,1.74735413986177,2.71379322704977,-1.1
28.06,1.74800919490785,2.71325678524679,-1.1
28.065,1.74866639572114,2.71271962818808,-1.1
28.07,1.74932633834809,2.71218175587362,-1.1
28.075,1.74998747306794,2.71164149937338,-1.1
28.08,1.75064836936921,2.71109862026877,-1.1
28.085,1.75130652385682,2.71055359539694,-1.1
28.09,1.75195847946137,2.71000618633932,-1.1
28.095,1.75260459381074,2.70945710835165,-1.1
28.1,1.75324796634645,2.70890731510824,-1.1
28.105,1.75388895469636,2.70835704502768,-1.1
28.11,1.75452755886048,2.70780582127279,-1.1
28.115,1.7551662822339,2.70725412068075,-1.1
28.12,1.75580667453736,2.7067014664144,-1.1
28.125,1.7564496894452,2.70614785847372,-1.1
28.13,1.75709687667817,2.70559353527731,-1.1
28.135,1.75774728256196,2.70503873524374,-1.1
28.14,1.75839995342225,2.70448298153586,-1.1
28.145,1.75905488925904,2.70392651257223,-1.1
28.15,1.75971125560731,2.70336861309714,-1.1
28.155,1.76036690669984,2.70280832943625,-1.1
28.16,1.76102041202516,2.70224590000815,-1.1
28.165,1.76166962581605,2.70168156323141,-1.1
28.17,1.76231240230531,2.70111531910605,-1.1
28.175,1.76295052963227,2.70054764446921,-1.1
28.18,1.76358579593629,2.69997877773947,-1.1
28.185,1.76421736675233,2.69940871891684,-1.1
28.19,1.76484393077821,2.69883722958273,-1.1
28.195,1.76546620326966,2.69826430973715,-1.1
28.2,1.76608716445893,2.69769091305441,-1.1
28.205,1.76418445579749,2.69398482643306,-1.1
28.21,1.7648073243354,2.69341238342464,-1.1
28.215,1.76543496124488,2.69284041725337,-1.1
28.22,1.76607094280463,2.69226845108211,-1.1
28.225,1.76671467296821,2.69169600807369,-1.1
28.23,1.76736209861976,2.69112213455379,-1.1
28.235,1.76801035873634,2.69054611526668,-1.1
28.24,1.76865849964362,2.68996818863094,-1.1
28.245,1.76930461399299,2.68938954673946,-1.1
28.25,1.76994619838935,2.68881042801082,-1.1
28.255,1.7705845641349,2.68823035560787,-1.1
28.26,1.77122352592689,2.68764932953059,-1.1
28.265,1.77186260692817,2.68706711136043,-1.1
28.27,1.77249787323219,2.68648298584163,-1.1
28.275,1.77312896721107,2.68589719139278,-1.1
28.28,1.77375874988776,2.68531115852535,-1.1
28.285,1.77438889019233,2.68472512565791,-1.1
28.29,1.77502141468269,2.68413956962764,-1.1
28.295,1.77565823070747,2.68355377517879,-1.1
28.3,1.77629838459235,2.68296750389278,-1.1
28.305,1.7769402074073,2.68237980209529,-1.1
28.31,1.77758286468726,2.68179019294917,-1.1
28.315,1.77822671406013,2.681198914873,-1.1
28.32,1.77887032501441,2.68060620628536,-1.1
28.325,1.77951107494575,2.68001254402339,-1.1
28.33,1.78014777176124,2.67941792808711,-1.1
28.335,1.78078065387946,2.67882283531368,-1.1
28.34,1.78141067497474,2.67822726570308,-1.1
28.345,1.7820397423957,2.67763098083675,-1.1
28.35,1.78267012111884,2.67703398071468,-1.1
28.355,1.78330240719062,2.67643578849971,-1.1
28.36,1.78393552772743,2.67583616577327,-1.1
28.365,1.78456817142707,2.67523439727962,-1.1
28.37,1.78519807331306,2.67463048301875,-1.1
28.375,1.78582225315315,2.6740241845721,-1.1
28.38,1.78643761150581,2.67341574035823,-1.1
28.385,1.78704331390601,2.67280586563289,-1.1
28.39,1.78764007560951,2.67219479881465,-1.1
28.395,1.78823016159278,2.67158230148494,-1.1
28.4,1.78881571762306,2.67096908889949,-1.1
28.405,1.78805838881421,2.66873542708324,-1.1
28.41,1.78863488493848,2.66812126082347,-1.1
28.415,1.78921090422558,2.66750661772655,-1.1
28.42,1.78979061900067,2.66689125937388,-1.1
28.425,1.79037331400799,2.66627518576549,-1.1
28.43,1.79095553217816,2.66565815848277,-1.1
28.435,1.79153512774396,2.66504041594432,-1.1
28.44,1.79211341200757,2.66442267340587,-1.1
28.445,1.79269217310834,2.66380493086741,-1.1
28.45,1.79327367602276,2.66318742674754,-1.1
28.455,1.79385911284375,2.66256992262767,-1.1
28.46,1.79444752989697,2.66195194167064,-1.1
28.465,1.79503809271741,2.66133324545787,-1.1
28.47,1.79563032446789,2.66071359557078,-1.1
28.475,1.79622482119488,2.66009323042796,-1.1
28.48,1.79682158289837,2.65947191161082,-1.1
28.485,1.79741870222973,2.65884963911937,-1.1
28.49,1.7980134373753,2.65822665137218,-1.1
28.495,1.79860423861432,2.65760270995067,-1.1
28.5,1.79919265566754,2.65697781485484,-1.1
28.505,1.79978023825574,2.65635268134044,-1.1
28.51,1.80036639033246,2.65572659415172,-1.1
28.515,1.80095135031628,2.6550993148701,-1.1
28.52,1.80153583346295,2.65447155875133,-1.1
28.525,1.80211781321454,2.65384284895824,-1.1
28.53,1.80269717036175,2.65321270865367,-1.1
28.535,1.80327569304394,2.65258185309337,-1.1
28.54,1.80385195074963,2.65195028227733,-1.1
28.545,1.80442415533948,2.65131799620555,-1.1
28.55,1.80499409495282,2.65068571013377,-1.1
28.555,1.80556391535687,2.65005390089915,-1.1
28.56,1.80613468943524,2.64942256850169,-1.1
28.565,1.80670856295514,2.64879171294139,-1.1
28.57,1.80728803931164,2.64816133421825,-1.1
28.575,1.80787335692334,2.64753143233226,-1.1
28.58,1.80846451579022,2.64690129202769,-1.1
28.585,1.809061396703,2.64627139014171,-1.1
28.59,1.80966316519665,2.64564244193004,-1.1
28.595,1.81026946364331,2.64501444739268,-1.1
28.6,1.81088303385663,2.64438812178538,-1.1
28.605,1.81068584387559,2.64278308144221,-1.1
28.61,1.81131956045884,2.64215818634639,-1.1
28.615,1.81196245615739,2.64153233757625,-1.1
28.62,1.81261083548326,2.64090481987605,-1.1
28.625,1.81325873797197,2.6402756332458,-1.1
28.63,1.8139029449727,2.63964525452266,-1.1
28.635,1.81454357569474,2.63901439896236,-1.1
28.64,1.81518074934739,2.63838354340205,-1.1
28.645,1.81581422751207,2.63775244942317,-1.1
28.65,1.81644424860734,2.63712040176997,-1.1
28.655,1.81707033579606,2.63648740044246,-1.1
28.66,1.81769201224107,2.63585368385921,-1.1
28.665,1.81831070845384,2.6352194904388,-1.1
28.67,1.8189295238759,2.63458505859981,-1.1
28.675,1.81955060427446,2.63395110359798,-1.1
28.68,1.82017239992875,2.63331714859614,-1.1
28.685,1.82079348032731,2.63268343201289,-1.1
28.69,1.82141467993516,2.63204971542964,-1.1
28.695,1.82203766768235,2.63141504517207,-1.1
28.7,1.82266399328965,2.63077918282161,-1.1
28.705,1.82329139178056,2.63014212837825,-1.1
28.71,1.82391449873704,2.62950435867915,-1.1
28.715,1.82453140681047,2.62886682739863,-1.1
28.72,1.82514569227952,2.6282295345367,-1.1
28.725,1.82576128905076,2.62759248009334,-1.1
28.73,1.8263791507985,2.6269551872314,-1.1
28.735,1.82699653570909,2.62631694069514,-1.1
28.74,1.82761082117814,2.62567726364741,-1.1
28.745,1.82822224562425,2.62503687134395,-1.1
28.75,1.82883140509385,2.6243962406219,-1.1
28.755,1.82943937247056,2.62375560989986,-1.1
28.76,1.83004757826585,2.62311521759639,-1.1
28.765,1.83065518801469,2.6224750637115,-1.1
28.77,1.83126041357774,2.62183514824519,-1.1
28.775,1.83186408942002,2.62119523277888,-1.1
28.78,1.83247003023881,2.62055531731258,-1.1
28.785,1.83308109705705,2.61991564026485,-1.1
28.79,1.83369585936326,2.61927596321712,-1.1
28.795,1.83431193297166,2.61863676300655,-1.1
28.8,1.83492907946366,2.61799851647029,-1.1
28.805,1.83409695619898,2.61565186184614,-1.1
28.81,1.83472101682978,2.61501385372847,-1.1
28.815,1.83534972662287,2.61437536877363,-1.1
28.82,1.83597939009027,2.6137356917259,-1.1
28.825,1.83660702699976,2.6130945841667,-1.1
28.83,1.83723084921198,2.61245252293318,-1.1
28.835,1.83784883016901,2.61180974644392,-1.1
28.84,1.83846132749872,2.61116720837324,-1.1
28.845,1.83907036775904,2.6105253855583,-1.1
28.85,1.83967690462427,2.6098842779991,-1.1
28.855,1.8402834414895,2.60924364727705,-1.1
28.86,1.84089236254053,2.60860230129927,-1.1
28.865,1.84150402540521,2.60795952481001,-1.1
28.87,1.84211604589777,2.60731484097212,-1.1
28.875,1.84272389406519,2.60666872662275,-1.1
28.88,1.84332482809381,2.60602142018049,-1.1
28.885,1.84391884798365,2.60537411373823,-1.1
28.89,1.84450750345545,2.60472728413313,-1.1
28.895,1.84509127134638,2.60408021610945,-1.1
28.9,1.8456717013772,2.60343362492292,-1.1
28.905,1.84625046247797,2.6027870337364,-1.1
28.91,1.84682862753229,2.60213948887556,-1.1
28.915,1.84740834230738,2.60149146717756,-1.1
28.92,1.84798889154749,2.60084273022383,-1.1
28.925,1.84856753343897,2.60019351643293,-1.1
28.93,1.84914379114466,2.59954430264204,-1.1
28.935,1.84971754545526,2.59889556568831,-1.1
28.94,1.85028915399866,2.59824682873457,-1.1
28.945,1.85086052412348,2.59759761494368,-1.1
28.95,1.85143213266687,2.59694768589705,-1.1
28.955,1.85200123781519,2.5962968031761,-1.1
28.96,1.85256593221979,2.59564496678084,-1.1
28.965,1.85312693113642,2.59499289196699,-1.1
28.97,1.85368542665796,2.59434129399031,-1.1
28.975,1.85424213404016,2.59368945759504,-1.1
28.98,1.85479753012018,2.59303785961836,-1.1
28.985,1.85535149568872,2.59238650006025,-1.1
28.99,1.85590295786219,2.59173514050215,-1.1
28.995,1.85645406240778,2.5910842577812,-1.1
29,1.85700814718561,2.59043361347883,-1.1
29.005,1.85512970602188,2.5869824670431,-1.1
29.01,1.85569046651993,2.586331107485,-1.1
29.015,1.85624896204148,2.58567974792689,-1.1
29.02,1.8568031660286,2.58502862678737,-1.1
29.025,1.85735713159714,2.58437869774073,-1.1
29.03,1.85791526949082,2.58372972236842,-1.1
29.035,1.85847781812821,2.58308122383326,-1.1
29.04,1.85904382383499,2.58243248687953,-1.1
29.045,1.85961114084397,2.58178303467006,-1.1
29.05,1.86017738496933,2.58113310562343,-1.1
29.055,1.86074267542038,2.58048317657679,-1.1
29.06,1.86130820429001,2.57983348594874,-1.1
29.065,1.86187564050827,2.57918427215785,-1.1
29.07,1.86244498407517,2.57853529678553,-1.1
29.075,1.86301373159561,2.57788703666896,-1.1
29.08,1.86358081018601,2.57723901497096,-1.1
29.085,1.86414920007858,2.57659099327296,-1.1
29.09,1.86472271597061,2.57594320999354,-1.1
29.095,1.86530064260636,2.57529542671412,-1.1
29.1,1.86588035738144,2.57464692817897,-1.1
29.105,1.86646007215653,2.57399795280665,-1.1
29.11,1.86703787958298,2.5733482621786,-1.1
29.115,1.86761211073075,2.57269714103907,-1.1
29.12,1.86818324243698,2.57204506622523,-1.1
29.125,1.86874936735306,2.57139275299281,-1.1
29.13,1.86930690920029,2.57074067817897,-1.1
29.135,1.86985825216446,2.57008979545802,-1.1
29.14,1.87040947591934,2.56943915115565,-1.1
29.145,1.87096463358078,2.5687882684347,-1.1
29.15,1.87152205621872,2.56813619362086,-1.1
29.155,1.87207554495011,2.56748244987697,-1.1
29.16,1.87262188112412,2.56682751404017,-1.1
29.165,1.87316201841507,2.56617210136622,-1.1
29.17,1.87369762575302,2.56551740394801,-1.1
29.175,1.87423072969589,2.56486413704127,-1.1
29.18,1.87476311838303,2.56421230064601,-1.1
29.185,1.87529574548874,2.56356117950648,-1.1
29.19,1.87583063757096,2.56291005836696,-1.1
29.195,1.87636886751328,2.56225846039027,-1.1
29.2,1.87691019689713,2.56160686241359,-1.1
29.205,1.87415114371347,2.55729005449267,-1.1
29.21,1.87469688384103,2.55663917177173,-1.1
29.215,1.87524465052652,2.55598971956225,-1.1
29.22,1.87579396693277,2.55534145944568,-1.1
29.225,1.87634650198983,2.554694391422,-1.1
29.23,1.87690380541848,2.55404780023547,-1.1
29.235,1.877465996428,2.55340049379321,-1.1
29.24,1.87803224055337,2.55275199525805,-1.1
29.245,1.87859943835305,2.55210254304858,-1.1
29.25,1.87916341750192,2.55145237558337,-1.1
29.255,1.87972238986062,2.55080244653674,-1.1
29.26,1.88027778594064,2.55015347116443,-1.1
29.265,1.88083163229989,2.54950544946643,-1.1
29.27,1.88138607470559,2.54885814302417,-1.1
29.275,1.88194194762277,2.54821107500049,-1.1
29.28,1.88249889342355,2.54756376855823,-1.1
29.285,1.88305786578225,2.54691598527881,-1.1
29.29,1.88361969916391,2.54626796358081,-1.1
29.295,1.88418343989419,2.54561922662707,-1.1
29.3,1.88474718062448,2.54497025125476,-1.1
29.305,1.88530841795968,2.54432151430102,-1.1
29.31,1.88586536376046,2.54367325418445,-1.1
29.315,1.8864194485383,2.54302618616076,-1.1
29.32,1.88697508303689,2.5423800718114,-1.1
29.325,1.88753572432565,2.54173443429919,-1.1
29.33,1.88810196845102,2.54108879678699,-1.1
29.335,1.88867155043649,2.54044268243762,-1.1
29.34,1.88924208609628,2.5397960912511,-1.1
29.345,1.88981297938394,2.53914926164599,-1.1
29.35,1.89038411109018,2.53850267045947,-1.1
29.355,1.89095500437783,2.53785679452868,-1.1
29.36,1.89152565924691,2.53721163385364,-1.1
29.365,1.89209679095315,2.53656695001575,-1.1
29.37,1.89266923396157,2.53592202775928,-1.1
29.375,1.89324251143502,2.53527615182849,-1.1
29.38,1.89381471602487,2.53462956064197,-1.1
29.385,1.89438334433602,2.53398273103686,-1.1
29.39,1.89494815794992,2.53333637826892,-1.1
29.395,1.89551177947091,2.53269097917529,-1.1
29.4,1.8960765930848,2.53204605691882,-1.1
29.405,1.89203563508027,2.52652194823777,-1.1
29.41,1.89259937581055,2.52587535705124,-1.1
29.415,1.8931578713321,2.52522805060898,-1.1
29.42,1.8937100487613,2.52458074416672,-1.1
29.425,1.8942587691211,2.52393462981736,-1.1
29.43,1.89480760869019,2.5232906612352,-1.1
29.435,1.89535930928223,2.5226483615831,-1.1
29.44,1.89591553982728,2.522006061931,-1.1
29.445,1.89647570427888,2.52136233176743,-1.1
29.45,1.89703610714906,2.52071717109238,-1.1
29.455,1.8975923376941,2.52007105674301,-1.1
29.46,1.89814344223969,2.51942494239365,-1.1
29.465,1.89869383152955,2.51878002013718,-1.1
29.47,1.89924612816804,2.51813605155503,-1.1
29.475,1.89979925927155,2.51749208297287,-1.1
29.48,1.90035107907288,2.51684811439072,-1.1
29.485,1.90089908417695,2.51620390738999,-1.1
29.49,1.90144410904877,2.51555993880783,-1.1
29.495,1.90199127968781,2.51491644706284,-1.1
29.5,1.90254500683778,2.514273432155,-1.1
29.505,1.90310529049866,2.51363041724716,-1.1
29.51,1.90366795834534,2.51298668708359,-1.1
29.515,1.90422812279694,2.51234176482712,-1.1
29.52,1.90478328045838,2.51169588889633,-1.1
29.525,1.90533355053895,2.51105025138413,-1.1
29.53,1.9058806019687,2.51040532912766,-1.1
29.535,1.90642729577058,2.50976159896408,-1.1
29.54,1.90697637375825,2.50911834563767,-1.1
29.545,1.90752723988526,2.50847509231125,-1.1
29.55,1.90807691391938,2.50783183898484,-1.1
29.555,1.90862420376771,2.50718787040268,-1.1
29.56,1.9091718512439,2.50654414023911,-1.1
29.565,1.90972212132447,2.50590064849411,-1.1
29.57,1.91027465638154,2.50525715674912,-1.1
29.575,1.91082862195008,2.50461414184128,-1.1
29.58,1.91138139542573,2.50397184218918,-1.1
29.585,1.911931546297,2.50332978095566,-1.1
29.59,1.91248205479615,2.50268795814072,-1.1
29.595,1.91303602036469,2.50204661216294,-1.1
29.6,1.91359308537476,2.50140550460373,-1.1
29.605,1.90850062168952,2.49512116050582,-1.1
29.61,1.90906126297828,2.49447981452803,-1.1
29.615,1.90962238110419,2.49383846855025,-1.1
29.62,1.91018183030005,2.49319736099105,-1.1
29.625,1.91073996819373,2.49255649185042,-1.1
29.63,1.91129834450599,2.49191609954695,-1.1
29.635,1.91185660160895,2.49127594566207,-1.1
29.64,1.91241366661902,2.49063603019576,-1.1
29.645,1.91296965874549,2.48999635314803,-1.1
29.65,1.91352481640693,2.48935691451888,-1.1
29.655,1.91408021248694,2.48871699905257,-1.1
29.66,1.91463727749702,2.4880766067491,-1.1
29.665,1.9151952961814,2.48743573760848,-1.1
29.67,1.91575093068,2.48679486846785,-1.1
29.675,1.91630286969062,2.48615447616439,-1.1
29.68,1.91685325898047,2.48551479911666,-1.1
29.685,1.91740555561896,2.48487559890608,-1.1
29.69,1.91796119011756,2.48423616027693,-1.1
29.695,1.91851885117408,2.48359600639205,-1.1
29.7,1.91907591618415,2.48295418357711,-1.1
29.705,1.9196297625434,2.48231188392501,-1.1
29.71,1.92017872132178,2.48167029952864,-1.1
29.715,1.92072362698432,2.48102990722518,-1.1
29.72,1.92126984394904,2.48039118385176,-1.1
29.725,1.92182166375037,2.47975389098983,-1.1
29.73,1.92237837113257,2.47911659812789,-1.1
29.735,1.92293913163062,2.47847811317305,-1.1
29.74,1.92350370682593,2.47783819770674,-1.1
29.745,1.92406911648627,2.47719732856612,-1.1
29.75,1.92463285721656,2.47655645942549,-1.1
29.755,1.92519588269111,2.47591654395919,-1.1
29.76,1.92576010025855,2.47527782058577,-1.1
29.765,1.92632574833747,2.47463933563094,-1.1
29.77,1.92689175404426,2.47400037383895,-1.1
29.775,1.92745632923957,2.47336045837264,-1.1
29.78,1.92801792420264,2.47272030448775,-1.1
29.785,1.92857653893348,2.47207991218428,-1.1
29.79,1.92913443840858,2.4714397582994,-1.1
29.795,1.92969341076728,2.47080008125167,-1.1
29.8,1.93025178707953,2.47016135787825,-1.1
29.805,1.92410574513283,2.46327619905816,-1.1
29.81,1.92465887623634,2.46263890619622,-1.1
29.815,1.92521415310707,2.4620013749157,-1.1
29.82,1.92577372151222,2.46136360521661,-1.1
29.825,1.92633591252174,2.46072559709893,-1.1
29.83,1.92689798432198,2.46008806581841,-1.1
29.835,1.92745934086647,2.45945124979363,-1.1
29.84,1.92802105503883,2.45881514902459,-1.1
29.845,1.92858479576912,2.45817928667412,-1.1
29.85,1.92915127831306,2.45754342432366,-1.1
29.855,1.92971954899635,2.45690732355462,-1.1
29.86,1.93028901177254,2.45627026911126,-1.1
29.865,1.93085966664162,2.45563226099358,-1.1
29.87,1.93143044071999,2.45499401445733,-1.1
29.875,1.93199894982185,2.45435576792107,-1.1
29.88,1.93256495552864,2.4537177598034,-1.1
29.885,1.93313036518898,2.45307951326714,-1.1
29.89,1.933694821175,2.45244078989373,-1.1
29.895,1.93425689297524,2.45180135126458,-1.1
29.9,1.93481526928749,2.45116095896111,-1.1
29.905,1.93536935406532,2.45052032823907,-1.1
29.91,1.93591890889015,2.44988017435418,-1.1
29.915,1.93646464901772,2.44924097414361,-1.1
29.92,1.93700967388954,2.44860296602593,-1.1
29.925,1.93755672531929,2.44796591158257,-1.1
29.93,1.93810687619057,2.44732909555779,-1.1
29.935,1.93866084175911,2.44669204111443,-1.1
29.94,1.93921945648994,2.44605403299676,-1.1
29.945,1.93978212433662,2.44541507120476,-1.1
29.95,1.94034741478767,2.44477539415703,-1.1
29.955,1.94091377812233,2.44413524027215,-1.1
29.96,1.94147990303841,2.44349532480584,-1.1
29.965,1.94204412060585,2.44285564775811,-1.1
29.97,1.9426059539875,2.4422157322918,-1.1
29.975,1.94316623764839,2.44157581682549,-1.1
29.98,1.94372461396065,2.44093590135918,-1.1
29.985,1.94428024845924,2.44029598589287,-1.1
29.99,1.94483481007423,2.43965607042657,-1.1
29.995,1.94538913327065,2.43901639337884,-1.1
30,1.94594214516487,2.43837695474969,-1.1
30.005,1.93781467011588,2.43029009727926,-1.1
30.01,1.93836625149863,2.42965113548727,-1.1
30.015,1.93891807129997,2.42901217369528,-1.1
30.02,1.93946965268272,2.42837345032186,-1.1
30.025,1.94002135327476,2.42773472694845,-1.1
30.03,1.94057353070396,2.42709552673788,-1.1
30.035,1.94112582734245,2.42645608810873,-1.1
30.04,1.94167585900443,2.42581617264242,-1.1
30.045,1.94222088387626,2.42517601875753,-1.1
30.05,1.94276137879508,2.42453658012838,-1.1
30.055,1.94329913190025,2.42389833359213,-1.1
30.06,1.94383652737754,2.42326080231161,-1.1
30.065,1.94437833359855,2.42262350944967,-1.1
30.07,1.9449264579119,2.42198550133199,-1.1
30.075,1.94547839692252,2.42134630112142,-1.1
30.08,1.94603188565391,2.4207054319808,-1.1
30.085,1.94658573201316,2.42006360916586,-1.1
30.09,1.9471386246981,2.41942226318807,-1.1
30.095,1.9476908021273,2.41878258614034,-1.1
30.1,1.94824619820731,2.41814338592977,-1.1
30.105,1.94880910447257,2.41750347046346,-1.1
30.11,1.94937820962089,2.4168618860671,-1.1
30.115,1.94994779160636,2.41621887115926,-1.1
30.12,1.95051427415031,2.41557466415853,-1.1
30.125,1.95107920697349,2.41492998032064,-1.1
30.13,1.9516449742617,2.41428601173849,-1.1
30.135,1.95221241047996,2.41364275841207,-1.1
30.14,1.95278139641898,2.41299926666708,-1.1
30.145,1.95335228970664,2.41235529808492,-1.1
30.15,1.95392187169212,2.4117098989913,-1.1
30.155,1.95448775818961,2.41106354622335,-1.1
30.16,1.95505054524558,2.41041647819967,-1.1
30.165,1.95561118653434,2.40976988701315,-1.1
30.17,1.95617015889304,2.40912448791952,-1.1
30.175,1.95672889283317,2.40848028091879,-1.1
30.18,1.95728917649406,2.40783678917379,-1.1
30.185,1.95785172513145,2.4071932974288,-1.1
30.19,1.95841677716392,2.40654909042806,-1.1
30.195,1.95898528626579,2.40590321449728,-1.1
30.2,1.95955772927421,2.40525590805502,-1.1
30.205,1.9496718684217,2.39649247306585,-1.1
30.21,1.95024466905799,2.39584445136785,-1.1
30.215,1.95081460867133,2.39519762176275,-1.1
30.22,1.95138299856391,2.3945512689948,-1.1
30.225,1.95195186529365,2.39390467780828,-1.1
30.23,1.95252144727912,2.39325737136602,-1.1
30.235,1.95308852586952,2.3926095880866,-1.1
30.24,1.95365095529762,2.39196132797002,-1.1
30.245,1.95420957002845,2.39131211417913,-1.1
30.25,1.95476532373634,2.39066290038824,-1.1
30.255,1.95531666670051,2.3900141634345,-1.1
30.26,1.95586300287452,2.38936566489934,-1.1
30.265,1.95640671644416,2.38871668952703,-1.1
30.27,1.95694852266517,2.38806747573614,-1.1
30.275,1.95748651418891,2.3874187387824,-1.1
30.28,1.95802128706184,2.3867707170844,-1.1
30.285,1.95855772886482,2.38612221854925,-1.1
30.29,1.9590997735044,2.38547205108404,-1.1
30.295,1.9596462288877,2.38482092994451,-1.1
30.3,1.96019232664314,2.38416933196783,-1.1
30.305,1.96073604021278,2.38351749557256,-1.1
30.31,1.9612810650846,2.38286494392156,-1.1
30.315,1.96183002386298,2.38221120017766,-1.1
30.32,1.96238065157142,2.38155650275945,-1.1
30.325,1.96293044481483,2.38090180534124,-1.1
30.33,1.96347892675605,2.38024686950445,-1.1
30.335,1.96402740869727,2.37959169524908,-1.1
30.34,1.96457767877784,2.37893556731939,-1.1
30.345,1.96512985620704,2.37827753204107,-1.1
30.35,1.96568203363624,2.37761758941412,-1.1
30.355,1.96622991953101,2.37695716995,-1.1
30.36,1.96677005682197,2.37629746574163,-1.1
30.365,1.96730327997413,2.37563966888189,-1.1
30.37,1.96783483419624,2.3749835409522,-1.1
30.375,1.96836901102271,2.37432741302251,-1.1
30.38,1.96890795622077,2.37367056983709,-1.1
30.385,1.96945107374397,2.37301253455877,-1.1
30.39,1.96999538336005,2.37235354560613,-1.1
30.395,1.97054064665046,2.37169288772344,-1.1
30.4,1.97108936701026,2.37103008407354,-1.1
30.405,1.95934546585288,2.36189196109438,-1.1
30.41,1.95989263649192,2.36122796535158,-1.1
30.415,1.96043313141074,2.36056516170168,-1.1
30.42,1.96096897716727,2.35990355014468,-1.1
30.425,1.96150196190085,2.35924241542483,-1.1
30.43,1.96203387375083,2.35858128070498,-1.1
30.435,1.96256507034507,2.35791919231081,-1.1
30.44,1.96309388275351,2.35725615024233,-1.1
30.445,1.96361840362754,2.35659286975527,-1.1
30.45,1.96413803692069,2.35593006610537,-1.1
30.455,1.96465457077231,2.35526845454836,-1.1
30.46,1.96517217750754,2.35460684299136,-1.1
30.465,1.96569431419578,2.35394403934145,-1.1
30.47,1.9662211000463,2.35327932834292,-1.1
30.475,1.96674836273398,2.35261223315859,-1.1
30.48,1.96727324123588,2.35194370746279,-1.1
30.485,1.9677954971334,2.35127422809267,-1.1
30.49,1.96831501121726,2.3506042718854,-1.1
30.495,1.96883297558036,2.34993383884096,-1.1
30.5,1.96934962864127,2.34926292895937,-1.1
30.505,1.96986246700492,2.3485917806592,-1.1
30.51,1.97036886806693,2.34791944026614,-1.1
30.515,1.97086954708304,2.34724614619875,-1.1
30.52,1.97136426563468,2.34657261371279,-1.1
30.525,1.97185063953605,2.34590027331972,-1.1
30.53,1.9723314106008,2.34522984027529,-1.1
30.535,1.97281182403769,2.34456059932375,-1.1
30.54,1.97329450245109,2.34389088153506,-1.1
30.545,1.97378111477103,2.34321901797915,-1.1
30.55,1.97427034969535,2.34254453181887,-1.1
30.555,1.97475851173606,2.34186813830996,-1.1
30.56,1.9752428590795,2.34119079112673,-1.1
30.565,1.97572422619071,2.34051272868777,-1.1
30.57,1.97620380516257,2.3398346662488,-1.1
30.575,1.97667968864646,2.33915755748415,-1.1
30.58,1.97714937324729,2.33848211764956,-1.1
30.585,1.97761488552298,2.33780786990786,-1.1
30.59,1.9780801593801,2.33713290691042,-1.1
30.595,1.9785479366323,2.33645627498293,-1.1
30.6,1.97901821727958,2.33577821254397,-1.1
30.605,1.96439089198708,2.32608167507318,-1.1
30.61,1.96486105342507,2.32540242054132,-1.1
30.615,1.96533193011879,2.32472221233515,-1.1
30.62,1.96580364127754,2.32404176571039,-1.1
30.625,1.96627439876198,2.32336155750421,-1.1
30.63,1.96674348731636,2.3226818261352,-1.1
30.635,1.96721269508003,2.3220018563476,-1.1
30.64,1.96768357177376,2.3213206944671,-1.1
30.645,1.96815611739754,2.32063810207514,-1.1
30.65,1.96862937827706,2.31995336391596,-1.1
30.655,1.96910216231941,2.31926624157099,-1.1
30.66,1.96957220454811,2.31857792713312,-1.1
30.665,1.97003652473091,2.3178891358581,-1.1
30.67,1.97049428840279,2.31720058300165,-1.1
30.675,1.97094716449379,2.31651250698236,-1.1
30.68,1.9713953914225,2.31582466938166,-1.1
30.685,1.97183908839821,2.31513730861811,-1.1
30.69,1.97227968593239,2.31445018627314,-1.1
30.695,1.9727188529551,2.31376187183527,-1.1
30.7,1.97315897365212,2.31307165004877,-1.1
30.705,1.97360028644203,2.31237952091364,-1.1
30.71,1.97403945346474,2.31168619968561,-1.1
30.715,1.97447492499947,2.31099192478327,-1.1
30.72,1.97490765472054,2.31029741146234,-1.1
30.725,1.97533692737221,2.30960361339716,-1.1
30.73,1.97576250453591,2.30891029216913,-1.1
30.735,1.97618796249031,2.30821577884821,-1.1
30.74,1.97661568542122,2.30751911976007,-1.1
30.745,1.97704197784065,2.30682103016046,-1.1
30.75,1.97746374030709,2.30612270214228,-1.1
30.755,1.97788216491341,2.30542461254267,-1.1
30.76,1.97829927821755,2.30472628452448,-1.1
30.765,1.97871686835884,2.30402724125055,-1.1
30.77,1.97913576980232,2.30332748272089,-1.1
30.775,1.97955395599007,2.30262700893549,-1.1
30.78,1.97997071166634,2.30192677356867,-1.1
30.785,1.98038770576119,2.30122606136469,-1.1
30.79,1.98080815692543,2.30052415706781,-1.1
30.795,1.98123492618202,2.29982058384088,-1.1
30.8,1.98166789432167,2.29911510326532,-1.1
30.805,1.96456956419051,2.28963131260949,-1.1
30.81,1.96501302274764,2.28892106366235,-1.1
30.815,1.96546089204849,2.28820843052942,-1.1
30.82,1.96591114553512,2.28749365162927,-1.1
30.825,1.96636330637038,2.28677720379907,-1.1
30.83,1.96681677850784,2.28606004071313,-1.1
30.835,1.96726905855239,2.28534359288293,-1.1
30.84,1.96771978887618,2.28462738347131,-1.1
30.845,1.96817159208358,2.28390902829248,-1.1
30.85,1.96862601789535,2.28318638157922,-1.1
30.855,1.96907889398635,2.28246111226159,-1.1
30.86,1.96952282938064,2.28173560452539,-1.1
30.865,1.96995591672958,2.28101128888208,-1.1
30.87,1.97038244756759,2.28028816533166,-1.1
30.875,1.97080409082473,2.27956623387414,-1.1
30.88,1.97122025045455,2.2788457329281,-1.1
30.885,1.97163211854995,2.27812547040063,-1.1
30.89,1.97204184087814,2.27740401578027,-1.1
30.895,1.97244989427627,2.27668113064843,-1.1
30.9,1.97285580190719,2.27595657658654,-1.1
30.905,1.97326087507308,2.27523011517602,-1.1
30.91,1.9736657098204,2.27450174641687,-1.1
30.915,1.97406804117263,2.27377266240197,-1.1
30.92,1.97446512731612,2.2730445320614,-1.1
30.925,1.97485637220443,2.27231711697656,-1.1
30.93,1.97524404081405,2.27158946347314,-1.1
30.935,1.97563051733077,2.27086037945825,-1.1
30.94,1.97601484808028,2.2701308186062,-1.1
30.945,1.97639631780685,2.26940221142846,-1.1
30.95,1.97677695306838,2.26867408108789,-1.1
30.955,1.97716128381789,2.26794404339868,-1.1
30.96,1.97755229028762,2.26720995259362,-1.1
30.965,1.97794746908248,2.26647204709131,-1.1
30.97,1.97834169420303,2.26573223424035,-1.1
30.975,1.97873150857986,2.26499194455224,-1.1
30.98,1.97911798509658,2.26425141644555,-1.1
30.985,1.97950326952041,2.26351088833886,-1.1
30.99,1.97988736185134,2.26277036023217,-1.1
30.995,1.98026990446151,2.26202959370691,-1.1
31,1.98065089735091,2.26128835034448,-1.1
31.005,1.96084762188514,2.25245607700858,-1.1
31.01,1.9612233695658,2.25171459522758,-1.1
31.015,1.96159852120002,2.25097239819083,-1.1
31.02,1.96197546097358,2.25022877064261,-1.1
31.025,1.96235490414222,2.24948347416434,-1.1
31.03,1.96273470493873,2.24873722401176,-1.1
31.035,1.96311224075874,2.24799049702201,-1.1
31.04,1.96348596188148,2.24724353161368,-1.1
31.045,1.96385622593482,2.24649680462394,-1.1
31.05,1.96422422501167,2.24574936237845,-1.1
31.055,1.96459174725135,2.24500025120292,-1.1
31.06,1.96496034237464,2.24424947109733,-1.1
31.065,1.9653282222422,2.24349773731742,-1.1
31.07,1.96569371792396,2.24274552670035,-1.1
31.075,1.9660594520243,2.24199164715324,-1.1
31.08,1.96642697426399,2.24123514500175,-1.1
31.085,1.9667953309687,2.24047673550162,-1.1
31.09,1.9671638068827,2.23971665707145,-1.1
31.095,1.96753287884315,2.23895467129264,-1.1
31.1,1.96790361973365,2.23819006290946,-1.1
31.105,1.96827591034492,2.23742307034049,-1.1
31.11,1.96864796253761,2.23665417042289,-1.1
31.115,1.96901894184669,2.23588407841239,-1.1
31.12,1.96938944431861,2.23511303272758,-1.1
31.125,1.9697603044184,2.23434031811271,-1.1
31.13,1.97013295265754,2.23356521931205,-1.1
31.135,1.97050703140815,2.23278702106986,-1.1
31.14,1.97088075253089,2.23200643864188,-1.1
31.145,1.97125197025855,2.23122466412101,-1.1
31.15,1.97161901566108,2.23044288960013,-1.1
31.155,1.97198212715705,2.22966135349784,-1.1
31.16,1.97234345051368,2.22888005581412,-1.1
31.165,1.97270405861457,2.22809875813041,-1.1
31.17,1.9730641898783,2.22731698360953,-1.1
31.175,1.97342539402564,2.22653258648429,-1.1
31.18,1.97378838631233,2.22574508991752,-1.1
31.185,1.9741503057154,2.22495520916495,-1.1
31.19,1.97450757595619,2.22416413631949,-1.1
31.195,1.97486019703468,2.22337282505546,-1.1
31.2,1.97520685764869,2.22258246746574,-1.1
31.205,1.95244441923039,2.21491349473378,-1.1
31.21,1.95277439054386,2.21413076653859,-1.1
31.215,1.95309971269505,2.21334994569204,-1.1
31.22,1.95342384275334,2.2125688864269,-1.1
31.225,1.95374880727665,2.21178591981313,-1.1
31.23,1.95407329496281,2.21100128426931,-1.1
31.235,1.95439432557957,2.21021593346975,-1.1
31.24,1.9547110646619,2.20943082108876,-1.1
31.245,1.95502363141911,2.20864594712636,-1.1
31.25,1.95533250268833,2.20786155000112,-1.1
31.255,1.95563851293461,2.20707762971303,-1.1
31.26,1.9559421389951,2.20629299416921,-1.1
31.265,1.95624433454411,2.20550621285817,-1.1
31.27,1.9565455764188,2.20471680894277,-1.1
31.275,1.95684300359623,2.20392645135305,-1.1
31.28,1.95713387426273,2.20313704743764,-1.1
31.285,1.95741973813908,2.20234835877797,-1.1
31.29,1.95770333703892,2.20155847802541,-1.1
31.295,1.95798502859013,2.20076764359853,-1.1
31.3,1.95826219018833,2.19997657075307,-1.1
31.305,1.95853279527561,2.19918645158193,-1.1
31.31,1.95879791673557,2.19839680924794,-1.1
31.315,1.9590588658704,2.19760764375112,-1.1
31.32,1.95931731161015,2.19681847825429,-1.1
31.325,1.95957468446629,2.19602859750173,-1.1
31.33,1.95983134206669,2.19523657098195,-1.1
31.335,1.96008692678349,2.19444239869497,-1.1
31.34,1.96033953126804,2.19364774957082,-1.1
31.345,1.96058677133457,2.19285405412099,-1.1
31.35,1.96083019670384,2.19206035867116,-1.1
31.355,1.9610736220731,2.19126547112844,-1.1
31.36,1.96131692823307,2.1904696299114,-1.1
31.365,1.9615584462537,2.1896733118572,-1.1
31.37,1.96179865297215,2.18887651696584,-1.1
31.375,1.96203826364414,2.18807972207448,-1.1
31.38,1.96227823194401,2.18728221192739,-1.1
31.385,1.96252237256901,2.18648064866445,-1.1
31.39,1.96277402337925,2.18567312493703,-1.1
31.395,1.96303056177036,2.18486107125661,-1.1
31.4,1.96328781541721,2.18404711022756,-1.1
31.405,1.93975977064021,2.1785866527575,-1.1
31.41,1.94002012372859,2.17776792335686,-1.1
31.415,1.94028345704921,2.17694680977044,-1.1
31.42,1.94054965139278,2.17612426567254,-1.1
31.425,1.94081966043361,2.17529933738884,-1.1
31.43,1.94109539152034,2.17447011757073,-1.1
31.435,1.94137672544368,2.17363565254387,-1.1
31.44,1.94166032434352,2.17279618072686,-1.1
31.445,1.94194273115047,2.17195289421257,-1.1
31.45,1.94222168088802,2.17110770034966,-1.1
31.455,1.94249419332393,2.17026322174248,-1.1
31.46,1.94275967241176,2.16942136573967,-1.1
31.465,1.94302002550014,2.16858237075982,-1.1
31.47,1.94327668310054,2.16774480629143,-1.1
31.475,1.9435315525616,2.16690604973015,-1.1
31.48,1.9437859451855,2.16606419372735,-1.1
31.485,1.94403795362361,2.16521971512017,-1.1
31.49,1.94428471685298,2.16437475967583,-1.1
31.495,1.9445263540829,2.1635298042315,-1.1
31.5,1.94476441503413,2.16268461036858,-1.1
31.505,1.94499949575313,2.16183893966851,-1.1
31.51,1.94523052335628,2.16099446106133,-1.1
31.515,1.94545594812282,2.16015236663994,-1.1
31.52,1.94567624688991,2.15931194114861,-1.1
31.525,1.94589487672694,2.15846984672722,-1.1
31.53,1.94611422181972,2.15762346077141,-1.1
31.535,1.94633309007533,2.15677397537407,-1.1
31.54,1.94654838205226,2.15592496681389,-1.1
31.545,1.94675854802974,2.15507786560235,-1.1
31.55,1.94696632982143,2.15423100280938,-1.1
31.555,1.94717506528743,2.15338151741204,-1.1
31.56,1.94738356233485,2.15252988624749,-1.1
31.565,1.9475895559872,2.15167801666436,-1.1
31.57,1.94779245019801,2.15082590866265,-1.1
31.575,1.94799367547878,2.1499730854052,-1.1
31.58,1.94819573522456,2.1491185932177,-1.1
31.585,1.94839910627254,2.14826267051873,-1.1
31.59,1.94860414625057,2.14740412521538,-1.1
31.595,1.94881228567012,2.14654104995903,-1.1
31.6,1.9490224516476,2.14567392158684,-1.1
31.605,1.92668830785734,2.14256517464068,-1.1
31.61,1.92689477834685,2.14169494682696,-1.1
31.615,1.92709934148772,2.14082352692035,-1.1
31.62,1.92730223569853,2.13995163017657,-1.1
31.625,1.92750167283995,2.13908068710711,-1.1
31.63,1.92769669923765,2.13821141296771,-1.1
31.635,1.92788659963591,2.1373433309212,-1.1
31.64,1.92807006273253,2.13647787147906,-1.1
31.645,1.92824577722533,2.13561527305987,-1.1
31.65,1.92841517362578,2.13475529724505,-1.1
31.655,1.92858182821257,2.13389603668597,-1.1
31.66,1.92874729070647,2.13303629928973,-1.1
31.665,1.92891311082823,2.13217513138202,-1.1
31.67,1.92908036146147,2.13130991035846,-1.1
31.675,1.92924868497832,2.13044063621905,-1.1
31.68,1.92941641244871,2.1295685010567,-1.1
31.685,1.92958187494261,2.12869422012713,-1.1
31.69,1.92974578771574,2.12781707817462,-1.1
31.695,1.92990850839598,2.12693731361773,-1.1
31.7,1.93006693754179,2.12605802589801,-1.1
31.705,1.93021881017668,2.12518064552691,-1.1
31.71,1.93036484155638,2.12430493408587,-1.1
31.715,1.93050515089018,2.12343112999347,-1.1
31.72,1.93063902292235,2.12255923324969,-1.1
31.725,1.93076776895506,2.12168900543597,-1.1
31.73,1.93089270029051,2.12081996971515,-1.1
31.735,1.93101381692869,2.1199523645058,-1.1
31.74,1.93113302621825,2.11908452087787,-1.1
31.745,1.93125211629851,2.11821405464557,-1.1
31.75,1.9313708487509,2.11734120422748,-1.1
31.755,1.93148755464537,2.11646692329791,-1.1
31.76,1.9316012803076,2.11559192711261,-1.1
31.765,1.93171250257475,2.11471621567157,-1.1
31.77,1.93182098302824,2.11383978897479,-1.1
31.775,1.93192588720305,2.11296360069659,-1.1
31.78,1.93202649984343,2.11208860451129,-1.1
31.785,1.93212210569365,2.11121599251178,-1.1
31.79,1.93221258554442,2.11034624153522,-1.1
31.795,1.93229984674437,2.10947839790729,-1.1
31.8,1.93238675031645,2.1086100774422,-1.1
31.805,1.91477609412557,2.10741582877536,-1.1
31.81,1.91486633555776,2.10654178626438,-1.1
31.815,1.91495896117574,2.10566369063755,-1.1
31.82,1.9150528980959,2.10478082663913,-1.1
31.825,1.91514731185323,2.10389390952488,-1.1
31.83,1.91524077193623,2.10300580031772,-1.1
31.835,1.91533089415913,2.10211983687778,-1.1
31.84,1.91541720168477,2.10123554236789,-1.1
31.845,1.91550327079183,2.10034934050937,-1.1
31.85,1.91559005515462,2.09945980079074,-1.1
31.855,1.9156735016573,2.09856954581638,-1.1
31.86,1.91575194136983,2.09767976767917,-1.1
31.865,1.91582632796651,2.09678903586765,-1.1
31.87,1.91589725749379,2.09589901931186,-1.1
31.875,1.91596413390523,2.09501138694187,-1.1
31.88,1.91602743403798,2.09412590033908,-1.1
31.885,1.91609013812428,2.09323898322483,-1.1
31.89,1.91615343825704,2.09234872825046,-1.1
31.895,1.91621554629689,2.09145656592746,-1.1
31.9,1.91627562777882,2.09056273467441,-1.1
31.905,1.91633475558644,2.08966628081699,-1.1
31.91,1.91639364497548,2.08876625068088,-1.1
31.915,1.91645193831807,2.0878635979404,-1.1
31.92,1.91650784747487,2.08696022994419,-1.1
31.925,1.91655898826009,2.08605757720371,-1.1
31.93,1.91660500304585,2.08515683181186,-1.1
31.935,1.91664565341359,2.08425894744297,-1.1
31.94,1.9166809393633,2.08336368567844,-1.1
31.945,1.91671324508077,2.08246890075107,-1.1
31.95,1.91674412028676,2.08157292373081,-1.1
31.955,1.91677261130696,2.08067718512912,-1.1
31.96,1.91679800288564,2.07978240020176,-1.1
31.965,1.91682101027852,2.07888761527439,-1.1
31.97,1.91684330241567,2.07799092299839,-1.1
31.975,1.91686476008778,2.07709113128086,-1.1
31.98,1.91688419120198,2.07618967063327,-1.1
31.985,1.9168999268282,2.07528916366001,-1.1
31.99,1.91691005961781,2.07439199454685,-1.1
31.995,1.91691566245442,2.07349744803806,-1.1
32,1.91691911952382,2.07260313994785,-1.1
32.005,1.90400258678342,2.07226443182042,-1.1
32.01,1.90400151389982,2.07137012373021,-1.1
32.015,1.90399698394681,2.07047629247716,-1.1
32.02,1.90398899692441,2.06958269964269,-1.1
32.025,1.90397731441404,2.06869053731969,-1.1
32.03,1.90396229404356,2.06780075918248,-1.1
32.035,1.9039446510687,2.06691288839391,-1.1
32.04,1.90392569679166,2.06602501760533,-1.1
32.045,1.90390626567747,2.06513500104955,-1.1
32.05,1.90388600009824,2.06424307714513,-1.1
32.055,1.90386358875181,2.06335043798497,-1.1
32.06,1.90383867401029,2.06245660673192,-1.1
32.065,1.90381328243162,2.0615601528745,-1.1
32.07,1.90378777164365,2.06066155324986,-1.1
32.075,1.90376071113493,2.05976271520665,-1.1
32.08,1.90373186248685,2.0588631619077,-1.1
32.085,1.90370217937376,2.05796217809728,-1.1
32.09,1.90367166179563,2.05705976377538,-1.1
32.095,1.90363947528745,2.05615615736058,-1.1
32.1,1.90360716956998,2.05524992834142,-1.1
32.105,1.90357629436399,2.05434012304356,-1.1
32.11,1.90354577678587,2.05342769514134,-1.1
32.115,1.9035157360449,2.05251216779759,-1.1
32.12,1.90348641055967,2.05159211050084,-1.1
32.125,1.90345601219083,2.05066800008824,-1.1
32.13,1.90342203754331,2.04974317441991,-1.1
32.135,1.90338210243131,2.04882120977452,-1.1
32.14,1.90333561080839,2.0479042519193,-1.1
32.145,1.90328435081388,2.04699110876134,-1.1
32.15,1.90323106426145,2.04607939611485,-1.1
32.155,1.90317658561613,2.04516768346837,-1.1
32.16,1.90312008041288,2.04425597082188,-1.1
32.165,1.903061667861,2.04334354291966,-1.1
32.17,1.90300170558836,2.04242896925023,-1.1
32.175,1.90294043201353,2.04151248823216,-1.1
32.18,1.90287820476438,2.0405948151212,-1.1
32.185,1.90281466621305,2.03967738042882,-1.1
32.19,1.90274993556882,2.03875994573644,-1.1
32.195,1.90268448966886,2.03783988843968,-1.1
32.2,1.90261856693174,2.03691744695714,-1.1
32.205,1.89473561802361,2.03665802488413,-1.1
32.21,1.89466111221765,2.03573963651744,-1.1
32.215,1.89458386459802,2.03482148656932,-1.1
32.22,1.8945053056762,2.03390190610972,-1.1
32.225,1.89442460098718,2.03298327932444,-1.1
32.23,1.89433984318231,2.03206799039927,-1.1
32.235,1.89425079384301,2.03115603933421,-1.1
32.24,1.89415971794579,2.03024504194346,-1.1
32.245,1.89406756916497,2.02933332929698,-1.1
32.25,1.89397458591912,2.0284204245576,-1.1
32.255,1.89388184109185,2.027505374051,-1.1
32.26,1.89378981152032,2.02658746252146,-1.1
32.265,1.89369861641381,2.02566645155039,-1.1
32.27,1.89360789814446,2.02474186430064,-1.1
32.275,1.89351682224725,2.02381346235362,-1.1
32.28,1.89342395821069,2.02288291463938,-1.1
32.285,1.89332692184899,2.02195284376231,-1.1
32.29,1.89322428265069,2.02102682600108,-1.1
32.295,1.89311651745294,2.02010533819285,-1.1
32.3,1.89300529518578,2.01918742666331,-1.1
32.305,1.89289300003503,2.01827046880808,-1.1
32.31,1.89278058567498,2.01735160360423,-1.1
32.315,1.89266769447778,2.01642987737742,-1.1
32.32,1.89255325355981,2.01550624380198,-1.1
32.325,1.8924358324096,2.01458284864512,-1.1
32.33,1.89231578865502,2.013660168744,-1.1
32.335,1.89219431438897,2.0127372504243,-1.1
32.34,1.89207224407647,2.0118131400117,-1.1
32.345,1.89194922008965,2.01088807592478,-1.1
32.35,1.89182357349847,2.00996396551219,-1.1
32.355,1.89169411221002,2.00904223928538,-1.1
32.36,1.89156155148004,2.00812170515147,-1.1
32.365,1.89142756023858,2.00720045576182,-1.1
32.37,1.89129321136926,2.00627801427928,-1.1
32.375,1.89115838566277,2.00535557279673,-1.1
32.38,1.89102248707269,2.00443289289561,-1.1
32.385,1.89088682690118,2.00350854406443,-1.1
32.39,1.89075247803185,2.00258204946604,-1.1
32.395,1.89061860599969,2.00165364751902,-1.1
32.4,1.89048628368829,2.00072190771189,-1.1
32.405,1.88963142199724,1.99985780036882,-1.1
32.41,1.88950553698747,1.99891413963274,-1.1
32.415,1.88938060565202,1.99796737945513,-1.1
32.42,1.8892553166887,1.99701799667314,-1.1
32.425,1.88912978930681,1.99606527603105,-1.1
32.43,1.88900259299485,1.99511064804033,-1.1
32.435,1.88887134356706,1.99415888107256,-1.1
32.44,1.88873544497697,1.99321307456926,-1.1
32.445,1.88859608931749,1.99227179801897,-1.1
32.45,1.88845685286729,1.99132956779436,-1.1
32.455,1.8883198813936,1.99038280761675,-1.1
32.46,1.88818255229204,1.98943366325334,-1.1
32.465,1.88804176612108,1.98848594940142,-1.1
32.47,1.88789799971788,1.98753942764238,-1.1
32.475,1.88775256438463,1.98659314430193,-1.1
32.48,1.88760629458635,1.98564590728716,-1.1
32.485,1.88745907111375,1.98469795501665,-1.1
32.49,1.88730946345537,1.98375119483904,-1.1
32.495,1.8871550874254,1.98280753410295,-1.1
32.5,1.88699510855882,1.98186816490129,-1.1
32.505,1.88683048052995,1.98093284881548,-1.1
32.51,1.8866621570131,1.98000087058977,-1.1
32.515,1.88649192614763,1.97907175338701,-1.1
32.52,1.88632133765428,1.97814406669573,-1.1
32.525,1.88615158362596,1.97721590316728,-1.1
32.53,1.88598433299272,1.97628440177873,-1.1
32.535,1.88581958575456,1.97534717834429,-1.1
32.54,1.88565626902787,1.97440399444536,-1.1
32.545,1.88549319071977,1.97345723426775,-1.1
32.55,1.8853285626909,1.97251071250872,-1.1
32.555,1.88516190810411,1.97156681335405,-1.1
32.56,1.88499525351732,1.97062362945513,-1.1
32.565,1.8848311023256,1.96967829978899,-1.1
32.57,1.88466921611039,1.96872891700701,-1.1
32.575,1.88450756831376,1.96777619636492,-1.1
32.58,1.88434496684282,1.96682132995561,-1.1
32.585,1.88418033881395,1.96586717880205,-1.1
32.59,1.88401344580858,1.96491445815996,-1.1
32.595,1.88384702964036,1.96396102226213,-1.1
32.6,1.88368264003007,1.96300472534136,-1.1
32.605,1.88709541926553,1.9617031841558,-1.1
32.61,1.88692876467874,1.96074641039786,-1.1
32.615,1.88675877223184,1.95979082873283,-1.1
32.62,1.88658484587838,1.95883763125358,-1.1
32.625,1.88640793929269,1.95788681796012,-1.1
32.63,1.88622912535837,1.95693815043388,-1.1
32.635,1.88604947695901,1.95599091341911,-1.1
32.64,1.88587030539682,1.95504367640433,-1.1
32.645,1.88569161067178,1.95409620097099,-1.1
32.65,1.8855123199003,1.95314824870048,-1.1
32.655,1.88533386359384,1.95219815066276,-1.1
32.66,1.88515719542672,1.95124471476493,-1.1
32.665,1.88498136172464,1.95028865626273,-1.1
32.67,1.88480672011545,1.94932949831901,-1.1
32.675,1.88463315138986,1.94836867144523,-1.1
32.68,1.88445886740854,1.94740927508292,-1.1
32.685,1.88428374896219,1.94645202448783,-1.1
32.69,1.88411006102731,1.94549334338126,-1.1
32.695,1.88393947253396,1.94452917864738,-1.1
32.7,1.88377114901712,1.94355976870475,-1.1
32.705,1.88360222945382,1.94258868983207,-1.1
32.71,1.88342997203042,1.9416197567266,-1.1
32.715,1.88325413832834,1.94065416148124,-1.1
32.72,1.88307603964975,1.93969071200309,-1.1
32.725,1.8828962720411,1.93872940829215,-1.1
32.73,1.88271435866525,1.93777048876701,-1.1
32.735,1.88252934584787,1.93681490710197,-1.1
32.74,1.88234087596109,1.93586170962272,-1.1
32.745,1.88214882979562,1.9349104194921,-1.1
32.75,1.88195308814218,1.93396175196586,-1.1
32.755,1.88175293574502,1.9330166607183,-1.1
32.76,1.88154801497629,1.93207705309806,-1.1
32.765,1.88133868346383,1.93114245226798,-1.1
32.77,1.88112541804483,1.93021261980949,-1.1
32.775,1.88090869555642,1.92928684046683,-1.1
32.78,1.88068863520791,1.92836487582145,-1.1
32.785,1.88046607146432,1.92744624903617,-1.1
32.79,1.88024338851144,1.92652905276237,-1.1
32.795,1.88002213607004,1.92561090281425,-1.1
32.8,1.87980386386087,1.9246896534246,-1.1
32.805,1.88738156045684,1.92319209553813,-1.1
32.81,1.88717103685149,1.922260355731,-1.1
32.815,1.88696194375762,1.92132575490092,-1.1
32.82,1.88675380433806,1.92038900830363,-1.1
32.825,1.88654697622069,1.91945011593913,-1.1
32.83,1.88634169782408,1.91850907780741,-1.1
32.835,1.88613796914824,1.91756541707133,-1.1
32.84,1.88593519414672,1.91661961056803,-1.1
32.845,1.88573170388945,1.91567332722758,-1.1
32.85,1.88552571023711,1.91472918965434,-1.1
32.855,1.88531625951537,1.91378886677836,-1.1
32.86,1.88510430539855,1.91285164334391,-1.1
32.865,1.88489187444457,1.9119163272581,-1.1
32.87,1.88467920507201,1.91098244168376,-1.1
32.875,1.88446629728087,1.91004903294657,-1.1
32.88,1.88425410474547,1.90911538579081,-1.1
32.885,1.88404238904723,1.90818245389079,-1.1
32.89,1.88383138860472,1.9072502372465,-1.1
32.895,1.88362372602233,1.90631515957926,-1.1
32.9,1.88342154706725,1.90537340619181,-1.1
32.905,1.88322365964659,1.90442521550272,-1.1
32.91,1.88302636827239,1.90347464062785,-1.1
32.915,1.88282645429381,1.90252549626444,-1.1
32.92,1.88262344087371,1.90158040501688,-1.1
32.925,1.88241852010497,1.90063960530375,-1.1
32.93,1.88221407617339,1.89970118977641,-1.1
32.935,1.88201237405547,1.89876110531901,-1.1
32.94,1.88181377137908,1.89781672932719,-1.1
32.945,1.88161636079558,1.89686925389384,-1.1
32.95,1.88141585077056,1.8959227321348,-1.1
32.955,1.88121045316466,1.8949805019102,-1.1
32.96,1.88100231374511,1.89404232480143,-1.1
32.965,1.88079369748839,1.89310724713419,-1.1
32.97,1.88058639253386,1.89217407681559,-1.1
32.975,1.88038135255584,1.89123995282267,-1.1
32.98,1.88017821992644,1.89030344464396,-1.1
32.985,1.87997568334349,1.88936502911662,-1.1
32.99,1.87977195466765,1.88842661358927,-1.1
32.995,1.87956739152678,1.88748772122477,-1.1
33,1.87936366285094,1.88654787518595,-1.1
33.005,1.89249396043259,1.88519692278444,-1.1
33.01,1.89228999333817,1.88425874567568,-1.1
33.015,1.89208399968583,1.8833229527527,-1.1
33.02,1.89187490659196,1.8823897824341,-1.1
33.025,1.89166116433579,1.88146018839418,-1.1
33.03,1.89144301133591,1.88053488588869,-1.1
33.035,1.89122199731309,1.87961315966188,-1.1
33.04,1.89099955277879,1.87869477129518,-1.1
33.045,1.89077722745377,1.87777876711428,-1.1
33.05,1.89055609422166,1.87686371660768,-1.1
33.055,1.89033639150101,1.87594890451967,-1.1
33.06,1.89011835771043,1.87503337717592,-1.1
33.065,1.88990199284989,1.87411546564638,-1.1
33.07,1.88968789296586,1.87319469309389,-1.1
33.075,1.88947581963975,1.87227225161135,-1.1
33.08,1.88926434236008,1.87135052538454,-1.1
33.085,1.88905393796403,1.87043022966921,-1.1
33.09,1.88884520249802,1.8695096955353,-1.1
33.095,1.88863873200852,1.86858773088991,-1.1
33.1,1.88843393044907,1.86766481257021,-1.1
33.105,1.88822877126176,1.86674237108767,-1.1
33.11,1.88802313523728,1.86582088327944,-1.1
33.115,1.88781821446854,1.86489987230837,-1.1
33.12,1.88761436658341,1.86397933817446,-1.1
33.125,1.88741171079118,1.86305856562197,-1.1
33.13,1.88720988946397,1.86213731623232,-1.1
33.135,1.88700711446244,1.86121725893557,-1.1
33.14,1.88680135922868,1.86030006266176,-1.1
33.145,1.88659250455338,1.85938644266664,-1.1
33.15,1.88638150411088,1.85847639895021,-1.1
33.155,1.88616895394761,1.85756993151247,-1.1
33.16,1.88595628457505,1.85666513300478,-1.1
33.165,1.88574421124894,1.85576104975283,-1.1
33.17,1.88553237634141,1.85485792017519,-1.1
33.175,1.88531982617814,1.85395645952761,-1.1
33.18,1.885106918387,1.85305571413576,-1.1
33.185,1.88489508347947,1.85215353823244,-1.1
33.19,1.88468432145554,1.85124969339907,-1.1
33.195,1.88447200971085,1.85034680224001,-1.1
33.2,1.8842558832689,1.84944724894106,-1.1
33.205,1.90056092869461,1.84903119050976,-1.1
33.21,1.90033455025375,1.84814379655834,-1.1
33.215,1.90010423790634,1.84726307832714,-1.1
33.22,1.89987225662887,1.84638665163037,-1.1
33.225,1.89964206349075,1.84551070177075,-1.1
33.23,1.8994155658406,1.84463212930676,-1.1
33.235,1.89919288288772,1.84375021898266,-1.1
33.24,1.89897377621353,1.84286473237988,-1.1
33.245,1.89875812660873,1.84197614633557,-1.1
33.25,1.89854581486404,1.84108446084973,-1.1
33.255,1.89833672177017,1.84019134485241,-1.1
33.26,1.89812953602493,1.83929846727368,-1.1
33.265,1.89792342316329,1.83840654336926,-1.1
33.27,1.89771933685958,1.83751438104626,-1.1
33.275,1.89751739632308,1.83662102663037,-1.1
33.28,1.89731700550735,1.83572719537731,-1.1
33.285,1.89711804520309,1.83483336412426,-1.1
33.29,1.8969205154103,1.83394000970837,-1.1
33.295,1.89672525059402,1.83304713212963,-1.1
33.3,1.89653356205642,1.83215401613232,-1.1
33.305,1.89634640347183,1.83125970804211,-1.1
33.31,1.89616437088668,1.83036230051037,-1.1
33.315,1.89598794113815,1.82945988618847,-1.1
33.32,1.89581616055191,1.82855294191357,-1.1
33.325,1.89564592968643,1.82764432870861,-1.1
33.33,1.8954751027745,1.82673643075939,-1.1
33.335,1.89530379902542,1.82583044015881,-1.1
33.34,1.89513225685775,1.82492731058117,-1.1
33.345,1.89496071469009,1.82402751886364,-1.1
33.35,1.89479036461532,1.82312915765759,-1.1
33.355,1.89462227951705,1.8222300811958,-1.1
33.36,1.89445657860458,1.82132909738537,-1.1
33.365,1.89429183136642,1.82042715990063,-1.1
33.37,1.89412696491897,1.81952546083447,-1.1
33.375,1.89396209847152,1.8186249538612,-1.1
33.38,1.89379747044265,1.81772611581799,-1.1
33.385,1.89363320004165,1.81682870828625,-1.1
33.39,1.89346916805923,1.81593201601025,-1.1
33.395,1.89330477844894,1.81503675424572,-1.1
33.4,1.89313848149002,1.81414387666699,-1.1
33.405,1.91111906373502,1.81504727611939,-1.1
33.41,1.91095121705533,1.81415869007507,-1.1
33.415,1.91078539693356,1.81326938877503,-1.1
33.42,1.91062208020688,1.81237913380066,-1.1
33.425,1.91045947873593,1.8114888788263,-1.1
33.43,1.91029568517209,1.81059957752625,-1.1
33.435,1.91013153398038,1.80971051464478,-1.1
33.44,1.90996714437009,1.80882192860046,-1.1
33.445,1.90980168187619,1.80793572674194,-1.1
33.45,1.90963490808011,1.80705238590637,-1.1
33.455,1.909467299819,1.80617214451233,-1.1
33.46,1.90929945313931,1.80529500255982,-1.1
33.465,1.90913220250607,1.80442119846741,-1.1
33.47,1.90896709764004,1.80354882488648,-1.1
33.475,1.90880771481992,1.80267406711975,-1.1
33.48,1.90865679585934,1.80179358730713,-1.1
33.485,1.90851374471188,1.80090786228577,-1.1
33.49,1.90837605798245,1.80001903782288,-1.1
33.495,1.90824254357816,1.79912806759277,-1.1
33.5,1.90811343991757,1.7982344747583,-1.1
33.505,1.90798803174496,1.79733873615662,-1.1
33.51,1.90786405408383,1.79644275913635,-1.1
33.515,1.90773924195767,1.7955489278833,-1.1
33.52,1.90761216485501,1.79465843449036,-1.1
33.525,1.90748377645016,1.7937715173761,-1.1
33.53,1.90735586488248,1.79288674602905,-1.1
33.535,1.90722962224484,1.7920031667749,-1.1
33.54,1.90710612142087,1.79111958752075,-1.1
33.545,1.90698583924771,1.79023505459229,-1.1
33.55,1.90686794126035,1.78934885273377,-1.1
33.555,1.90675159299374,1.78846193561951,-1.1
33.56,1.90663584077359,1.78757573376099,-1.1
33.565,1.90651949250699,1.78669167766968,-1.1
33.57,1.90640385949612,1.78580929050842,-1.1
33.575,1.90629096829892,1.78492714176575,-1.1
33.58,1.90618010365964,1.78404499302307,-1.1
33.585,1.90606995427609,1.78316260586182,-1.1
33.59,1.90596087777615,1.78228021870056,-1.1
33.595,1.9058519204855,1.7813990236322,-1.1
33.6,1.90574272477628,1.78052045116821,-1.1
33.605,1.92331934158194,1.78269366732475,-1.1
33.61,1.92321920577872,1.78181390276787,-1.1
33.615,1.92312598411429,1.78093080035088,-1.1
33.62,1.92303884212363,1.78004388323662,-1.1
33.625,1.92295527641166,1.77915362826225,-1.1
33.63,1.92287385646689,1.77826122752068,-1.1
33.635,1.92279362861502,1.77736715784905,-1.1
33.64,1.92271483127463,1.77647332659599,-1.1
33.645,1.92263734523642,1.77558187952873,-1.1
33.65,1.92256069366324,1.77469377032158,-1.1
33.655,1.92248690311301,1.77380733004448,-1.1
33.66,1.92241907302726,1.77291898241875,-1.1
33.665,1.92235732261527,1.77202753535149,-1.1
33.67,1.92230045978415,1.77113394251701,-1.1
33.675,1.92224812690604,1.77023868075249,-1.1
33.68,1.92220199291098,1.76934079638359,-1.1
33.685,1.92216384593833,1.76843981257317,-1.1
33.69,1.92213273231375,1.76753525248405,-1.1
33.695,1.92210579101432,1.76662806979057,-1.1
33.7,1.92207956497062,1.76572017184135,-1.1
33.705,1.92204952422965,1.76481465807793,-1.1
33.71,1.9220135230242,1.76391462794182,-1.1
33.715,1.92197239581931,1.76302055827019,-1.1
33.72,1.92192828838218,1.76213149538872,-1.1
33.725,1.92188430015433,1.76124577036736,-1.1
33.73,1.9218412656008,1.76036242953178,-1.1
33.735,1.92179846946585,1.75948123446342,-1.1
33.74,1.9217568654238,1.75860123148796,-1.1
33.745,1.92171871845114,1.7577200364196,-1.1
33.75,1.92168629352439,1.75683598032829,-1.1
33.755,1.92165959064353,1.75594954005119,-1.1
33.76,1.92163658325064,1.75506166926262,-1.1
33.765,1.92161619846213,1.75417356005547,-1.1
33.77,1.92159724418509,1.7532855700576,-1.1
33.775,1.92157793228019,1.75239877215263,-1.1
33.78,1.92155826274741,1.75151328554985,-1.1
33.785,1.92153871242392,1.7506297062957,-1.1
33.79,1.92151928130973,1.74974791518089,-1.1
33.795,1.92150139991629,1.74886683932182,-1.1
33.8,1.92148709480155,1.7479852866256,-1.1
33.805,1.93803036031435,1.75116988690032,-1.1
33.81,1.9380207043619,1.75028893025054,-1.1
33.815,1.9380139094324,1.74940725834502,-1.1
33.82,1.93801176366518,1.74852367909087,-1.1
33.825,1.93801510152529,1.74763700039519,-1.1
33.83,1.93802153882693,1.74674805672301,-1.1
33.835,1.93802952584933,1.74585935146941,-1.1
33.84,1.93803822812746,1.74497243435515,-1.1
33.845,1.93804836091708,1.74408754379882,-1.1
33.85,1.93806433496188,1.74320229561461,-1.1
33.855,1.93808841523837,1.74231430561675,-1.1
33.86,1.93811988649081,1.74142309696807,-1.1
33.865,1.93815684137057,1.74052843124999,-1.1
33.87,1.93819653806399,1.73963150055541,-1.1
33.875,1.93823647317599,1.73873468907012,-1.1
33.88,1.93827485856722,1.73784026177062,-1.1
33.885,1.93831169423769,1.7369495299591,-1.1
33.89,1.93834841069888,1.7360618975891,-1.1
33.895,1.93838584241579,1.73517617256774,-1.1
33.9,1.93842387017916,1.73429163963927,-1.1
33.905,1.93846118268679,1.73340841801299,-1.1
33.91,1.93849694547366,1.73252722294463,-1.1
33.915,1.93853246984194,1.73164829285277,-1.1
33.92,1.93857025918673,1.73077103169097,-1.1
33.925,1.93861305532168,1.72989317448272,-1.1
33.93,1.93866252717684,1.72901329071654,-1.1
33.935,1.93871700582217,1.72813149960174,-1.1
33.94,1.93877291497897,1.72724982769622,-1.1
33.945,1.93882870492648,1.72636958630217,-1.1
33.95,1.93888616380404,1.72548946411742,-1.1
33.955,1.93894791421603,1.72460826904906,-1.1
33.96,1.93901407537173,1.72372492821349,-1.1
33.965,1.93908154782961,1.72284122975005,-1.1
33.97,1.93914663610171,1.72196063072814,-1.1
33.975,1.93920635995577,1.72108432324065,-1.1
33.98,1.93926322278689,1.72021087677611,-1.1
33.985,1.93932223138522,1.71933754952086,-1.1
33.99,1.93938302812289,1.71846422226561,-1.1
33.995,1.93944299039553,1.71759220631255,-1.1
34,1.9395015221567,1.7167223361267,-1.1
34.005,1.95512551674585,1.72080080919035,-1.1
34.01,1.95518285641413,1.71993499212034,-1.1
34.015,1.95524353394251,1.71906941346891,-1.1
34.02,1.95530957588892,1.71820288114317,-1.1
34.025,1.95538026699762,1.71733503751524,-1.1
34.03,1.95545632252436,1.7164650481201,-1.1
34.035,1.95553857693415,1.71559219770201,-1.1
34.04,1.95562571892481,1.71471696309813,-1.1
34.045,1.9557171524499,1.7138399403549,-1.1
34.05,1.95581240067225,1.71296232156523,-1.1
34.055,1.95590943703394,1.71208577565916,-1.1
34.06,1.95600778469782,1.71121077947386,-1.1
34.065,1.95610887417536,1.71033614091642,-1.1
34.07,1.95621365914087,1.70946102552183,-1.1
34.075,1.95632142433863,1.70858591012724,-1.1
34.08,1.95643181214075,1.7077113907791,-1.1
34.085,1.95654565701227,1.70683699064024,-1.1
34.09,1.9566651047204,1.70596163682707,-1.1
34.095,1.95679146656733,1.70508461408384,-1.1
34.1,1.95692343125086,1.70420604161985,-1.1
34.105,1.95705968746882,1.70332675390013,-1.1
34.11,1.95719963917475,1.70244734697111,-1.1
34.115,1.95734269032221,1.70156722478636,-1.1
34.12,1.95748979458552,1.70068567209013,-1.1
34.125,1.95764107117396,1.6998030465103,-1.1
34.13,1.95779306301813,1.6989211361862,-1.1
34.135,1.95794338593226,1.69804089479216,-1.1
34.14,1.95809287438135,1.69716220311888,-1.1
34.145,1.95824152836542,1.69628518037565,-1.1
34.15,1.95838863262873,1.69541089944609,-1.1
34.155,1.95853514084559,1.69453924112089,-1.1
34.16,1.9586833179925,1.6936686556793,-1.1
34.165,1.95883554825525,1.69279747419127,-1.1
34.17,1.95899207005243,1.69192498140104,-1.1
34.175,1.95915157208185,1.69105177335508,-1.1
34.18,1.95931286225062,1.69017928056486,-1.1
34.185,1.95947641739588,1.68930750303038,-1.1
34.19,1.95964474091272,1.68843524865873,-1.1
34.195,1.9598206938241,1.68756168298491,-1.1
34.2,1.96000415692072,1.68668704442747,-1.1
34.205,1.97264705243611,1.69059791341577,-1.1
34.21,1.97284637036824,1.68971886411462,-1.1
34.215,1.97305641713643,1.68883516565118,-1.1
34.22,1.97327552381062,1.68794717565332,-1.1
34.225,1.97350047174001,1.68705656305108,-1.1
34.23,1.97372923436665,1.68616475835595,-1.1
34.235,1.97396121564412,1.68527259603295,-1.1
34.24,1.97419713082814,1.68438007608209,-1.1
34.245,1.97443697991872,1.68348707929406,-1.1
34.25,1.97467980924153,1.68259479776178,-1.1
34.255,1.97492466512227,1.68170358911309,-1.1
34.26,1.97517226281667,1.68081238046441,-1.1
34.265,1.9754251057198,1.67991986051355,-1.1
34.27,1.97568307462239,1.67902626767907,-1.1
34.275,1.97594414296651,1.67813339010034,-1.1
34.28,1.97620819154286,1.67724134698663,-1.1
34.285,1.97647772374654,1.67634882703576,-1.1
34.29,1.97675440850758,1.67545475736413,-1.1
34.295,1.97703741136098,1.6745594955996,-1.1
34.3,1.9773245865395,1.67366411462579,-1.1
34.305,1.97761593404317,1.67276873365197,-1.1
34.31,1.97791300359273,1.67187192216668,-1.1
34.315,1.97821734490895,1.67097356096063,-1.1
34.32,1.97852728906178,1.67007424608026,-1.1
34.325,1.97884045186543,1.66917493119989,-1.1
34.33,1.97915731015706,1.66827525869165,-1.1
34.335,1.97947798314595,1.66737499013696,-1.1
34.34,1.97980127873921,1.66647460237298,-1.1
34.345,1.98012600484395,1.66557433381829,-1.1
34.35,1.98045156541371,1.66467430368219,-1.1
34.355,1.98077700677419,1.66377498880181,-1.1
34.36,1.98110065999532,1.6628773428515,-1.1
34.365,1.98142133298421,1.6619817234591,-1.1
34.37,1.98173938336873,1.66108860746179,-1.1
34.375,1.98205528798604,1.66019787565026,-1.1
34.38,1.98236928525471,1.65930881276879,-1.1
34.385,1.98268292489552,1.65842034593377,-1.1
34.39,1.9829957300713,1.6575324751452,-1.1
34.395,1.98330507817769,1.65664675012384,-1.1
34.4,1.98361037316823,1.65576400533471,-1.1
34.405,1.99193349004721,1.6583805958112,-1.1
34.41,1.99223783136344,1.65750142730076,-1.1
34.415,1.99254479528403,1.65662249720891,-1.1
34.42,1.99285378576255,1.65574368632634,-1.1
34.425,1.99316301465964,1.6548645178159,-1.1
34.43,1.99347248197531,1.65398523009617,-1.1
34.435,1.99378194929099,1.65310594237645,-1.1
34.44,1.99409010530448,1.65222796595891,-1.1
34.445,1.99439730764365,1.65135189689,-1.1
34.45,1.99470415235495,1.65047713912327,-1.1
34.455,1.99501075864768,1.64960321582158,-1.1
34.46,1.99531641126609,1.64873084224064,-1.1
34.465,1.9956186068151,1.64786061442692,-1.1
34.47,1.99591806055045,1.64699229396184,-1.1
34.475,1.99621799112296,1.64612504638035,-1.1
34.48,1.99651935220694,1.64525839484532,-1.1
34.485,1.99682178617453,1.64439233935673,-1.1
34.49,1.99712481618857,1.64352711833317,-1.1
34.495,1.99742689252829,1.64266249335606,-1.1
34.5,1.99772741914725,1.64179917968114,-1.1
34.505,1.99802639604544,1.64093741572697,-1.1
34.51,1.99832382322287,1.64007791674931,-1.1
34.515,1.99862172723746,1.63922044432957,-1.1
34.52,1.99892284990287,1.63836344874699,-1.1
34.525,1.99922862173056,1.63750561869938,-1.1
34.53,1.99953832746482,1.6366463581403,-1.1
34.535,1.99984982133841,1.63578673995335,-1.1
34.54,2.00016059995627,1.63492783702214,-1.1
34.545,2.00047090173697,1.63407060302098,-1.1
34.55,2.00078394533133,1.63321396506627,-1.1
34.555,2.00110163808799,1.63235744632084,-1.1
34.56,2.00142409921622,1.63150104678471,-1.1
34.565,2.00175025583243,1.63064488566716,-1.1
34.57,2.0020803463552,1.62978789008458,-1.1
34.575,2.00241639734244,1.62892815268834,-1.1
34.58,2.00275864721274,1.62806626952489,-1.1
34.585,2.00310351968741,1.62720414794285,-1.1
34.59,2.00344851137137,1.62634309924443,-1.1
34.595,2.00379600645041,1.62548252738316,-1.1
34.6,2.00414707780814,1.62462124026616,-1.1
34.605,2.00802736203834,1.62540482576664,-1.1
34.61,2.0083803407447,1.62454341944034,-1.1
34.615,2.00873117368385,1.62368296678836,-1.1
34.62,2.00908033769294,1.62282382543857,-1.1
34.625,2.00943033616706,1.6219656377631,-1.1
34.63,2.00978188436195,1.6211076885062,-1.1
34.635,2.01013557832405,1.62025045450504,-1.1
34.64,2.01049141805336,1.61939453180606,-1.1
34.645,2.01084892671272,1.61853956278141,-1.1
34.65,2.01121132295295,1.61768328245456,-1.1
34.655,2.01158182542488,1.61682402189548,-1.1
34.66,2.01195769231483,1.6159635692435,-1.1
34.665,2.01233439366981,1.61510371263797,-1.1
34.67,2.01271228711769,1.61424397524173,-1.1
34.675,2.0130943528907,1.61338316496189,-1.1
34.68,2.01347951810524,1.61252235468204,-1.1
34.685,2.01386396806404,1.61166333254154,-1.1
34.69,2.01424758355781,1.61080502565677,-1.1
34.695,2.01463370244667,1.60994600351627,-1.1
34.7,2.0150223247306,1.60908638532932,-1.1
34.705,2.01540927808448,1.60822772081668,-1.1
34.71,2.01579337041542,1.60737096365268,-1.1
34.715,2.01617674749061,1.60651599462802,-1.1
34.72,2.01656060140297,1.60566221769626,-1.1
34.725,2.01694624345466,1.60480867918308,-1.1
34.73,2.01733415048286,1.60395490225132,-1.1
34.735,2.01772265355751,1.60310136373813,-1.1
34.74,2.01811020295784,1.60224830206211,-1.1
34.745,2.01849727552101,1.60139524038608,-1.1
34.75,2.01888470571205,1.60054265554721,-1.1
34.755,2.01927070539161,1.59969150121982,-1.1
34.76,2.01965408246681,1.59884201582248,-1.1
34.765,2.0200363866584,1.59799408014591,-1.1
34.77,2.02041785638496,1.59714721735294,-1.1
34.775,2.02079825322792,1.59630154665287,-1.1
34.78,2.02117865007087,1.59545682962711,-1.1
34.785,2.02155976216957,1.59461247022922,-1.1
34.79,2.02194218557045,1.59376811083133,-1.1
34.795,2.02232651631996,1.59292327459629,-1.1
34.8,2.02271132390663,1.59207879598911,-1.1
34.805,2.02088113548751,1.59019533565077,-1.1
34.81,2.02126272442336,1.58935395648512,-1.1
34.815,2.02164502861495,1.58851388862165,-1.1
34.82,2.02202971699233,1.58767382075819,-1.1
34.825,2.02241810085769,1.58683375289473,-1.1
34.83,2.02281029942031,1.58599392344984,-1.1
34.835,2.02320464375014,1.58515433242353,-1.1
34.84,2.02360375645156,1.58431438376936,-1.1
34.845,2.0240106177568,1.58347276618513,-1.1
34.85,2.02442403557296,1.58262912204298,-1.1
34.855,2.02484281780715,1.58178321292433,-1.1
34.86,2.02526541473861,1.58093539645704,-1.1
34.865,2.02568741562362,1.58008722236189,-1.1
34.87,2.02610584022994,1.5792405979875,-1.1
34.875,2.02652092697616,1.5783963577989,-1.1
34.88,2.0269345832109,1.57755450179609,-1.1
34.885,2.02734943153854,1.5767147915605,-1.1
34.89,2.02776785614486,1.57587567737135,-1.1
34.895,2.02819188358779,1.57503537108931,-1.1
34.9,2.02862270596023,1.57419256141218,-1.1
34.905,2.02905865433211,1.57334748675856,-1.1
34.91,2.02949710609908,1.57250098159346,-1.1
34.915,2.02993734600539,1.57165459563765,-1.1
34.92,2.03037913563247,1.57080904414686,-1.1
34.925,2.03082271339889,1.56996420791182,-1.1
34.93,2.03126939060683,1.56911949088606,-1.1
34.935,2.03171869041915,1.56827429702314,-1.1
34.94,2.03216882469649,1.56742922236952,-1.1
34.945,2.03261931660171,1.56658438613447,-1.1
34.95,2.03307123901839,1.56573966910872,-1.1
34.955,2.03352673771377,1.56489459445509,-1.1
34.96,2.03398593189712,1.56404868533644,-1.1
34.965,2.03444739105697,1.56320241858992,-1.1
34.97,2.03490861179824,1.56235639026197,-1.1
34.975,2.03536720993514,1.56151119639906,-1.1
34.98,2.03582318546767,1.56066719462904,-1.1
34.985,2.03627725365157,1.55982486178907,-1.1
34.99,2.036729891324,1.55898407866987,-1.1
34.995,2.03718288662429,1.55814484527144,-1.1
35,2.03763743164535,1.55730596950087,-1.1
35.005,2.03183107238511,1.55366523694339,-1.1
35.01,2.03228740554551,1.55282636117282,-1.1
35.015,2.03274338107804,1.55198784303012,-1.1
35.02,2.03319876056412,1.55114992093386,-1.1
35.025,2.0336542592595,1.55031259488406,-1.1
35.03,2.03411011558274,1.54947610329928,-1.1
35.035,2.03456549506882,1.54864068459811,-1.1
35.04,2.03501932483414,1.5478068156177,-1.1
35.045,2.03547148566941,1.54697461556735,-1.1
35.05,2.03592388492325,1.54614396523776,-1.1
35.055,2.03637914520005,1.54531343411746,-1.1
35.06,2.03684000831345,1.54448206853213,-1.1
35.065,2.03730814319352,1.54364903401675,-1.1
35.07,2.03778271537522,1.54281397294345,-1.1
35.075,2.03826217513779,1.54197724294009,-1.1
35.08,2.03874568801621,1.54113944005313,-1.1
35.085,2.03923194270829,1.54030068349185,-1.1
35.09,2.03972093921403,1.53946085404696,-1.1
35.095,2.040212915952,1.53862054776492,-1.1
35.1,2.04070548873643,1.53778024148288,-1.1
35.105,2.04119722705582,1.53694100808444,-1.1
35.11,2.04168908458451,1.53610260915103,-1.1
35.115,2.04218153815964,1.5352644486362,-1.1
35.12,2.04267577987412,1.53442581128421,-1.1
35.125,2.04317192893723,1.53358645867648,-1.1
35.13,2.04366772037247,1.53274722527804,-1.1
35.135,2.04416172366837,1.53190942239108,-1.1
35.14,2.04465453487137,1.53107269238772,-1.1
35.145,2.04514758449296,1.53023632001223,-1.1
35.15,2.04564206462601,1.52939947079959,-1.1
35.155,2.04613606792191,1.52856250237765,-1.1
35.16,2.04662661414841,1.52772720288577,-1.1
35.165,2.04711251121262,1.52689381074252,-1.1
35.17,2.04759507041672,1.52606172990145,-1.1
35.175,2.04807631831864,1.52523060273471,-1.1
35.18,2.04855518203477,1.52440078687014,-1.1
35.185,2.04902951579789,1.5235729975635,-1.1
35.19,2.04949920039872,1.52274699639621,-1.1
35.195,2.04996471267441,1.52192242574038,-1.1
35.2,2.05042545657853,1.52110059689822,-1.1
35.205,2.0400170986931,1.51589817981665,-1.1
35.21,2.04047069003984,1.51508338432257,-1.1
35.215,2.0409275000374,1.51426894645636,-1.1
35.22,2.04139074733659,1.51345260124151,-1.1
35.225,2.04185876300737,1.51263434867804,-1.1
35.23,2.0423272555153,1.51181585769598,-1.1
35.235,2.04279372146531,1.51099832038824,-1.1
35.24,2.04325971057817,1.51018149833624,-1.1
35.245,2.04372796466752,1.50936551074927,-1.1
35.25,2.04419884136125,1.50854988079016,-1.1
35.255,2.04467222145006,1.50773353557532,-1.1
35.26,2.04514905860826,1.50691528301184,-1.1
35.265,2.04562696865007,1.50609583835547,-1.1
35.27,2.04610249450609,1.50527722816412,-1.1
35.275,2.04657623222276,1.50446016769354,-1.1
35.28,2.04705223491594,1.50364429931586,-1.1
35.285,2.04753479412004,1.50282855014746,-1.1
35.29,2.0480258171837,1.50201137046759,-1.1
35.295,2.04852685382768,1.50119085292761,-1.1
35.3,2.0490376656334,1.50036520938818,-1.1
35.305,2.04955551078721,1.49953432064001,-1.1
35.31,2.05007693221971,1.49869973640387,-1.1
35.315,2.0505983536522,1.49786443691199,-1.1
35.32,2.05111667564317,1.49703116397803,-1.1
35.325,2.05163285186693,1.49620039443915,-1.1
35.33,2.05214938571855,1.49537081699316,-1.1
35.335,2.05266651561662,1.49454123954718,-1.1
35.34,2.05318269184037,1.49371094684546,-1.1
35.345,2.05369600704118,1.49288017730658,-1.1
35.35,2.05420491149827,1.49204952697699,-1.1
35.355,2.05470892837449,1.49122030715887,-1.1
35.36,2.05520805766984,1.49039347152655,-1.1
35.365,2.05570206096574,1.48956997375433,-1.1
35.37,2.05619117668077,1.48874993305151,-1.1
35.375,2.0566756432335,1.48793251495306,-1.1
35.38,2.05715641429826,1.48711712341253,-1.1
35.385,2.05763527801439,1.48630280475561,-1.1
35.39,2.05811330726548,1.48548908214514,-1.1
35.395,2.05859264781877,1.48467535953467,-1.1
35.4,2.05907461097642,1.48386139850561,-1.1
35.405,2.04226515662891,1.47724559240808,-1.1
35.41,2.04275141132099,1.47643103533258,-1.1
35.415,2.04323861968738,1.47561671667566,-1.1
35.42,2.04372642410022,1.4748028748559,-1.1
35.425,2.04421637428028,1.47398962908258,-1.1
35.43,2.04471085441333,1.47317614489069,-1.1
35.435,2.04521141422016,1.47236111097803,-1.1
35.44,2.04571841132862,1.47154321604242,-1.1
35.445,2.0462308920644,1.47072222166528,-1.1
35.45,2.04674575698597,1.46989872389307,-1.1
35.455,2.04726062190754,1.46907379560937,-1.1
35.46,2.04777512920124,1.46824815206995,-1.1
35.465,2.0482889212392,1.46742238932123,-1.1
35.47,2.04880175960285,1.46659746103754,-1.1
35.475,2.04931388271076,1.46577360563745,-1.1
35.48,2.0498256481908,1.46494986944665,-1.1
35.485,2.05033800971729,1.46412470274438,-1.1
35.49,2.05085120570881,1.46329703264703,-1.1
35.495,2.05136273277027,1.46246733599176,-1.1
35.5,2.05186913383228,1.4616375201272,-1.1
35.505,2.05236802470905,1.46080961161127,-1.1
35.51,2.05285809409839,1.45998516016473,-1.1
35.515,2.0533394612096,1.4591652386712,-1.1
35.52,2.05381343734485,1.45834984713068,-1.1
35.525,2.05428192985279,1.45753791265955,-1.1
35.53,2.05474779975635,1.45672693186273,-1.1
35.535,2.05521343124134,1.45591440134515,-1.1
35.54,2.05567858588916,1.45510008268823,-1.1
35.545,2.05613992583973,1.45428576403131,-1.1
35.55,2.05659518611652,1.45347371035089,-1.1
35.555,2.05704472434742,1.452664756112,-1.1
35.56,2.05749044788105,1.45185854368677,-1.1
35.565,2.05793426406604,1.45105447702875,-1.1
35.57,2.05837700736744,1.45025196009149,-1.1
35.575,2.05881963145954,1.44945015840997,-1.1
35.58,2.05926428210956,1.44864692621698,-1.1
35.585,2.05971310508472,1.44784059458246,-1.1
35.59,2.06016574275715,1.44703116350641,-1.1
35.595,2.06061909568531,1.44621958666315,-1.1
35.6,2.06107066047413,1.44540777140131,-1.1
35.605,2.04093352511679,1.4394573871781,-1.1
35.61,2.04137424186026,1.43865117475287,-1.1
35.615,2.04180947497641,1.43784841939703,-1.1
35.62,2.04224256232535,1.43704697534338,-1.1
35.625,2.0426743383721,1.43624672338263,-1.1
35.63,2.04310384944235,1.43544825956122,-1.1
35.635,2.04353061869895,1.43465063020483,-1.1
35.64,2.04395583823477,1.43385276242987,-1.1
35.645,2.04437974646842,1.43305370256201,-1.1
35.65,2.04479984000479,1.43225464269415,-1.1
35.655,2.0452138538674,1.43145689412848,-1.1
35.66,2.04562071517264,1.43066212579504,-1.1
35.665,2.04602090075766,1.42987129136816,-1.1
35.67,2.04641643718039,1.42908391401068,-1.1
35.675,2.04681161597525,1.42829784795538,-1.1
35.68,2.04721025183951,1.42751023217932,-1.1
35.685,2.04761389449393,1.42671927854315,-1.1
35.69,2.04802278235709,1.42592403337256,-1.1
35.695,2.04843667701041,1.42512401983038,-1.1
35.7,2.04885498240744,1.4243194763352,-1.1
35.705,2.04927686408316,1.42351171418921,-1.1
35.71,2.04970065310752,1.42270192548529,-1.1
35.715,2.0501252765969,1.42189034864203,-1.1
35.72,2.05055049613272,1.42107698365942,-1.1
35.725,2.05097416594779,1.42026290342108,-1.1
35.73,2.05139378264701,1.41944941922918,-1.1
35.735,2.05180982306754,1.41863724633947,-1.1
35.74,2.05222371772086,1.41782614633337,-1.1
35.745,2.0526373739556,1.41701540395514,-1.1
35.75,2.05305293753897,1.41620311185614,-1.1
35.755,2.05347112372672,1.4153878395249,-1.1
35.76,2.05389026358878,1.41457018300787,-1.1
35.765,2.05430725768363,1.4137518112351,-1.1
35.77,2.05472067549979,1.41293427392736,-1.1
35.775,2.05513170913016,1.41211733266607,-1.1
35.78,2.05554202750479,1.41130051061407,-1.1
35.785,2.05595258429801,1.41048368856207,-1.1
35.79,2.0563621874169,1.40966710492865,-1.1
35.795,2.0567705984429,1.4088507597138,-1.1
35.8,2.05717829421317,1.40803346082464,-1.1
35.805,2.03581539392002,1.40374209916382,-1.1
35.81,2.03622118234165,1.40292217767029,-1.1
35.815,2.03662434815891,1.40210344826966,-1.1
35.82,2.03702393769749,1.40128686463623,-1.1
35.825,2.03742233514316,1.40047147309571,-1.1
35.83,2.03782168626316,1.39965572392731,-1.1
35.835,2.03821960687168,1.39883937871247,-1.1
35.84,2.03861490487583,1.39802279507904,-1.1
35.845,2.03900638818272,1.39720633065491,-1.1
35.85,2.03939286469944,1.3963907006958,-1.1
35.855,2.0397755265189,1.39557554757386,-1.1
35.86,2.04015604257114,1.39476003682404,-1.1
35.865,2.04053369760044,1.39394512212067,-1.1
35.87,2.04090753793247,1.39313235318451,-1.1
35.875,2.04127708673008,1.39232101475983,-1.1
35.88,2.04164472817905,1.39150800740509,-1.1
35.885,2.04201189279087,1.39069178139954,-1.1
35.89,2.04237571954258,1.38987472092896,-1.1
35.895,2.04273263215549,1.38905921017914,-1.1
35.9,2.04308286904819,1.38824536835938,-1.1
35.905,2.043427383895,1.3874328378418,-1.1
35.91,2.04376474618442,1.38662352597504,-1.1
35.915,2.04409304856785,1.38581910168915,-1.1
35.92,2.04441372155674,1.38501896893769,-1.1
35.925,2.04472938775547,1.38422086274414,-1.1
35.93,2.04504266976841,1.38342323338776,-1.1
35.935,2.04535428285129,1.38262572324067,-1.1
35.94,2.04566518067844,1.38182773625641,-1.1
35.945,2.04597703217991,1.38102736508637,-1.1
35.95,2.04629055261143,1.38022317921906,-1.1
35.955,2.04660550355442,1.37941637074738,-1.1
35.96,2.04691926240452,1.37860920464783,-1.1
35.965,2.04723111390598,1.37780191933899,-1.1
35.97,2.04754368066318,1.37699236905365,-1.1
35.975,2.0478583931876,1.3761796001175,-1.1
35.98,2.04817262887485,1.37536528146058,-1.1
35.985,2.04848448037632,1.37455108201294,-1.1
35.99,2.04879442452915,1.37373676335602,-1.1
35.995,2.04910341500767,1.37292149102478,-1.1
36,2.04941145181187,1.37210502660065,-1.1
36.005,2.02773344715524,1.36974649974266,-1.1
36.01,2.02803909977365,1.36892908164421,-1.1
36.015,2.02834236820627,1.36811285563866,-1.1
36.02,2.02864492138315,1.3672966296331,-1.1
36.025,2.02894866665292,1.36647801944176,-1.1
36.03,2.02925455768991,1.36565595218101,-1.1
36.035,2.02955997188974,1.36483185836235,-1.1
36.04,2.02986133297373,1.36400824138084,-1.1
36.045,2.03015768726755,1.36318545886436,-1.1
36.05,2.03045022686411,1.36236279555717,-1.1
36.055,2.03073919018198,1.36154025145927,-1.1
36.06,2.03102433880258,1.36071913787285,-1.1
36.065,2.03130614956308,1.35989981242576,-1.1
36.07,2.03158557613779,1.35908036776939,-1.1
36.075,2.03186500271249,1.35825782367149,-1.1
36.08,2.03214514454294,1.3574306304113,-1.1
36.085,2.03242218693186,1.35660093375603,-1.1
36.09,2.03269326885629,1.35577171393791,-1.1
36.095,2.03295767506052,1.35494487830559,-1.1
36.1,2.03321588238168,1.3541210229055,-1.1
36.105,2.03347003658701,1.35329943248192,-1.1
36.11,2.03372276028085,1.35247855731407,-1.1
36.115,2.03397405346323,1.35165696689049,-1.1
36.12,2.03422486980844,1.35083251544395,-1.1
36.125,2.03447568615366,1.35000317641655,-1.1
36.13,2.03472459515024,1.34917049952904,-1.1
36.135,2.03496897419382,1.3483380610601,-1.1
36.14,2.03520810802866,1.34750788756767,-1.1
36.145,2.03544438084055,1.34667974063316,-1.1
36.15,2.03567946155954,1.34585147448936,-1.1
36.155,2.03591454227853,1.34502118178764,-1.1
36.16,2.03614938457895,1.34418850490013,-1.1
36.165,2.03638160427499,1.34335475512901,-1.1
36.17,2.03661120136667,1.34252005168358,-1.1
36.175,2.03684032162119,1.34168284484306,-1.1
36.18,2.03707015713144,1.34084241935173,-1.1
36.185,2.03729927738596,1.33999984809318,-1.1
36.19,2.03752625187326,1.33915703841606,-1.1
36.195,2.0377494116633,1.33831518241325,-1.1
36.2,2.03796827991892,1.33747511454979,-1.1
36.205,2.0184451518567,1.33690427568369,-1.1
36.21,2.01865996699647,1.33606385019235,-1.1
36.215,2.01887478213624,1.33522175577097,-1.1
36.22,2.01909007411317,1.33437727716379,-1.1
36.225,2.01930608134584,1.33353017595224,-1.1
36.23,2.0195220885785,1.3326806905549,-1.1
36.235,2.01973595004396,1.33182977464609,-1.1
36.24,2.01994695048646,1.33097802427225,-1.1
36.245,2.02015485148744,1.33012603547983,-1.1
36.25,2.02035917620973,1.32927428510599,-1.1
36.255,2.02056063990907,1.32842229631357,-1.1
36.26,2.02076043467836,1.3275697114747,-1.1
36.265,2.02095808368043,1.32671581533365,-1.1
36.27,2.02115334849672,1.32585953500681,-1.1
36.275,2.02134670596437,1.32500087049417,-1.1
36.28,2.02153553347902,1.32414232519083,-1.1
36.285,2.02171840052919,1.32328580644541,-1.1
36.29,2.02189745288209,1.32242940690927,-1.1
36.295,2.02207412104921,1.32157169607095,-1.1
36.3,2.02224721293763,1.3207132699769,-1.1
36.305,2.02241505961732,1.31985579755716,-1.1
36.31,2.02257670741395,1.31900070932321,-1.1
36.315,2.02273144107179,1.31814824369364,-1.1
36.32,2.02288045268373,1.31729720857553,-1.1
36.325,2.02302588801698,1.31644700792246,-1.1
36.33,2.02316727023439,1.31559859540872,-1.1
36.335,2.02330388408021,1.31475197103433,-1.1
36.34,2.02343811374025,1.3139047506135,-1.1
36.345,2.02357067447023,1.31305526521616,-1.1
36.35,2.02370013575868,1.3122048261445,-1.1
36.355,2.02382578234986,1.31135402944498,-1.1
36.36,2.02394761424379,1.31050335195474,-1.1
36.365,2.0240661082776,1.30965398576669,-1.1
36.37,2.02418126445131,1.30880605009012,-1.1
36.375,2.0242942748578,1.30795799520426,-1.1
36.38,2.02440704684571,1.30710707929544,-1.1
36.385,2.02451886515931,1.30625330236368,-1.1
36.39,2.02462710719423,1.3053985717576,-1.1
36.395,2.02473129611329,1.30454479482584,-1.1
36.4,2.02483262400941,1.30369256761484,-1.1
36.405,2.00937694519942,1.30415537480188,-1.1
36.41,2.00947684258407,1.30330052498651,-1.1
36.415,2.00957840889876,1.30244066838098,-1.1
36.42,2.00967830628341,1.30157854679895,-1.1
36.425,2.00977462738937,1.3007166636355,-1.1
36.43,2.0098666569609,1.29985585335565,-1.1
36.435,2.00995582550948,1.29899563912225,-1.1
36.44,2.01004332512801,1.29813435200525,-1.1
36.445,2.01012915581649,1.29727163437677,-1.1
36.45,2.0102123639006,1.29640832070184,-1.1
36.455,2.0102910420317,1.29554572228265,-1.1
36.46,2.01036495179122,1.29468431595636,-1.1
36.465,2.01043552369064,1.29382255200219,-1.1
36.47,2.01050394982284,1.29295959595514,-1.1
36.475,2.01057142228072,1.29209556702447,-1.1
36.48,2.01063746422713,1.29123022679162,-1.1
36.485,2.01070255249923,1.29036238316369,-1.1
36.49,2.0107678791899,1.2894907248385,-1.1
36.495,2.01083225220626,1.28861608628106,-1.1
36.5,2.01089495629256,1.28773906353784,-1.1
36.505,2.01095694512313,1.28685834530664,-1.1
36.51,2.0110189339537,1.28597297791314,-1.1
36.515,2.01107901543563,1.28508486870599,-1.1
36.52,2.01113456696456,1.28419640187097,-1.1
36.525,2.01118463486617,1.28331020001245,-1.1
36.53,2.01122826546615,1.28242745522333,-1.1
36.535,2.01126545876449,1.2815481675036,-1.1
36.54,2.01129859894698,1.28067066792322,-1.1
36.545,2.01132792443221,1.27979400280786,-1.1
36.55,2.01135248154586,1.2789185297854,-1.1
36.555,2.0113725087065,1.27804341439081,-1.1
36.56,2.01138633698409,1.27716949108911,-1.1
36.565,2.01139277428573,1.27629890564752,-1.1
36.57,2.01139110535567,1.27543416146112,-1.1
36.575,2.01138180703109,1.27457704666925,-1.1
36.58,2.01136630982345,1.27372493866754,-1.1
36.585,2.01134771317428,1.27287306908441,-1.1
36.59,2.0113269707579,1.27202072266412,-1.1
36.595,2.01130098313277,1.27117147568536,-1.1
36.6,2.01126951188033,1.27032652024103,-1.1
36.605,2.00243731924976,1.27066142987856,-1.1
36.61,2.00240584799732,1.26981170606264,-1.1
36.615,2.00237699934925,1.26895602178225,-1.1
36.62,2.00234910437549,1.26809544992098,-1.1
36.625,2.00232001730884,1.26723213624605,-1.1
36.63,2.00228783080066,1.26636786889681,-1.1
36.635,2.0022520680138,1.26550443601259,-1.1
36.64,2.0022132057854,1.26464195680269,-1.1
36.645,2.00217195937122,1.26377923917421,-1.1
36.65,2.00212952086414,1.26291497182497,-1.1
36.655,2.00208445975269,1.26204915475496,-1.1
36.66,2.00203486868824,1.26118417214998,-1.1
36.665,2.00197979399646,1.26032181214937,-1.1
36.67,2.00191899725879,1.25946267079958,-1.1
36.675,2.00185462424244,1.25860531758913,-1.1
36.68,2.00178858229602,1.2577477259601,-1.1
36.685,2.00172110983814,1.25688906144747,-1.1
36.69,2.00165149161304,1.25602884721407,-1.1
36.695,2.00157901236499,1.25516744088778,-1.1
36.7,2.0015024800011,1.25430674981722,-1.1
36.705,2.00142141768421,1.25344796609529,-1.1
36.71,2.00133749434436,1.25258918237337,-1.1
36.715,2.00125285574878,1.25172896813997,-1.1
36.72,2.00116702506031,1.25086815786013,-1.1
36.725,2.00107904860462,1.25000722837099,-1.1
36.73,2.00098940321888,1.2491446299518,-1.1
36.735,2.00089856574024,1.24827952813753,-1.1
36.74,2.00080582091297,1.24741275739321,-1.1
36.745,2.00071116873706,1.2465446753467,-1.1
36.75,2.00061532446827,1.24567504357943,-1.1
36.755,2.00051852652515,1.24480398130068,-1.1
36.76,2.0004210133263,1.2439320845569,-1.1
36.765,2.00032302329029,1.24305863809236,-1.1
36.77,2.00022455641712,1.24218268823275,-1.1
36.775,2.00012608954395,1.24130304288515,-1.1
36.78,2.00002762267078,1.24041886758455,-1.1
36.785,1.99992796370472,1.23953147363314,-1.1
36.79,1.99982639739002,1.23864324521669,-1.1
36.795,1.99972268530811,1.23775620889315,-1.1
36.8,1.99961778113331,1.2368702454532,-1.1
36.805,1.99573817498655,1.23658670046548,-1.1
36.81,1.99563684709043,1.23569263079385,-1.1
36.815,1.99553742654295,1.23479105093697,-1.1
36.82,1.99543729073972,1.23388458349923,-1.1
36.825,1.99533357865782,1.23297692396859,-1.1
36.83,1.99522462136717,1.23207129099587,-1.1
36.835,1.99511089570493,1.23116875746468,-1.1
36.84,1.99499287850828,1.23027003863076,-1.1
36.845,1.99487104661436,1.22937561133126,-1.1
36.85,1.99474611527891,1.22848476031045,-1.1
36.855,1.99461903817625,1.22759510138253,-1.1
36.86,1.99449053056211,1.22670317747811,-1.1
36.865,1.9943617845294,1.22580684282998,-1.1
36.87,1.99423232324095,1.22490752794961,-1.1
36.875,1.99410071618528,1.22400868990639,-1.1
36.88,1.99396791703672,1.22310997107247,-1.1
36.885,1.99383630998106,1.22220815279702,-1.1
36.89,1.99370637185545,1.2213014469407,-1.1
36.895,1.99357643372984,1.22039128401498,-1.1
36.9,1.99344482667417,1.21948016741494,-1.1
36.905,1.99331083543272,1.21856845476846,-1.1
36.91,1.99317589051695,1.21765447714547,-1.1
36.915,1.99304189927549,1.21673740008096,-1.1
36.92,1.99290814645262,1.21581817724923,-1.1
36.925,1.992773678374,1.21489728548745,-1.1
36.93,1.99263897187681,1.21397389033059,-1.1
36.935,1.99250283486814,1.21304823019723,-1.1
36.94,1.99236383683653,1.21212233164529,-1.1
36.945,1.99222221620054,1.2111969099305,-1.1
36.95,1.99207844979734,1.21027279951791,-1.1
36.955,1.99193325288267,1.20934964277962,-1.1
36.96,1.99178877122373,1.20842457869271,-1.1
36.965,1.99164524323911,1.20749558069924,-1.1
36.97,1.99150099999876,1.20656312563638,-1.1
36.975,1.99135413415403,1.20562900164346,-1.1
36.98,1.99120321519346,1.20469618895272,-1.1
36.985,1.99104800469846,1.20376731016854,-1.1
36.99,1.99088945634336,1.2028414116166,-1.1
36.995,1.9907304311511,1.20191527464608,-1.1
37,1.990571882796,1.20098782637337,-1.1
37.005,1.9915302582331,1.19987547911327,-1.1
37.01,1.99136741834357,1.19894898451488,-1.1
37.015,1.99120314794257,1.19802094019573,-1.1
37.02,1.99103768544867,1.19709086931865,-1.1
37.025,1.99087150769904,1.19615948713939,-1.1
37.03,1.99070485311225,1.19522762812298,-1.1
37.035,1.9905377216883,1.19429588831585,-1.1
37.04,1.99037106710151,1.19336307562511,-1.1
37.045,1.99020465093329,1.19242740191143,-1.1
37.05,1.99003871160224,1.19148827112835,-1.1
37.055,1.9898725338526,1.19054651774089,-1.1
37.06,1.98970468717292,1.18960369146984,-1.1
37.065,1.98953540998176,1.18865967310589,-1.1
37.07,1.98936470227912,1.18771446264904,-1.1
37.075,1.98919089513495,1.18677044428508,-1.1
37.08,1.98901255803779,1.1858302406184,-1.1
37.085,1.98882802205756,1.18489516295116,-1.1
37.09,1.98863681035712,1.18396556891124,-1.1
37.095,1.98844035344794,1.18304157770794,-1.1
37.1,1.98823817449286,1.182124739062,-1.1
37.105,1.98803146558478,1.18121493376415,-1.1
37.11,1.98782380300239,1.18030727423351,-1.1
37.115,1.98761757093146,1.17939711130779,-1.1
37.12,1.98741276937201,1.17848301447551,-1.1
37.125,1.98720844464972,1.17756581820171,-1.1
37.13,1.98700364309028,1.17664659536998,-1.1
37.135,1.98679860311225,1.17572534598034,-1.1
37.14,1.9865949936457,1.1748017124049,-1.1
37.145,1.98639281469062,1.17387557543438,-1.1
37.15,1.98619182782843,1.17294681585949,-1.1
37.155,1.98599203305915,1.1720145992152,-1.1
37.16,1.98579247670844,1.17108047522228,-1.1
37.165,1.98559196668342,1.17014623202007,-1.1
37.17,1.98539121823981,1.16921115435283,-1.1
37.175,1.98519190030768,1.16827250040691,-1.1
37.18,1.98499448972419,1.16732872046154,-1.1
37.185,1.98479707914069,1.16638148344677,-1.1
37.19,1.98459704595282,1.16543472326915,-1.1
37.195,1.98439129071906,1.16449213541668,-1.1
37.2,1.9841798134394,1.1635552696101,-1.1
37.205,1.99378734409395,1.16122003571319,-1.1
37.21,1.99356823741976,1.16029413716125,-1.1
37.215,1.99334817707124,1.15937109963226,-1.1
37.22,1.99312883197847,1.15844675080108,-1.1
37.225,1.9929094868857,1.15752013699341,-1.1
37.23,1.99268966495577,1.15659149662781,-1.1
37.235,1.99246841251436,1.15566166416931,-1.1
37.24,1.99224596798006,1.1547319509201,-1.1
37.245,1.99202376186434,1.15380199925232,-1.1
37.25,1.99180203258577,1.15287109391021,-1.1
37.255,1.9915814954001,1.15193899647522,-1.1
37.26,1.99136071979585,1.15100689904022,-1.1
37.265,1.99113803684297,1.15007611290741,-1.1
37.27,1.99091320812288,1.14914556519317,-1.1
37.275,1.99068671047273,1.14821477906036,-1.1
37.28,1.99045830547395,1.1472856618576,-1.1
37.285,1.99022680103365,1.14636083618927,-1.1
37.29,1.98999315082613,1.14544030205536,-1.1
37.295,1.98975854694429,1.14452179447937,-1.1
37.3,1.98952370464388,1.14360412136841,-1.1
37.305,1.98928862392488,1.14268656746673,-1.1
37.31,1.98905282795015,1.1417685367279,-1.1
37.315,1.98881631671968,1.14084990994262,-1.1
37.32,1.98857909023348,1.1399306871109,-1.1
37.325,1.98834091007295,1.13901206032562,-1.1
37.33,1.98810153781954,1.13809522167969,-1.1
37.335,1.98786049663606,1.13718064801025,-1.1
37.34,1.98761802494112,1.13626822010803,-1.1
37.345,1.9873741227347,1.13535710350799,-1.1
37.35,1.98712831317964,1.13444717900085,-1.1
37.355,1.98688131153169,1.1335385657959,-1.1
37.36,1.98663240253511,1.1326315023117,-1.1
37.365,1.98638277828279,1.13172622696686,-1.1
37.37,1.98613386928621,1.13082130924988,-1.1
37.375,1.98588543712679,1.12991531864929,-1.1
37.38,1.9856377202231,1.12900670544433,-1.1
37.385,1.98538976490083,1.12809606568146,-1.1
37.39,1.98513847171846,1.12718769089508,-1.1
37.395,1.98488264858309,1.12628420368957,-1.1
37.4,1.98462396442476,1.12538465039062,-1.1
37.405,2.00053478399462,1.123033893329,-1.1
37.41,2.00027657667345,1.12213851235519,-1.1
37.415,2.00001979986376,1.12124313138137,-1.1
37.42,1.99976516882128,1.12034405491958,-1.1
37.425,1.99951339880175,1.11943877957473,-1.1
37.43,1.99926282087511,1.11852945111404,-1.1
37.435,1.999010812437,1.11761976502547,-1.1
37.44,1.99875832716173,1.11671055577407,-1.1
37.445,1.99850751081652,1.1158009888948,-1.1
37.45,1.99825860181994,1.1148916604341,-1.1
37.455,1.99801136175341,1.11398340485702,-1.1
37.46,1.99776602903551,1.11307407639632,-1.1
37.465,1.99752308050341,1.11216141007552,-1.1
37.47,1.9972825161571,1.11124469063888,-1.1
37.475,1.99704314390368,1.11032558701644,-1.1
37.48,1.996804486906,1.10940600655685,-1.1
37.485,1.99656749883837,1.10848714135299,-1.1
37.49,1.99633289495653,1.10756911061416,-1.1
37.495,1.99610210577196,1.10664941094527,-1.1
37.5,1.99587632337755,1.10572518132339,-1.1
37.505,1.99565459409899,1.10479570649276,-1.1
37.51,1.99543524900622,1.10386277459274,-1.1
37.515,1.99521661916918,1.10292757771621,-1.1
37.52,1.9949984661693,1.10199095032821,-1.1
37.525,1.99478126684374,1.10105432294021,-1.1
37.53,1.99456406751818,1.10012031815658,-1.1
37.535,1.99434686819262,1.09919012807021,-1.1
37.54,1.99413062254137,1.0982605340303,-1.1
37.545,1.99391676107592,1.09732807896743,-1.1
37.55,1.9937048069591,1.09639252446304,-1.1
37.555,1.99349213758654,1.09545685074935,-1.1
37.56,1.99327732244677,1.09452356122146,-1.1
37.565,1.9930613152141,1.09359194062362,-1.1
37.57,1.99284483114428,1.0926612737001,-1.1
37.575,1.99262739340014,1.09173239491592,-1.1
37.58,1.99240709463305,1.09080756924758,-1.1
37.585,1.9921817890758,1.08988882325301,-1.1
37.59,1.99195219198412,1.08897484563003,-1.1
37.595,1.9917197338695,1.08806325219283,-1.1
37.6,1.99148560682482,1.08715428136001,-1.1
37.605,2.0122873879006,1.08593273924656,-1.1
37.61,2.01204801564718,1.08503306673832,-1.1
37.615,2.01180888181234,1.08413494395085,-1.1
37.62,2.01157070165182,1.08323598669834,-1.1
37.625,2.0113325214913,1.08233655260868,-1.1
37.63,2.01109386449362,1.08143711851902,-1.1
37.635,2.01085473065878,1.08053780363865,-1.1
37.64,2.01061559682394,1.07963872717686,-1.1
37.645,2.01037717824484,1.07873941229649,-1.1
37.65,2.0101392365029,1.07784128950901,-1.1
37.655,2.00990057950521,1.07694710062809,-1.1
37.66,2.00966096883322,1.0760572032816,-1.1
37.665,2.00942255025412,1.07516825960942,-1.1
37.67,2.00918818479086,1.07427621649571,-1.1
37.675,2.00895834928061,1.07338059710331,-1.1
37.68,2.00873065953756,1.07248378561802,-1.1
37.685,2.00850463872457,1.07158697413273,-1.1
37.69,2.00828171735311,1.07068885134526,-1.1
37.695,2.00806189542318,1.06978905962773,-1.1
37.7,2.0078449345162,1.06888783739872,-1.1
37.705,2.00762916570211,1.06798613833256,-1.1
37.71,2.00741292005087,1.06708575056858,-1.1
37.715,2.00719524388815,1.06618810461827,-1.1
37.72,2.00697613721395,1.0652933196909,-1.1
37.725,2.00675703053976,1.06440020369358,-1.1
37.73,2.0065386391213,1.06350827978916,-1.1
37.735,2.00632036691214,1.06261850165196,-1.1
37.74,2.00610114102865,1.06173075007267,-1.1
37.745,2.00588167672659,1.06084371374912,-1.1
37.75,2.00566221242453,1.05995715426274,-1.1
37.755,2.00544072156454,1.05907309817143,-1.1
37.76,2.0052164888909,1.05819285677738,-1.1
37.765,2.00499118333364,1.05731595324345,-1.1
37.77,2.00476623540426,1.0564426259882,-1.1
37.775,2.00454283719564,1.05557180212803,-1.1
37.78,2.00432396894003,1.05469930933781,-1.1
37.785,2.0041121340325,1.05382061766453,-1.1
37.79,2.00390614038015,1.05293525027104,-1.1
37.795,2.00370217328573,1.05204654501744,-1.1
37.8,2.00349725251699,1.05115843581028,-1.1
37.805,2.02858794526271,1.05224472307305,-1.1
37.81,2.02838099793605,1.05136185907463,-1.1
37.815,2.02817548112086,1.05048054479699,-1.1
37.82,2.02797103718928,1.04960054182152,-1.1
37.825,2.02776647404841,1.04872137331108,-1.1
37.83,2.02756155327967,1.04784184717278,-1.1
37.835,2.02735699013881,1.04696077131371,-1.1
37.84,2.02715266541652,1.04607933782677,-1.1
37.845,2.02694762543849,1.04519969247918,-1.1
37.85,2.02674175099543,1.04432350420098,-1.1
37.855,2.0265356381338,1.04345124982933,-1.1
37.86,2.0263291676443,1.04258281015496,-1.1
37.865,2.02612305478267,1.04171651624779,-1.1
37.87,2.02591873006038,1.04085022234063,-1.1
37.875,2.02571702794246,1.03998380922417,-1.1
37.88,2.02551794842891,1.03911739610772,-1.1
37.885,2.02532316044978,1.03824967168908,-1.1
37.89,2.02513540581874,1.03737908624749,-1.1
37.895,2.02495432690791,1.03650587820153,-1.1
37.9,2.02477825478724,1.03563076280693,-1.1
37.905,2.02460742787532,1.03475302480797,-1.1
37.91,2.02444160775355,1.03387254499535,-1.1
37.915,2.02427972153834,1.03299027704338,-1.1
37.92,2.02412153081111,1.03210634016137,-1.1
37.925,2.02396703557185,1.03122085355858,-1.1
37.93,2.02381552056483,1.03033548616509,-1.1
37.935,2.02366579369715,1.0294523837481,-1.1
37.94,2.02351785496882,1.02857071184258,-1.1
37.945,2.02337504223994,1.0276874902163,-1.1
37.95,2.02323890523127,1.02680081152062,-1.1
37.955,2.02310777501277,1.02591198705773,-1.1
37.96,2.02298057870082,1.02502149366478,-1.1
37.965,2.02285767392329,1.02412825845818,-1.1
37.97,2.02273906068019,1.02323216222863,-1.1
37.975,2.02262199715785,1.02233499311547,-1.1
37.98,2.02250290707759,1.02143985056023,-1.1
37.985,2.0223795254629,1.02054935716729,-1.1
37.99,2.02225137547663,1.01966482423882,-1.1
37.995,2.02211953000239,1.01878565572838,-1.1
38,2.02198661164454,1.01790970586876,-1.1
38.005,2.04581815330537,1.02132783208178,-1.1
38.01,2.04568630783112,1.02045390878009,-1.1
38.015,2.04555327026399,1.01958117757128,-1.1
38.02,2.04541808692964,1.01870987687396,-1.1
38.025,2.04528016178162,1.01784048352526,-1.1
38.03,2.04513889877351,1.0169741896181,-1.1
38.035,2.04499477474244,1.01611230645465,-1.1
38.04,2.04484933940919,1.01525483403491,-1.1
38.045,2.04470533458741,1.01440034184741,-1.1
38.05,2.04456526367219,1.0135459688692,-1.1
38.055,2.04443079559358,1.01268956933306,-1.1
38.06,2.04430109588654,1.0118300703554,-1.1
38.065,2.04417425720246,1.01096854481982,-1.1
38.07,2.04404908744843,1.0101073769121,-1.1
38.075,2.04392451374085,1.00924883160876,-1.1
38.08,2.04380232421906,1.00839267049121,-1.1
38.085,2.04368692962678,1.00753674779223,-1.1
38.09,2.0435805949405,1.00667879853533,-1.1
38.095,2.04348308174165,1.00581691537188,-1.1
38.1,2.04339439003022,1.00494895253466,-1.1
38.105,2.04331308929475,1.00407586369799,-1.1
38.11,2.04323500721009,1.00320134434985,-1.1
38.115,2.04315811721833,1.00232765946673,-1.1
38.12,2.04308480350526,1.00145433221148,-1.1
38.125,2.04301625816377,1.00058172021197,-1.1
38.13,2.04295069305451,0.999710657933222,-1.1
38.135,2.04288739292176,0.998840072491633,-1.1
38.14,2.04282826511414,0.997969010212885,-1.1
38.145,2.04277366725953,0.997097471096979,-1.1
38.15,2.04272371856721,0.996225574353205,-1.1
38.155,2.04268282978089,0.995350458958613,-1.1
38.16,2.04265398113282,0.994469979145991,-1.1
38.165,2.04263526527436,0.993585088589655,-1.1
38.17,2.04262298671754,0.992697098591791,-1.1
38.175,2.04261511890443,0.991806962826716,-1.1
38.18,2.04261023132356,0.990915158131586,-1.1
38.185,2.04260665504487,0.990023234227167,-1.1
38.19,2.04260391323121,0.989132383206354,-1.1
38.195,2.04260081378968,0.988243320324885,-1.1
38.2,2.04259664146455,0.987356880047785,-1.1
38.205,2.06402395897952,0.992415652277939,-1.1
38.21,2.06401656800357,0.99153445720958,-1.1
38.215,2.06400750809756,0.990655407908433,-1.1
38.22,2.06399761372653,0.989778265955918,-1.1
38.225,2.06398700409976,0.988903150561326,-1.1
38.23,2.06397699051944,0.988029227259629,-1.1
38.235,2.06396983796206,0.987154469492905,-1.1
38.24,2.06396614247409,0.986278519633286,-1.1
38.245,2.06396328145114,0.985403404238694,-1.1
38.25,2.06395839387027,0.984531149867051,-1.1
38.255,2.06395171815005,0.983662114146226,-1.1
38.26,2.06394540005771,0.982795462611191,-1.1
38.265,2.06394051247683,0.981930360796921,-1.1
38.27,2.0639375322446,0.981066093447678,-1.1
38.275,2.06393657857028,0.980203018191331,-1.1
38.28,2.06393657857028,0.979341492655747,-1.1
38.285,2.06393788987246,0.978481636050217,-1.1
38.29,2.06394265824405,0.977621541026108,-1.1
38.295,2.06395195656863,0.976760134699814,-1.1
38.3,2.06396495038119,0.975898609164231,-1.1
38.305,2.0639785402402,0.975038633349412,-1.1
38.31,2.06399177247134,0.974181637766831,-1.1
38.315,2.06400762730685,0.973326191905015,-1.1
38.32,2.06402813130465,0.97247026920604,-1.1
38.325,2.0640549533948,0.971612915995591,-1.1
38.33,2.06408761674014,0.970754609110825,-1.1
38.335,2.06412385636416,0.969896659853928,-1.1
38.34,2.06416391068545,0.969037995341294,-1.1
38.345,2.06421075993625,0.968177185061448,-1.1
38.35,2.06426404648868,0.967314705851548,-1.1
38.355,2.06432019406405,0.966452226641648,-1.1
38.36,2.06437872582522,0.965589866641038,-1.1
38.365,2.0644405954465,0.964727268221848,-1.1
38.37,2.06450461083499,0.963865265849106,-1.1
38.375,2.0645694606885,0.963004097941392,-1.1
38.38,2.06463621789065,0.962143526080125,-1.1
38.385,2.06470535927859,0.961282715800278,-1.1
38.39,2.06477509671298,0.960422263148301,-1.1
38.395,2.06484459572879,0.959563002589219,-1.1
38.4,2.06491302186099,0.958706364634507,-1.1
38.405,2.08511561035486,0.965385090596982,-1.1
38.41,2.08518546699854,0.964532505758115,-1.1
38.415,2.08526128410669,0.963678490407773,-1.1
38.42,2.08534258484216,0.96282209087164,-1.1
38.425,2.08542555450769,0.961964022405454,-1.1
38.43,2.08550745128961,0.961104881055661,-1.1
38.435,2.08558660625788,0.960247170217343,-1.1
38.44,2.08566135048242,0.95939351249487,-1.1
38.445,2.08573263763757,0.958544980771848,-1.1
38.45,2.0858053553042,0.957700025327512,-1.1
38.455,2.08588331817957,0.956856142766782,-1.1
38.46,2.08596700310083,0.956011544950315,-1.1
38.465,2.08605581402155,0.955164562948056,-1.1
38.47,2.0861487972674,0.954314839132138,-1.1
38.475,2.0862434494433,0.953463804014035,-1.1
38.48,2.08633750557276,0.952614676244565,-1.1
38.485,2.08643060802789,0.95176960159094,-1.1
38.49,2.08652502178522,0.95092834163458,-1.1
38.495,2.08662479996057,0.950088869817563,-1.1
38.5,2.08673220753046,0.949248682744809,-1.1
38.505,2.08684724449487,0.948405873067685,-1.1
38.51,2.08696919559809,0.947559129484006,-1.1
38.515,2.08709603428217,0.946709167249509,-1.1
38.52,2.08722466110559,0.945859085805722,-1.1
38.525,2.0873523342547,0.945011388547727,-1.1
38.53,2.08747964977594,0.944166790731259,-1.1
38.535,2.08760923027368,0.943324457891294,-1.1
38.54,2.08774107574793,0.942484032399961,-1.1
38.545,2.08787435173364,0.941644441373654,-1.1
38.55,2.08801096557947,0.940804731138059,-1.1
38.555,2.08815306305261,0.939964186437436,-1.1
38.56,2.08830159782739,0.939122092016049,-1.1
38.565,2.08845859646173,0.938278567083188,-1.1
38.57,2.08862477421137,0.937433850057431,-1.1
38.575,2.08879810451837,0.9365877025202,-1.1
38.58,2.08897834896417,0.935740005262204,-1.1
38.585,2.08916550754877,0.934890877492734,-1.1
38.59,2.08935695766779,0.934040319211789,-1.1
38.595,2.08955353378626,0.933187972791501,-1.1
38.6,2.08975642799707,0.932334076650449,-1.1
38.605,2.1078685006466,0.939923281381729,-1.1
38.61,2.10807473271752,0.939070815752151,-1.1
38.615,2.1082837066021,0.9382191845876,-1.1
38.62,2.10849566071893,0.93736731500447,-1.1
38.625,2.10871011823083,0.936515326212051,-1.1
38.63,2.10892755597497,0.935662502954605,-1.1
38.635,2.10914749711419,0.934808845232132,-1.1
38.64,2.10937041848565,0.9339547106725,-1.1
38.645,2.10959536641503,0.933100695322158,-1.1
38.65,2.1098204335537,0.932247752855423,-1.1
38.655,2.11004466622735,0.93139671773732,-1.1
38.66,2.11026711076165,0.930548066805008,-1.1
38.665,2.11048764794732,0.929702276895645,-1.1
38.67,2.11070818513299,0.928859109590652,-1.1
38.675,2.11093146413232,0.928016776750686,-1.1
38.68,2.11115998834039,0.927174205492141,-1.1
38.685,2.11139435380364,0.926330442140701,-1.1
38.69,2.11163181870843,0.925485963533523,-1.1
38.695,2.1118705949154,0.924642438600662,-1.1
38.7,2.11210913270379,0.923800701807144,-1.1
38.705,2.11234802812005,0.922960872362259,-1.1
38.71,2.11259109586144,0.922122115800979,-1.1
38.715,2.11283928960229,0.921283716867569,-1.1
38.72,2.11309189408685,0.920445675562027,-1.1
38.725,2.1133491477337,0.919607395837906,-1.1
38.73,2.11361140817071,0.918768162439468,-1.1
38.735,2.11387867539788,0.917928332994583,-1.1
38.74,2.11415035336877,0.917088026712539,-1.1
38.745,2.1144260844555,0.916248197267654,-1.1
38.75,2.11470610707665,0.915409083078506,-1.1
38.755,2.11499006360436,0.914570445726516,-1.1
38.76,2.11527902692223,0.913731689165237,-1.1
38.765,2.11557395070458,0.912891859720352,-1.1
38.77,2.11587340443993,0.912051315019729,-1.1
38.775,2.11617619603539,0.911210531900528,-1.1
38.78,2.11648232549096,0.910370106409195,-1.1
38.785,2.11679250806237,0.90953003854573,-1.1
38.79,2.11710745900536,0.908689732263687,-1.1
38.795,2.11742789357568,0.907848710725906,-1.1
38.8,2.11775190442468,0.907006854723098,-1.1
38.805,2.13282851145583,0.914494706405737,-1.1
38.81,2.13315299914198,0.913651300682166,-1.1
38.815,2.13347438738661,0.912808491005042,-1.1
38.82,2.13379005358534,0.911968661560156,-1.1
38.825,2.13409952090102,0.911133600486853,-1.1
38.83,2.13440708086806,0.910302592529395,-1.1
38.835,2.13472060129958,0.90947325350199,-1.1
38.84,2.13504580424147,0.908642007125952,-1.1
38.845,2.13538364336806,0.907807065261939,-1.1
38.85,2.13573101923781,0.906968666328528,-1.1
38.855,2.13608268664198,0.906128836883643,-1.1
38.86,2.13643602297621,0.905289245857336,-1.1
38.865,2.13679174349623,0.904450727714636,-1.1
38.87,2.1371515171321,0.903613282455542,-1.1
38.875,2.13751439020949,0.902777029289343,-1.1
38.88,2.13787869379836,0.901942206634619,-1.1
38.885,2.13824275896864,0.90110869528208,-1.1
38.89,2.13860753939467,0.900276137603857,-1.1
38.895,2.13897541926222,0.899443937553503,-1.1
38.9,2.13934830591994,0.898611737503149,-1.1
38.905,2.13972715304213,0.897779775871375,-1.1
38.91,2.14011053011733,0.896948767913916,-1.1
38.915,2.14049700663405,0.896119190467932,-1.1
38.92,2.14088753626662,0.895290089859107,-1.1
38.925,2.14128450320082,0.894460393203833,-1.1
38.93,2.14168838427382,0.893630338920691,-1.1
38.935,2.14209798739272,0.892800284637549,-1.1
38.94,2.14251283572035,0.891969991935828,-1.1
38.945,2.1429343597682,0.891139341606238,-1.1
38.95,2.14336160586195,0.890308572067358,-1.1
38.955,2.14379218981581,0.889478517784216,-1.1
38.96,2.14422611162978,0.888648821128943,-1.1
38.965,2.1446650402339,0.887818528427222,-1.1
38.97,2.14510873720961,0.886987282051184,-1.1
38.975,2.14555434153395,0.886156750930884,-1.1
38.98,2.14599970743971,0.885328246368506,-1.1
38.985,2.14644578860121,0.884501172317603,-1.1
38.99,2.14689735339003,0.883674336685278,-1.1
38.995,2.14735583231764,0.882846666587927,-1.1
39,2.14781764910536,0.882018638862708,-1.1
39.005,2.16075991510845,0.88932617312503,-1.1
39.01,2.16122292398906,0.888496714888335,-1.1
39.015,2.16168426393962,0.88766737586093,-1.1
39.02,2.16214107393718,0.886840063391448,-1.1
39.025,2.16259240030742,0.886016088782073,-1.1
39.03,2.16304086565471,0.885195213614226,-1.1
39.035,2.16349171518779,0.884376007376433,-1.1
39.04,2.16394852518535,0.88355703955722,-1.1
39.045,2.16441177248454,0.882737833319427,-1.1
39.05,2.16488026499248,0.881917792616607,-1.1
39.055,2.16535376429057,0.881097155867339,-1.1
39.06,2.16583227037883,0.880276638327361,-1.1
39.065,2.16631435274578,0.8794570744617,-1.1
39.07,2.16679977297283,0.878638941107513,-1.1
39.075,2.16728996157146,0.877821642218352,-1.1
39.08,2.16778420328594,0.877004224119903,-1.1
39.085,2.16828130602336,0.876186209975005,-1.1
39.09,2.16877840876079,0.875368195830108,-1.1
39.095,2.16927193521953,0.874551373778106,-1.1
39.1,2.16976117014385,0.873736578284026,-1.1
39.105,2.17024778246379,0.872924047766448,-1.1
39.11,2.17073272585369,0.872113901434661,-1.1
39.115,2.17121600031352,0.871305900870086,-1.1
39.12,2.17169736742473,0.870499926863433,-1.1
39.125,2.17217778086162,0.869695264158965,-1.1
39.13,2.17265867113567,0.868891435919524,-1.1
39.135,2.17314218401409,0.868088203726531,-1.1
39.14,2.17362879633403,0.867284613905669,-1.1
39.145,2.17411731600261,0.866481262503387,-1.1
39.15,2.17460535883403,0.865678745566131,-1.1
39.155,2.17508934854961,0.864877897558929,-1.1
39.16,2.17557000040508,0.86407883769107,-1.1
39.165,2.17604922174907,0.863281327543975,-1.1
39.17,2.17652796625591,0.862485247908355,-1.1
39.175,2.17700694918132,0.861690598784209,-1.1
39.18,2.17748736261821,0.860897380171538,-1.1
39.185,2.17796992182231,0.860105115233184,-1.1
39.19,2.17845653414226,0.859313565550567,-1.1
39.195,2.17894910692668,0.858522492705108,-1.1
39.2,2.17944740175701,0.857731539068938,-1.1
39.205,2.19003313232606,0.86432999601623,-1.1
39.21,2.19054549385255,0.863538327124323,-1.1
39.215,2.19106310058778,0.862745942976679,-1.1
39.22,2.19158356834596,0.861953081991877,-1.1
39.225,2.19210618187135,0.861160101797785,-1.1
39.23,2.19262855697816,0.860367479231562,-1.1
39.235,2.19314997841066,0.859576048758235,-1.1
39.24,2.19367187668031,0.85878640642425,-1.1
39.245,2.19419520546144,0.857998671438899,-1.1
39.25,2.19472139526552,0.857212486174311,-1.1
39.255,2.19525306869691,0.85642725458404,-1.1
39.26,2.19579070259279,0.855642142203059,-1.1
39.265,2.1963335816974,0.854856910612788,-1.1
39.27,2.19688146759218,0.854071798231806,-1.1
39.275,2.19743316818422,0.853286805060114,-1.1
39.28,2.19798749138063,0.852501931097712,-1.1
39.285,2.19854419876283,0.851718130018916,-1.1
39.29,2.19910090614503,0.850935997870173,-1.1
39.295,2.1996557061786,0.850155415442195,-1.1
39.3,2.20021098304933,0.849375786688532,-1.1
39.305,2.20076769043153,0.848596396353449,-1.1
39.31,2.20132320572084,0.847817602064814,-1.1
39.315,2.20187538315004,0.847040238287654,-1.1
39.32,2.20242398430055,0.846264901068415,-1.1
39.325,2.20297043968385,0.845491590407099,-1.1
39.33,2.20351761032289,0.844720306303706,-1.1
39.335,2.20406716514772,0.843951167967524,-1.1
39.34,2.20461934257692,0.843183460142817,-1.1
39.345,2.20517604995912,0.842416229155268,-1.1
39.35,2.20573943306154,0.841648640539851,-1.1
39.355,2.20630829979127,0.840880813505854,-1.1
39.36,2.20688002754396,0.840113463309016,-1.1
39.365,2.20745413948244,0.839347066786494,-1.1
39.37,2.20803111244386,0.838581385519709,-1.1
39.375,2.20861094642824,0.837815823462214,-1.1
39.38,2.20919221092409,0.837050976660456,-1.1
39.385,2.20977180648988,0.836287798788752,-1.1
39.39,2.21034877945131,0.83552664747497,-1.1
39.395,2.21092765976137,0.834767403509821,-1.1
39.4,2.21151345421022,0.83400887480041,-1.1
39.405,2.21805674470105,0.837990680540571,-1.1
39.41,2.21865684426465,0.837231436575422,-1.1
39.415,2.21925956643262,0.836471358145246,-1.1
39.42,2.21986157334485,0.83571127971507,-1.1
39.425,2.22046119607129,0.8349522741685,-1.1
39.43,2.22105867303052,0.834194937551984,-1.1
39.435,2.2216566268269,0.833439627493391,-1.1
39.44,2.22225744164624,0.832685867155561,-1.1
39.445,2.22286111748852,0.831932822073469,-1.1
39.45,2.22346693909802,0.831179896200666,-1.1
39.455,2.2240729991261,0.830426970327863,-1.1
39.46,2.22467810547986,0.829674759710798,-1.1
39.465,2.22528249657788,0.828924337233076,-1.1
39.47,2.22588760293164,0.828175822103986,-1.1
39.475,2.22649557030835,0.827428856695661,-1.1
39.48,2.22710782921948,0.82668356021739,-1.1
39.485,2.2277224723164,0.825939813459882,-1.1
39.49,2.22833878434338,0.825197020376691,-1.1
39.495,2.22896010316052,0.824455419386396,-1.1
39.5,2.22958905137219,0.823714891279706,-1.1
39.505,2.23022586739697,0.822975555265912,-1.1
39.51,2.23087222016491,0.822236696089277,-1.1
39.515,2.23152810967602,0.821497240866193,-1.1
39.52,2.23218972123303,0.820757189596662,-1.1
39.525,2.2328518096272,0.820017138327131,-1.1
39.53,2.23351103699841,0.819277921522626,-1.1
39.535,2.23416788018384,0.818540612066755,-1.1
39.54,2.23482472336926,0.817805090750226,-1.1
39.545,2.23548275864758,0.817071238363752,-1.1
39.55,2.23614246285595,0.816339054907331,-1.1
39.555,2.23680216706433,0.815608063543806,-1.1
39.56,2.2374618712727,0.814877549017438,-1.1
39.565,2.23812372124829,0.814147153700361,-1.1
39.57,2.23878795540967,0.813417950476179,-1.1
39.575,2.23945290482678,0.81269041618205,-1.1
39.58,2.24011976159253,0.811964670027265,-1.1
39.585,2.24079162514844,0.811240115965375,-1.1
39.59,2.24146825707593,0.810516157949933,-1.1
39.595,2.24214751160779,0.80979267677165,-1.1
39.6,2.24282819665112,0.809069195593366,-1.1
39.605,2.24402147904653,0.808767334593513,-1.1
39.61,2.2447040714385,0.808044807089546,-1.1
39.615,2.24538618699331,0.807324186934211,-1.1
39.62,2.24606782571096,0.80660535491822,-1.1
39.625,2.24675137177724,0.80588753618119,-1.1
39.63,2.24743777886647,0.805170671118476,-1.1
39.635,2.24812490121145,0.804454580916145,-1.1
39.64,2.2488110698821,0.803739384783485,-1.1
39.645,2.24949914590139,0.803025023115852,-1.1
39.65,2.25019079819936,0.80231155551789,-1.1
39.655,2.25088554993886,0.801599160803535,-1.1
39.66,2.25158244744558,0.800887362135627,-1.1
39.665,2.25228077546377,0.800176338328102,-1.1
39.67,2.25297886506337,0.799465314520576,-1.1
39.675,2.25367504731435,0.798753873480537,-1.1
39.68,2.25436836854238,0.798042313231208,-1.1
39.685,2.25505549088735,0.797331408632972,-1.1
39.69,2.25573355332631,0.796622769011238,-1.1
39.695,2.25640398637075,0.795916394366004,-1.1
39.7,2.25707012788076,0.79521162904618,-1.1
39.705,2.25773436204213,0.794508294237831,-1.1
39.71,2.25839573518056,0.793806866778114,-1.1
39.715,2.25905329362172,0.793107406271675,-1.1
39.72,2.25971132890004,0.792409555090644,-1.1
39.725,2.26037556306142,0.791712419165351,-1.1
39.73,2.26104718819875,0.791015402449348,-1.1
39.735,2.26172358170766,0.790318564547279,-1.1
39.74,2.26240116730947,0.789621965063789,-1.1
39.745,2.26307779923696,0.788925961626747,-1.1
39.75,2.26375347749013,0.78823103107331,-1.1
39.755,2.26442891732473,0.787537411822059,-1.1
39.76,2.26510483399648,0.786844746245124,-1.1
39.765,2.26578170434255,0.786153093947151,-1.1
39.77,2.26645785943288,0.785462395323493,-1.1
39.775,2.26713163033742,0.784772650374153,-1.1
39.78,2.26780373231191,0.784084097517707,-1.1
39.785,2.26847631112356,0.783396081103065,-1.1
39.79,2.26914984360952,0.782708541525581,-1.1
39.795,2.26982361451406,0.782022074831703,-1.1
39.8,2.27049500123281,0.781336740626075,-1.1
39.805,2.26831852211998,0.778335858696409,-1.1
39.81,2.26898585572289,0.777651418560453,-1.1
39.815,2.26965080514,0.776967693680234,-1.1
39.82,2.2703102709298,0.776285578125425,-1.1
39.825,2.27096472992943,0.775605429523893,-1.1
39.83,2.27161775841759,0.774927009457059,-1.1
39.835,2.27227197899865,0.774250258320279,-1.1
39.84,2.27292763009118,0.77357475888104,-1.1
39.845,2.27358471169518,0.772900153511472,-1.1
39.85,2.27424441590355,0.772226263397642,-1.1
39.855,2.27490721955346,0.77155261170239,-1.1
39.86,2.27557336106347,0.770879198425718,-1.1
39.865,2.276242602015,0.770206142776914,-1.1
39.87,2.27691327347802,0.769533861988492,-1.1
39.875,2.27758370652245,0.768862892502256,-1.1
39.88,2.27825437798546,0.768192817085691,-1.1
39.885,2.27892647995995,0.767523099296995,-1.1
39.89,2.27960048928307,0.766853679531522,-1.1
39.895,2.28027402176903,0.76618425976605,-1.1
39.9,2.2809451700692,0.765515018814512,-1.1
39.905,2.281613695765,0.764846195095487,-1.1
39.91,2.28227864518212,0.764178801887937,-1.1
39.915,2.28293930306481,0.763513375633665,-1.1
39.92,2.28359733834313,0.762849260681577,-1.1
39.925,2.28425608887719,0.76218639742703,-1.1
39.93,2.28491603150414,0.761524666660734,-1.1
39.935,2.28557525887536,0.76086347233624,-1.1
39.94,2.28623543992089,0.760202874058195,-1.1
39.945,2.28689848198937,0.759542633408018,-1.1
39.95,2.28756295456933,0.758882571571775,-1.1
39.955,2.28822790398644,0.758222926968046,-1.1
39.96,2.2888923765664,0.757564176433988,-1.1
39.965,2.28955422654198,0.756907094829984,-1.1
39.97,2.29021416916894,0.756251860969968,-1.1
39.975,2.29087530388878,0.755598117226072,-1.1
39.98,2.29154073014306,0.754945029133268,-1.1
39.985,2.29221092476891,0.754292715900846,-1.1
39.99,2.29288445725487,0.753641177528806,-1.1
39.995,2.2935606123452,0.752989519947477,-1.1
40,2.29424105896996,0.7523372663197,-1.1
40.005,2.28907561042003,0.747134865174543,-1.1
40.01,2.28975701071911,0.746483863244306,-1.1
40.015,2.29043459632091,0.745834530244123,-1.1
40.02,2.29111170508556,0.745186627755415,-1.1
40.025,2.29179143645458,0.744540036568891,-1.1
40.03,2.29247283675365,0.743894756684553,-1.1
40.035,2.29315495230846,0.743250192055952,-1.1
40.04,2.2938389752119,0.742605985055219,-1.1
40.045,2.29452609755687,0.741962135682356,-1.1
40.05,2.29521536566906,0.741318524728071,-1.1
40.055,2.29590677954845,0.740674854169141,-1.1
40.06,2.29660057761364,0.740031243214857,-1.1
40.065,2.29729485251598,0.73938822830702,-1.1
40.07,2.29798698165111,0.738746643910658,-1.1
40.075,2.29867815711193,0.738106192002546,-1.1
40.08,2.29937147833996,0.7374655612805,-1.1
40.085,2.30006885268383,0.736824572930586,-1.1
40.09,2.30076694228344,0.736183644185316,-1.1
40.095,2.30146193244152,0.735543490300428,-1.1
40.1,2.30215477683239,0.734904051671278,-1.1
40.105,2.30284881331615,0.734264851460706,-1.1
40.11,2.30354451872997,0.733626187691938,-1.1
40.115,2.30423974730663,0.732988298783552,-1.1
40.12,2.30493330695324,0.732351303944837,-1.1
40.125,2.30562686659984,0.73171490515257,-1.1
40.13,2.3063220951765,0.731079042802107,-1.1
40.135,2.3070192311018,0.730443359265577,-1.1
40.14,2.30771827437572,0.729808092961561,-1.1
40.145,2.3084189865797,0.729173363099348,-1.1
40.15,2.30912089087658,0.728538692841779,-1.1
40.155,2.30982398726635,0.727904499421369,-1.1
40.16,2.31052827574901,0.727270604024183,-1.1
40.165,2.3112323258131,0.726636768231641,-1.1
40.17,2.31193661429577,0.726002694020521,-1.1
40.175,2.31264018752269,0.725368679414045,-1.1
40.18,2.31334018447094,0.724735558877241,-1.1
40.185,2.31403565146618,0.724103749642622,-1.1
40.19,2.31472825743847,0.723473132500898,-1.1
40.195,2.3154203865736,0.72284358824278,-1.1
40.2,2.31611251570873,0.722214818845045,-1.1
40.205,2.30670691286696,0.714354823634173,-1.1
40.21,2.30739832674635,0.713726292655016,-1.1
40.215,2.30808854853285,0.71309776167586,-1.1
40.22,2.30877638613356,0.712469826743151,-1.1
40.225,2.30946183954848,0.711842964694048,-1.1
40.23,2.31014538561476,0.711217235133196,-1.1
40.235,2.31082726275099,0.710592518851305,-1.1
40.24,2.31150723253859,0.709968935057665,-1.1
40.245,2.31218529497755,0.709346602961565,-1.1
40.25,2.31286288057936,0.708724807307268,-1.1
40.255,2.31354356562269,0.708103130862261,-1.1
40.26,2.31422973429335,0.707481752440478,-1.1
40.265,2.31492090975416,0.706860433623339,-1.1
40.27,2.31561804567946,0.706238101527239,-1.1
40.275,2.3163225725807,0.705613981291796,-1.1
40.28,2.31703115259779,0.704987774893786,-1.1
40.285,2.31773806368483,0.704359959170366,-1.1
40.29,2.31844020640028,0.703731905028368,-1.1
40.295,2.31913615023268,0.703104744956041,-1.1
40.3,2.3198261336006,0.7024788961859,-1.1
40.305,2.32051277910841,0.701854001090075,-1.1
40.31,2.32119799410475,0.701229404017473,-1.1
40.315,2.32188034807814,0.70060528378203,-1.1
40.32,2.32255864893568,0.699981759593035,-1.1
40.325,2.32323456560744,0.699358593031908,-1.1
40.33,2.32391167437208,0.698734770819689,-1.1
40.335,2.32459188257826,0.698109756514574,-1.1
40.34,2.32527304445875,0.697484026953722,-1.1
40.345,2.32595039164198,0.696858118578936,-1.1
40.35,2.32662130152357,0.696232985064531,-1.1
40.355,2.32728696619643,0.695608924433733,-1.1
40.36,2.32794881617201,0.694985698267962,-1.1
40.365,2.32860923563612,0.694363306567217,-1.1
40.37,2.32926917826308,0.693741391703631,-1.1
40.375,2.32992816721571,0.693120013281847,-1.1
40.38,2.33058691774977,0.692498932883288,-1.1
40.385,2.33124662195814,0.691877852484728,-1.1
40.39,2.33190823351515,0.69125629524901,-1.1
40.395,2.33257222925795,0.690633545920397,-1.1
40.4,2.33323741709364,0.690009366080309,-1.1
40.405,2.32152604953576,0.681500441069119,-1.1
40.41,2.32218146220971,0.680876261229032,-1.1
40.415,2.32282829181481,0.680253333086484,-1.1
40.42,2.3234684456997,0.679632371897214,-1.1
40.425,2.32410406963159,0.679013675684445,-1.1
40.43,2.32473659412194,0.678396827215665,-1.1
40.435,2.32536888019372,0.677780634397977,-1.1
40.44,2.32600259677697,0.677164441580289,-1.1
40.445,2.32663750545312,0.67654723548364,-1.1
40.45,2.32727360622216,0.675928837294095,-1.1
40.455,2.32791185275842,0.675309545034879,-1.1
40.46,2.32855152980615,0.674689775938504,-1.1
40.465,2.32919263736535,0.674069828028195,-1.1
40.47,2.32983636752893,0.673449582094663,-1.1
40.475,2.33048200504113,0.672828859323972,-1.1
40.48,2.33112883464623,0.672206825251096,-1.1
40.485,2.33177709476281,0.671582585806363,-1.1
40.49,2.33242535487939,0.670956737036221,-1.1
40.495,2.33307051555444,0.670330351824277,-1.1
40.5,2.3337109078579,0.66970468186807,-1.1
40.505,2.33434891597558,0.669079786772244,-1.1
40.51,2.33498692409326,0.668454712862485,-1.1
40.515,2.33562564746667,0.667829400534146,-1.1
40.52,2.33626389400292,0.667203670973294,-1.1
40.525,2.33690047160913,0.666577464575284,-1.1
40.53,2.33753728763391,0.665949827665799,-1.1
40.535,2.3381762494259,0.665320223803037,-1.1
40.54,2.33881544963647,0.664689785475247,-1.1
40.545,2.33945155040551,0.664059525961392,-1.1
40.55,2.34008359805871,0.663429683680051,-1.1
40.555,2.3407134999447,0.662799901003354,-1.1
40.56,2.34134173290063,0.662169999117368,-1.1
40.565,2.34196710483361,0.661539322370999,-1.1
40.57,2.34258961574365,0.66090763234567,-1.1
40.575,2.34320855037499,0.660275465483182,-1.1
40.58,2.34382080928613,0.659643954271787,-1.1
40.585,2.34442567722131,0.659013456339353,-1.1
40.59,2.34502601520349,0.658383435244077,-1.1
40.595,2.34562230006982,0.65775365256738,-1.1
40.6,2.34621262447167,0.657124346727841,-1.1
40.605,2.33395610947147,0.649338757552013,-1.1
40.61,2.33453236717716,0.6487120147122,-1.1
40.615,2.33510385651126,0.648086344755992,-1.1
40.62,2.33567415375248,0.647460913218364,-1.1
40.625,2.33624564308658,0.646835541285381,-1.1
40.63,2.33681713242069,0.646209930933818,-1.1
40.635,2.33738695282474,0.645584022559032,-1.1
40.64,2.33795510429874,0.644957160509929,-1.1
40.645,2.33852158684269,0.644328748740062,-1.1
40.65,2.33908520836368,0.643699740923747,-1.1
40.655,2.33964429993167,0.643071150339946,-1.1
40.66,2.34019886154667,0.642443036593303,-1.1
40.665,2.34075151581302,0.641814744032726,-1.1
40.67,2.3413039316608,0.641186034239635,-1.1
40.675,2.34185396332279,0.640557205237255,-1.1
40.68,2.34240137238041,0.639927482165203,-1.1
40.685,2.34294854301944,0.639295613325939,-1.1
40.69,2.34349523682132,0.638662015951976,-1.1
40.695,2.34403835434452,0.63802812055479,-1.1
40.7,2.34457598824039,0.637394821204051,-1.1
40.705,2.34511076111332,0.636762117899761,-1.1
40.71,2.34564505714908,0.636129116572246,-1.1
40.715,2.34617911476627,0.635494625128612,-1.1
40.72,2.3467126955463,0.634857987917766,-1.1
40.725,2.34724365372196,0.63422009900938,-1.1
40.73,2.34776841301456,0.633582508124217,-1.1
40.735,2.34828721184269,0.63294622854124,-1.1
40.74,2.34880458015934,0.63231078342329,-1.1
40.745,2.34932433266178,0.631675457514629,-1.1
40.75,2.34984766144291,0.631039416350231,-1.1
40.755,2.35037528175846,0.63040134862791,-1.1
40.76,2.35090743202701,0.62976041988264,-1.1
40.765,2.35144315857425,0.629116451300487,-1.1
40.77,2.35198103088871,0.628469621695384,-1.1
40.775,2.35252009529605,0.627821003950939,-1.1
40.78,2.35305892128482,0.627172445811138,-1.1
40.785,2.35359583992496,0.626524781741008,-1.1
40.79,2.35413228172794,0.625877415694103,-1.1
40.795,2.35467158455387,0.625228261507854,-1.1
40.8,2.35521327156559,0.62457654432188,-1.1
40.805,2.34544523587872,0.618864399032824,-1.1
40.81,2.34598358503033,0.618210178451769,-1.1
40.815,2.34652002683331,0.617556196289293,-1.1
40.82,2.34705670705486,0.616902571754686,-1.1
40.825,2.34759529462506,0.61624882801079,-1.1
40.83,2.34813745847393,0.615593474941484,-1.1
40.835,2.3486820065086,0.61493526084923,-1.1
40.84,2.34922536245037,0.614274841385118,-1.1
40.845,2.34976323476483,0.613613170223467,-1.1
40.85,2.35029419294048,0.61295167787575,-1.1
40.855,2.35082085958172,0.61229215248131,-1.1
40.86,2.3513458572929,0.611634355621569,-1.1
40.865,2.35187323918987,0.610976379947893,-1.1
40.87,2.35240777364422,0.6103151856234,-1.1
40.875,2.35294731488873,0.609649640159838,-1.1
40.88,2.35348637929608,0.608980995254747,-1.1
40.885,2.3540223442619,0.608310502605669,-1.1
40.89,2.3545561634605,0.607639354305498,-1.1
40.895,2.35509045949627,0.606967907982103,-1.1
40.9,2.35562666288067,0.606295865612261,-1.1
40.905,2.35616525045086,0.60562197549843,-1.1
40.91,2.35670359960247,0.604945045547716,-1.1
40.915,2.35723765721966,0.604265135364763,-1.1
40.92,2.35776265493084,0.603583735065691,-1.1
40.925,2.35827573171307,0.602904182510607,-1.1
40.93,2.35877760282208,0.602228146629564,-1.1
40.935,2.35927255979229,0.601555150585405,-1.1
40.94,2.35976656308819,0.600883585052721,-1.1
40.945,2.36026128163983,0.600211900310747,-1.1
40.95,2.36075528493572,0.599539381103746,-1.1
40.955,2.36125000348736,0.598864716129534,-1.1
40.96,2.36174782148052,0.598186474876635,-1.1
40.965,2.36225040784527,0.597504120903246,-1.1
40.97,2.36275728574444,0.596818667488329,-1.1
40.975,2.36326511731793,0.59613243921303,-1.1
40.98,2.36377032628704,0.595446985798113,-1.1
40.985,2.36427362790753,0.594761472778551,-1.1
40.99,2.36477788320233,0.594073635177843,-1.1
40.995,2.36528285375286,0.593382876949541,-1.1
41,2.36578544011761,0.592690867023699,-1.1
41.005,2.36455551781393,0.591208282071746,-1.1
41.01,2.36504832901694,0.590516629773773,-1.1
41.015,2.36554018654562,0.589824500638641,-1.1
41.02,2.36603061356284,0.589132073480285,-1.1
41.025,2.36651722588278,0.588440599996246,-1.1
41.03,2.36700026192404,0.587749841767944,-1.1
41.035,2.36748234429099,0.587058010656036,-1.1
41.04,2.36796657242514,0.586364093381561,-1.1
41.045,2.36845294632651,0.58566761310736,-1.1
41.05,2.3689390818093,0.584969046670593,-1.1
41.055,2.36942402519919,0.584268930513061,-1.1
41.06,2.36990610756613,0.583568397123016,-1.1
41.065,2.37038318314291,0.582868817407287,-1.1
41.07,2.37085620560385,0.582169893342651,-1.1
41.075,2.37132827439047,0.581470730859435,-1.1
41.08,2.37180082001425,0.580770435887969,-1.1
41.085,2.37227336563803,0.580068650800384,-1.1
41.09,2.37274591126181,0.579366090852416,-1.1
41.095,2.37321845688559,0.578662756044067,-1.1
41.1,2.37369219460226,0.577957573491729,-1.1
41.105,2.37417046227194,0.577249708730377,-1.1
41.11,2.37465254463889,0.57653892334143,-1.1
41.115,2.37513462700583,0.575825813371337,-1.1
41.12,2.37561504044272,0.575110498029388,-1.1
41.125,2.3760921160195,0.574393990594543,-1.1
41.13,2.37656227745749,0.573678317624725,-1.1
41.135,2.37702480950095,0.572964373189605,-1.1
41.14,2.3774828115914,0.57225185926596,-1.1
41.145,2.3779391447518,0.571539941388763,-1.1
41.15,2.37839428581931,0.570827487069762,-1.1
41.155,2.37884895004965,0.570113304216064,-1.1
41.16,2.37930361428,0.569396975595153,-1.1
41.165,2.37975613274313,0.568679454881347,-1.1
41.17,2.38020579018332,0.567961874562896,-1.1
41.175,2.38065473236777,0.567243757802642,-1.1
41.18,2.38110486664511,0.566523674089111,-1.1
41.185,2.38155571617819,0.565801086980499,-1.1
41.19,2.38200370468832,0.565077426988281,-1.1
41.195,2.38244358696677,0.564354065019286,-1.1
41.2,2.38287464775778,0.563631537515319,-1.1
41.205,2.39139715477502,0.566757140296423,-1.1
41.21,2.39181629463708,0.566036520141088,-1.1
41.215,2.39222995087182,0.565317568915808,-1.1
41.22,2.3926397924093,0.564599452155554,-1.1
41.225,2.39304748817956,0.563881573813879,-1.1
41.23,2.39345375343835,0.563162980216467,-1.1
41.235,2.39386025711572,0.562442598479711,-1.1
41.24,2.39426938339746,0.561719415324652,-1.1
41.245,2.39468089386498,0.560993430751287,-1.1
41.25,2.39509216591394,0.560266015666448,-1.1
41.255,2.39550129219567,0.559538719790899,-1.1
41.26,2.39590731903588,0.558812079566442,-1.1
41.265,2.39631120010888,0.558085677760565,-1.1
41.27,2.39671531960046,0.557358381885015,-1.1
41.275,2.39712015434777,0.556629774707281,-1.1
41.28,2.39752427383935,0.555900094645941,-1.1
41.285,2.39792720123803,0.555169222491705,-1.1
41.29,2.3983291749624,0.554437217849218,-1.1
41.295,2.39872995659387,0.553704974788153,-1.1
41.3,2.39912835403955,0.5529731489596,-1.1
41.305,2.39952532097375,0.552241740363561,-1.1
41.31,2.39992324158227,0.551509974139654,-1.1
41.315,2.40032306953942,0.550777075427496,-1.1
41.32,2.40072528168237,0.55004232897135,-1.1
41.325,2.40113035484826,0.549305257934057,-1.1
41.33,2.40153781219995,0.548565862315618,-1.1
41.335,2.40194622322595,0.547824857371771,-1.1
41.34,2.40235534950769,0.547083017962896,-1.1
41.345,2.40276519104516,0.546340642112219,-1.1
41.35,2.40317622467553,0.545597729819738,-1.1
41.355,2.40358964249169,0.544852910178625,-1.1
41.36,2.40400520607507,0.544105050700628,-1.1
41.365,2.40442100807702,0.543354210990392,-1.1
41.37,2.40483251854455,0.542601940768682,-1.1
41.375,2.40523568436181,0.541850385802709,-1.1
41.38,2.40563026711022,0.541101572650396,-1.1
41.385,2.40601865097558,0.540355739730322,-1.1
41.39,2.40640441223657,0.539611218112432,-1.1
41.395,2.40679231926477,0.538865921634161,-1.1
41.4,2.40718308731591,0.538118598597967,-1.1
41.405,2.42270804518824,0.545556554304363,-1.1
41.41,2.42309905165797,0.544804701315166,-1.1
41.415,2.42349148863917,0.544050344930889,-1.1
41.42,2.42388487929469,0.543294558035137,-1.1
41.425,2.42427636260157,0.542538413511517,-1.1
41.43,2.4246661769784,0.541782328592541,-1.1
41.435,2.42505551451808,0.541025766836407,-1.1
41.44,2.42544413680201,0.540268489824535,-1.1
41.445,2.42583228224879,0.539510497556927,-1.1
41.45,2.42622066611415,0.53875202845216,-1.1
41.455,2.42660952681666,0.537992546068432,-1.1
41.46,2.42700005644923,0.537231573568584,-1.1
41.465,2.42739201659327,0.536469289766552,-1.1
41.47,2.4277818309701,0.53570688675523,-1.1
41.475,2.42816735381251,0.534945318208935,-1.1
41.48,2.42854953879481,0.534184226499798,-1.1
41.485,2.42892981642848,0.533423134790661,-1.1
41.49,2.42930890196925,0.532661983476879,-1.1
41.495,2.42968584174281,0.531901666628124,-1.1
41.5,2.430060158912,0.531142839895489,-1.1
41.505,2.43043399924403,0.530384311186077,-1.1
41.51,2.43081093901759,0.529624232755901,-1.1
41.515,2.43119193190699,0.528861829744579,-1.1
41.52,2.43157364005214,0.528097400175335,-1.1
41.525,2.43195177191859,0.527332434164288,-1.1
41.53,2.43232513541346,0.526568243013622,-1.1
41.535,2.43269373053675,0.525805422769787,-1.1
41.54,2.4330594646371,0.525044509874584,-1.1
41.545,2.4334256755746,0.524284848676922,-1.1
41.55,2.43379403227931,0.523525187479259,-1.1
41.555,2.4341671573556,0.522764513002636,-1.1
41.56,2.43454624289637,0.52200193117738,-1.1
41.565,2.43493081206446,0.521236607538464,-1.1
41.57,2.43532205695277,0.520468363271954,-1.1
41.575,2.43571950072413,0.519697436796429,-1.1
41.58,2.43611980551844,0.518925258623363,-1.1
41.585,2.43652082556849,0.51815260361314,-1.1
41.59,2.43692184561854,0.517379531370403,-1.1
41.595,2.43732334250575,0.516606101499798,-1.1
41.6,2.43772460097438,0.515832433210613,-1.1
41.605,2.45480744277514,0.525749785076928,-1.1
41.61,2.45520989333666,0.524974388253045,-1.1
41.615,2.45561448966539,0.524196905266595,-1.1
41.62,2.45601908599413,0.523417574536157,-1.1
41.625,2.45641843711413,0.52263776696856,-1.1
41.63,2.45681087409533,0.521859568726373,-1.1
41.635,2.45719782744921,0.521082979809594,-1.1
41.64,2.45758382712877,0.520307225357842,-1.1
41.645,2.45797316466845,0.519530755650353,-1.1
41.65,2.45836464797533,0.518753093849969,-1.1
41.655,2.45875422393358,0.517974537979913,-1.1
41.66,2.45913903152025,0.517195743691278,-1.1
41.665,2.45951764022387,0.516417903076959,-1.1
41.67,2.45989076530016,0.515641492974114,-1.1
41.675,2.46026031409777,0.514866692196679,-1.1
41.68,2.4606284323839,0.514093262326074,-1.1
41.685,2.46099440490282,0.513321501385522,-1.1
41.69,2.46135799323595,0.512550098072839,-1.1
41.695,2.46172015105761,0.511777741085839,-1.1
41.7,2.4620818320421,0.511003774773431,-1.1
41.705,2.46243922149218,0.510229331623864,-1.1
41.71,2.46278898154772,0.509457153450799,-1.1
41.715,2.46313135062731,0.508688372742486,-1.1
41.72,2.46347038184679,0.507922274243188,-1.1
41.725,2.46381227408922,0.507157129418206,-1.1
41.73,2.46415893470324,0.50639192498858,-1.1
41.735,2.46450893317736,0.505626362931085,-1.1
41.74,2.46486226951159,0.50486056245501,-1.1
41.745,2.46522228156603,0.504093987118554,-1.1
41.75,2.46559206878222,0.503326040875268,-1.1
41.755,2.4659733000902,0.502556485306573,-1.1
41.76,2.46636359130419,0.501784724366021,-1.1
41.765,2.46675888930834,0.501011115681481,-1.1
41.77,2.46715466414965,0.500236076485467,-1.1
41.775,2.46754710113085,0.499461156498742,-1.1
41.78,2.46793548499621,0.498687547814202,-1.1
41.785,2.46832219993151,0.497915071617913,-1.1
41.79,2.46871082221544,0.49714366830523,-1.1
41.795,2.46910278235949,0.496372980248284,-1.1
41.8,2.46949641143358,0.495602411400628,-1.1
41.805,2.48692150255019,0.50784290404469,-1.1
41.81,2.48732156892593,0.507069652988019,-1.1
41.815,2.48772401948745,0.506294673396649,-1.1
41.82,2.48812647004897,0.505518918944897,-1.1
41.825,2.48852653642471,0.504743820144238,-1.1
41.83,2.48892350335891,0.50396973462254,-1.1
41.835,2.4893195166188,0.503196543170514,-1.1
41.84,2.48971719880874,0.502423828555646,-1.1
41.845,2.49011607309158,0.501651054336133,-1.1
41.85,2.49051494737441,0.500878220511975,-1.1
41.855,2.49091358323867,0.500105744315686,-1.1
41.86,2.49131126542861,0.499334042979779,-1.1
41.865,2.49170799394424,0.498563116504254,-1.1
41.87,2.4921054377156,0.497792964889111,-1.1
41.875,2.49250335832412,0.497024005366864,-1.1
41.88,2.49289984842117,0.496257251216473,-1.1
41.885,2.49329586168105,0.495492165996136,-1.1
41.89,2.49369568963821,0.494728094054761,-1.1
41.895,2.49410267015273,0.493963604880871,-1.1
41.9,2.49451561113174,0.493197864009442,-1.1
41.905,2.49493141313369,0.492432063533368,-1.1
41.91,2.49534578462417,0.491666918708386,-1.1
41.915,2.49575681825454,0.49090284676701,-1.1
41.92,2.49616761346633,0.490139668895306,-1.1
41.925,2.49657936235244,0.489377742721142,-1.1
41.93,2.49698968072707,0.488616770221295,-1.1
41.935,2.49739737649734,0.487856691791119,-1.1
41.94,2.49780364175613,0.487097686244549,-1.1
41.945,2.49820799966628,0.486339634372296,-1.1
41.95,2.4986116423207,0.485583072616162,-1.1
41.955,2.49901766916091,0.484827702952923,-1.1
41.96,2.49942727227981,0.484072869731488,-1.1
41.965,2.49984069009597,0.483318274928631,-1.1
41.97,2.5002567305165,0.482563858939709,-1.1
41.975,2.50067277093703,0.481810217811169,-1.1
41.98,2.50108928819472,0.48105758996159,-1.1
41.985,2.50150842805679,0.48030531973988,-1.1
41.99,2.50193233629043,0.479552870704236,-1.1
41.995,2.50235958238418,0.47880077929646,-1.1
42,2.50278563638503,0.478049641563,-1.1
42.005,2.5207375969759,0.49339968399539,-1.1
42.01,2.52116222046528,0.492650453610563,-1.1
42.015,2.52159018181477,0.491901998086118,-1.1
42.02,2.52202124260578,0.491154257817411,-1.1
42.025,2.52245492600117,0.490406755967283,-1.1
42.03,2.52289170883808,0.489658360047483,-1.1
42.035,2.52333135269794,0.488909368081236,-1.1
42.04,2.52377147339497,0.488160435719633,-1.1
42.045,2.5242092099062,0.487412397427702,-1.1
42.05,2.52464480065021,0.48666584925189,-1.1
42.055,2.52507943771992,0.48592019514575,-1.1
42.06,2.52551169060383,0.485174898667478,-1.1
42.065,2.52593893669758,0.484430436654234,-1.1
42.07,2.5263573613039,0.483687583966398,-1.1
42.075,2.52676672600422,0.482947115464353,-1.1
42.08,2.52717227600727,0.482209567589903,-1.1
42.085,2.52757973335895,0.481474046273374,-1.1
42.09,2.52799172066364,0.480739955468321,-1.1
42.095,2.5284075226656,0.480006758732939,-1.1
42.1,2.52882332466755,0.47927386002078,-1.1
42.105,2.52923769615803,0.478541616959715,-1.1
42.11,2.52965159081135,0.477810685200834,-1.1
42.115,2.53006596230183,0.477081779999876,-1.1
42.12,2.53048319481525,0.476355378193998,-1.1
42.125,2.53090495728168,0.475630824132108,-1.1
42.13,2.53133101128254,0.47490740255847,-1.1
42.135,2.5317604031435,0.474185411496305,-1.1
42.14,2.53219146393452,0.473464612527036,-1.1
42.145,2.53262586258564,0.472744648022794,-1.1
42.15,2.53306741379414,0.472025458378935,-1.1
42.155,2.53351587914143,0.471306745572233,-1.1
42.16,2.53396672867451,0.470588628811979,-1.1
42.165,2.53441590927753,0.469871525330686,-1.1
42.17,2.53486175202045,0.469155792756223,-1.1
42.175,2.53530568741474,0.468441788716459,-1.1
42.18,2.5357510533205,0.467729394002104,-1.1
42.185,2.53620047234211,0.467018429799223,-1.1
42.19,2.53665394447956,0.466308598084593,-1.1
42.195,2.5371098008028,0.465599660439634,-1.1
42.2,2.5375673260561,0.464890961213255,-1.1
42.205,2.55445290928484,0.482500689817084,-1.1
42.21,2.5549130571425,0.481792288613929,-1.1
42.215,2.55537129765154,0.481084900689734,-1.1
42.22,2.55582596188188,0.48037876446308,-1.1
42.225,2.55627943401933,0.479673164678229,-1.1
42.23,2.55673362141252,0.478967743707313,-1.1
42.235,2.55718733196855,0.478262859178199,-1.1
42.24,2.55763841992021,0.477558689904822,-1.1
42.245,2.55808736210466,0.476855891538276,-1.1
42.25,2.55853701954485,0.476155417752875,-1.1
42.255,2.55898858433366,0.4754575069672,-1.1
42.26,2.55944301014543,0.474761443925513,-1.1
42.265,2.55990172749162,0.474066990209235,-1.1
42.27,2.56036378269792,0.473374086213721,-1.1
42.275,2.56082702999712,0.472682791543616,-1.1
42.28,2.56129289990068,0.471993404222144,-1.1
42.285,2.56176473026872,0.471306341481818,-1.1
42.29,2.56224347477556,0.470621960950507,-1.1
42.295,2.56272794132829,0.469939726186408,-1.1
42.3,2.56321693783403,0.46925862391056,-1.1
42.305,2.56370974903703,0.468578534913672,-1.1
42.31,2.56420351391435,0.46789987642826,-1.1
42.315,2.56469608669878,0.46722312529148,-1.1
42.32,2.56519008999468,0.466548817945136,-1.1
42.325,2.56568957691789,0.465877252412452,-1.1
42.33,2.56619526272417,0.465208428693427,-1.1
42.335,2.56670547848344,0.464541631532325,-1.1
42.34,2.56721903210283,0.463876145673408,-1.1
42.345,2.56773663883806,0.463212269139899,-1.1
42.35,2.56825853710771,0.462549823117866,-1.1
42.355,2.56878448849321,0.461888867211951,-1.1
42.36,2.56931496983171,0.461229937863959,-1.1
42.365,2.56984807377458,0.460573094678534,-1.1
42.37,2.57038213139177,0.459917920423163,-1.1
42.375,2.57091809635759,0.459264355493201,-1.1
42.38,2.57145668392778,0.458612459493293,-1.1
42.385,2.57199765568376,0.457962292028083,-1.1
42.39,2.57254172688127,0.457313853097571,-1.1
42.395,2.57309032803178,0.456667142701758,-1.1
42.4,2.57364369755388,0.45602186281742,-1.1
42.405,2.58902241060687,0.475641576234653,-1.1
42.41,2.58957959482623,0.474998680536106,-1.1
42.415,2.59013630220844,0.474357096139744,-1.1
42.42,2.5906934864278,0.473716346208408,-1.1
42.425,2.59125377008868,0.473076549951389,-1.1
42.43,2.59181643793536,0.47243800539191,-1.1
42.435,2.59237886736347,0.471801248971775,-1.1
42.44,2.5929420120473,0.471166638318851,-1.1
42.445,2.59351064035846,0.47053417343314,-1.1
42.45,2.59408689806415,0.469903913919285,-1.1
42.455,2.59466768572284,0.469275442544773,-1.1
42.46,2.59524775812579,0.468648401681736,-1.1
42.465,2.59582568476154,0.468023327771976,-1.1
42.47,2.59640480349017,0.467400518838718,-1.1
42.475,2.59698845217181,0.466780511323765,-1.1
42.48,2.5975773460622,0.466163662854984,-1.1
42.485,2.59816910097553,0.465549496595218,-1.1
42.49,2.59876324007465,0.464937356893375,-1.1
42.495,2.59936119387103,0.464327184144809,-1.1
42.5,2.59996296236469,0.463718978349521,-1.1
42.505,2.60056711504413,0.463112083856418,-1.1
42.51,2.60117222139789,0.462506679479435,-1.1
42.515,2.60177661249591,0.46190288442786,-1.1
42.52,2.60237814257098,0.461300937120273,-1.1
42.525,2.60297752687885,0.460701612417057,-1.1
42.53,2.60357834169818,0.460105446760013,-1.1
42.535,2.6041839248891,0.459511963311985,-1.1
42.54,2.60479666063739,0.458920744840458,-1.1
42.545,2.60541464159442,0.458330956880405,-1.1
42.55,2.60603357622577,0.457741526548221,-1.1
42.555,2.60665084192706,0.45715287107642,-1.1
42.56,2.60726620027972,0.456566063348606,-1.1
42.565,2.60788084337665,0.45598235506232,-1.1
42.57,2.60849787065936,0.45540258068259,-1.1
42.575,2.60912085840656,0.454826919023349,-1.1
42.58,2.6097524292226,0.454253939573124,-1.1
42.585,2.61039282152606,0.453682629052952,-1.1
42.59,2.61103893587543,0.453112212602451,-1.1
42.595,2.61168624231769,0.452542809430912,-1.1
42.6,2.61233354875995,0.451975730840519,-1.1
42.605,2.62602946647342,0.473697256688887,-1.1
42.61,2.62668559440311,0.473138701562696,-1.1
42.615,2.62734982856449,0.472584616784864,-1.1
42.62,2.62802240737613,0.472032737378889,-1.1
42.625,2.62870380767521,0.471481871251875,-1.1
42.63,2.62939140685733,0.470930587892347,-1.1
42.635,2.63008067496952,0.470378350858503,-1.1
42.64,2.6307687509888,0.469826948289686,-1.1
42.645,2.63145348914798,0.469277572278791,-1.1
42.65,2.63213393577274,0.468730878476912,-1.1
42.655,2.63281295188602,0.468187343721205,-1.1
42.66,2.63349244483646,0.467646669988447,-1.1
42.665,2.6341731298798,0.467107963208967,-1.1
42.67,2.63485691436466,0.466571104173475,-1.1
42.675,2.63554594405826,0.466036271695906,-1.1
42.68,2.63624069579776,0.465503942613417,-1.1
42.685,2.63693878539737,0.464974772577101,-1.1
42.69,2.63763711341556,0.464448701982313,-1.1
42.695,2.63833448775943,0.463925790433699,-1.1
42.7,2.63903448470768,0.463405382280165,-1.1
42.705,2.63973948844608,0.462887298707777,-1.1
42.71,2.64044759162601,0.462370943670088,-1.1
42.715,2.64115450271305,0.461854886655622,-1.1
42.72,2.64185902961429,0.461339604501539,-1.1
42.725,2.64256307967838,0.460826229696089,-1.1
42.73,2.64326641448673,0.460315477495008,-1.1
42.735,2.64396927245792,0.45980687106114,-1.1
42.74,2.64467260726627,0.459300171975904,-1.1
42.745,2.64537713416752,0.458794903402143,-1.1
42.75,2.64608166106876,0.458290588502699,-1.1
42.755,2.64678547271427,0.457787227277571,-1.1
42.76,2.64748999961551,0.457285475377851,-1.1
42.765,2.64819667228397,0.456786226873213,-1.1
42.77,2.64890501388248,0.456289541368299,-1.1
42.775,2.64961430915531,0.455795061235243,-1.1
42.78,2.65032527335819,0.455302369241529,-1.1
42.785,2.65103862174686,0.454810750131422,-1.1
42.79,2.65175411590274,0.454320144300276,-1.1
42.795,2.65246961005863,0.453830074910933,-1.1
42.8,2.65318391212162,0.453339647893721,-1.1
42.805,2.66465712590265,0.476572036086529,-1.1
42.81,2.6653673748498,0.476082085906475,-1.1
42.815,2.66607190175104,0.475591837703197,-1.1
42.82,2.66677118344355,0.475101231872051,-1.1
42.825,2.66746951146174,0.474611579715221,-1.1
42.83,2.66816903157282,0.4741235368838,-1.1
42.835,2.66887093586969,0.473637222587078,-1.1
42.84,2.66957737011957,0.473153471290081,-1.1
42.845,2.67028881115961,0.472673057853191,-1.1
42.85,2.67100382847834,0.472195565043896,-1.1
42.855,2.67172146840143,0.471720873652904,-1.1
42.86,2.67244244618464,0.471249460517376,-1.1
42.865,2.67316676182795,0.470780789195507,-1.1
42.87,2.67389370007563,0.470315157710522,-1.1
42.875,2.67462397618342,0.469852923690289,-1.1
42.88,2.67535782856989,0.469393789111584,-1.1
42.885,2.67609716458368,0.468938171206921,-1.1
42.89,2.67684174580622,0.468486546813457,-1.1
42.895,2.67758871121454,0.468038319884747,-1.1
42.9,2.67833734555292,0.467592953978985,-1.1
42.905,2.67909098668146,0.467151939212292,-1.1
42.91,2.6798515419488,0.466715752421825,-1.1
42.915,2.68061805768061,0.466283499537914,-1.1
42.92,2.68138958020258,0.465854763328045,-1.1
42.925,2.68216587109614,0.465429186164349,-1.1
42.93,2.68294573826838,0.465006231605022,-1.1
42.935,2.68372846646357,0.464585601626842,-1.1
42.94,2.68451310200739,0.464167415439098,-1.1
42.945,2.68529869122553,0.463751375018566,-1.1
42.95,2.68608451886225,0.463337241946667,-1.1
42.955,2.68687130017328,0.462925195037334,-1.1
42.96,2.68765975041437,0.462515413104504,-1.1
42.965,2.68845058484125,0.462107836543529,-1.1
42.97,2.68924356503534,0.461702107726543,-1.1
42.975,2.69003845257807,0.461298226653545,-1.1
42.98,2.69083477063227,0.460895656882732,-1.1
42.985,2.69163156552363,0.460494159995525,-1.1
42.99,2.6924281219964,0.46009355717799,-1.1
42.995,2.69322396321344,0.459693908034771,-1.1
43,2.69401837391901,0.459295570193737,-1.1
43.005,2.7031407456741,0.483955765012603,-1.1
43.01,2.70393777898404,0.483561361078124,-1.1
43.015,2.70473981908414,0.483169222120147,-1.1
43.02,2.70554472020718,0.482778036836486,-1.1
43.025,2.70634819081876,0.482385599855285,-1.1
43.03,2.70714832357022,0.48199149394403,-1.1
43.035,2.70794607213589,0.481597626451354,-1.1
43.04,2.70874310544583,0.481205189470153,-1.1
43.045,2.70954061559293,0.480815196279388,-1.1
43.05,2.71033931783292,0.480427885297637,-1.1
43.055,2.71113849691006,0.480042004827362,-1.1
43.06,2.71193767598721,0.479656958822113,-1.1
43.065,2.71273613980862,0.479273164514404,-1.1
43.07,2.71353412679288,0.478891098741394,-1.1
43.075,2.7143335442886,0.478511834386688,-1.1
43.08,2.71513725331876,0.47813704038034,-1.1
43.085,2.71594501546475,0.477766299489837,-1.1
43.09,2.7167544465408,0.477397823575836,-1.1
43.095,2.71756435445401,0.477031612638336,-1.1
43.1,2.71837473920438,0.47666832232843,-1.1
43.105,2.71918774655911,0.476308548692565,-1.1
43.11,2.72000766805264,0.475954795125823,-1.1
43.115,2.72083569577786,0.475607240442138,-1.1
43.12,2.72166944554898,0.475263381246429,-1.1
43.125,2.72250701001736,0.474921727422576,-1.1
43.13,2.72334576657864,0.474581444505554,-1.1
43.135,2.72418261579129,0.474241817239623,-1.1
43.14,2.72501779607388,0.473903739694457,-1.1
43.145,2.72585464528653,0.473569417241912,-1.1
43.15,2.72669602445218,0.473239565137725,-1.1
43.155,2.72754193357083,0.472912752870422,-1.1
43.16,2.72838975003812,0.47258695388208,-1.1
43.165,2.72923708966824,0.472260439638,-1.1
43.17,2.73008204511258,0.471932256463867,-1.1
43.175,2.73092437795254,0.471603775266509,-1.1
43.18,2.73176408818814,0.471276247743469,-1.1
43.185,2.73260046056363,0.470950269941192,-1.1
43.19,2.73343659452054,0.470626616720062,-1.1
43.195,2.73427654317471,0.470306480172973,-1.1
43.2,2.73512126020047,0.469989681485992,-1.1
43.205,2.74210989147329,0.498659233089336,-1.1
43.21,2.74296128421926,0.498346189494975,-1.1
43.215,2.74381625324392,0.49803582810963,-1.1
43.22,2.74467384487295,0.497727791305431,-1.1
43.225,2.74553310543203,0.497422257896312,-1.1
43.23,2.74639331966543,0.497118631835826,-1.1
43.235,2.7472549644103,0.496816674705394,-1.1
43.24,2.74812042385244,0.496517638202556,-1.1
43.245,2.74899065166616,0.496221820350536,-1.1
43.25,2.74986230999135,0.495928982730754,-1.1
43.255,2.75073301464223,0.495639006133922,-1.1
43.26,2.75160443454885,0.495352486606486,-1.1
43.265,2.75248133808279,0.495071927543529,-1.1
43.27,2.75336563259267,0.494797865386851,-1.1
43.275,2.75425398021841,0.494528035159953,-1.1
43.28,2.75514399677419,0.494260946746715,-1.1
43.285,2.75603639751577,0.49399677896107,-1.1
43.29,2.75693285137319,0.493737260337718,-1.1
43.295,2.75783335834646,0.493482510085948,-1.1
43.3,2.75873553424978,0.493230561252483,-1.1
43.305,2.75963747173452,0.492980221744426,-1.1
43.31,2.76053845554494,0.492730835910686,-1.1
43.315,2.76143705516958,0.492481807704814,-1.1
43.32,2.76233422428274,0.492233733173259,-1.1
43.325,2.76323234707021,0.49198798322285,-1.1
43.33,2.76413213878774,0.491744975086101,-1.1
43.335,2.76503216892385,0.491503159042247,-1.1
43.34,2.76593029171133,0.491261402603038,-1.1
43.345,2.76682483822011,0.491020003791698,-1.1
43.35,2.76771652370595,0.490779975887187,-1.1
43.355,2.76860987812185,0.490544060703166,-1.1
43.36,2.76951062351369,0.490314880844005,-1.1
43.365,2.77041923671865,0.490092197891124,-1.1
43.37,2.77133142620229,0.489872316356547,-1.1
43.375,2.77224361568593,0.489652613635905,-1.1
43.38,2.773155566751,0.489434281822093,-1.1
43.385,2.77406799465322,0.489219287868388,-1.1
43.39,2.77498232990407,0.489009002681621,-1.1
43.395,2.77590191036367,0.488804975982555,-1.1
43.4,2.7768291202178,0.488606909747966,-1.1
43.405,2.78046857843641,0.519286202086262,-1.1
43.41,2.78140294084791,0.519089327944569,-1.1
43.415,2.7823339653993,0.518888937128834,-1.1
43.42,2.78325807581189,0.518684195174031,-1.1
43.425,2.78417646417859,0.51847736705666,-1.1
43.43,2.78509270677808,0.518271969450764,-1.1
43.435,2.78600918779615,0.518069850100331,-1.1
43.44,2.78692781458143,0.517870651377492,-1.1
43.445,2.78784954080823,0.517674432886891,-1.1
43.45,2.78877436647657,0.51748095620995,-1.1
43.455,2.78970086107496,0.517289267672352,-1.1
43.46,2.79062759409192,0.517099844111256,-1.1
43.465,2.79155408869031,0.516913400782399,-1.1
43.47,2.79248010645154,0.516729818476491,-1.1
43.475,2.79340636263135,0.516549395216755,-1.1
43.48,2.79433285722974,0.516372190607838,-1.1
43.485,2.79525935182813,0.51619796623116,-1.1
43.49,2.79618775377515,0.516027794970326,-1.1
43.495,2.79712116251233,0.515864239825062,-1.1
43.5,2.79806100855115,0.515708671702199,-1.1
43.505,2.79900586138013,0.515559302462391,-1.1
43.51,2.79995381365064,0.515414105547719,-1.1
43.515,2.80090319643262,0.515272067679219,-1.1
43.52,2.80185281763318,0.515131817950062,-1.1
43.525,2.80280243883375,0.514993296755604,-1.1
43.53,2.80375277529004,0.514856802119069,-1.1
43.535,2.80470335016492,0.514722036017232,-1.1
43.54,2.80565225610975,0.514588044775776,-1.1
43.545,2.8065985394502,0.51445315946465,-1.1
43.55,2.80754291544202,0.514317797316365,-1.1
43.555,2.80848705301526,0.514183031214528,-1.1
43.56,2.80942952165845,0.514047669066243,-1.1
43.565,2.81036865244153,0.513910936011128,-1.1
43.57,2.81130492220167,0.513773249281697,-1.1
43.575,2.81223928461316,0.513635800970845,-1.1
43.58,2.81317293176893,0.513500081194691,-1.1
43.585,2.81410681734327,0.513366030348591,-1.1
43.59,2.81504117975477,0.513234065665059,-1.1
43.595,2.8159774495149,0.51310502160912,-1.1
43.6,2.8169151497865,0.512978480948262,-1.1
43.605,2.81696040041678,0.541262683877102,-1.1
43.61,2.81790167696707,0.541142640122525,-1.1
43.615,2.81884509928458,0.541026411065213,-1.1
43.62,2.81979162104361,0.540913460263363,-1.1
43.625,2.82074195749991,0.540803489693753,-1.1
43.63,2.82169420130484,0.540694949635617,-1.1
43.635,2.82264572985403,0.540585336693875,-1.1
43.64,2.82359558947318,0.540475366124264,-1.1
43.645,2.824544495418,0.540367481717221,-1.1
43.65,2.82549292452567,0.540262219914547,-1.1
43.655,2.82644183047049,0.540159580716244,-1.1
43.66,2.82739145167105,0.540059385308377,-1.1
43.665,2.82834035761588,0.539959666737668,-1.1
43.67,2.82928711779349,0.539858875283352,-1.1
43.675,2.83023244745963,0.539758501061551,-1.1
43.68,2.83117777712576,0.539660570630185,-1.1
43.685,2.8321231067919,0.539565382012478,-1.1
43.69,2.83306819803946,0.539472577580563,-1.1
43.695,2.83401257403128,0.539381263264767,-1.1
43.7,2.83495504267447,0.539290723809353,-1.1
43.705,2.8358958423876,0.53920143605148,-1.1
43.71,2.8368371189379,0.539114949711911,-1.1
43.715,2.83778125651114,0.539034423836819,-1.1
43.72,2.83872897036307,0.538960931309811,-1.1
43.725,2.83967811472647,0.538892683991543,-1.1
43.73,2.84062916643851,0.538829324254147,-1.1
43.735,2.84158450968497,0.53877293826019,-1.1
43.74,2.84254533655875,0.538724181660763,-1.1
43.745,2.84350997812979,0.538680610665432,-1.1
43.75,2.84447628863089,0.538640913972012,-1.1
43.755,2.84544331438773,0.538604674347989,-1.1
43.76,2.84641081698172,0.538572070607297,-1.1
43.765,2.84738070376151,0.538544831284634,-1.1
43.77,2.84835440523856,0.53852331400787,-1.1
43.775,2.84933120615714,0.538505909451596,-1.1
43.78,2.85030872233145,0.538489816197506,-1.1
43.785,2.85128433115714,0.53847300768768,-1.1
43.79,2.85225827105277,0.538456735619656,-1.1
43.795,2.85323268778555,0.538443980225674,-1.1
43.8,2.85420901186697,0.538436589249722,-1.1
43.805,2.85138291517032,0.565027471527393,-1.1
43.81,2.85236353078617,0.565029021248157,-1.1
43.815,2.85334724584354,0.565033908829029,-1.1
43.82,2.85433286824955,0.565041597828205,-1.1
43.825,2.85531896749271,0.565050419315632,-1.1
43.83,2.85630530515445,0.565060552105244,-1.1
43.835,2.85729307332767,0.565075393661793,-1.1
43.84,2.85828179517521,0.565095897659595,-1.1
43.845,2.85927075544132,0.565121110424335,-1.1
43.85,2.86026257673038,0.565153237327869,-1.1
43.855,2.86125916639103,0.56519406650954,-1.1
43.86,2.86225957074894,0.565241571411426,-1.1
43.865,2.86326212087406,0.565294023498829,-1.1
43.87,2.86426705518497,0.565351303562458,-1.1
43.875,2.86527342000736,0.565413530811603,-1.1
43.88,2.86628026166691,0.56547939394408,-1.1
43.885,2.86728614965214,0.565547224029835,-1.1
43.89,2.86829132238163,0.565616723045643,-1.1
43.895,2.86929530301822,0.565686937317188,-1.1
43.9,2.87029689946903,0.565756913170154,-1.1
43.905,2.87129539647831,0.565827067837055,-1.1
43.91,2.87229103246464,0.565898891434009,-1.1
43.915,2.87328690686954,0.565975244983967,-1.1
43.92,2.87428611913456,0.566059525951679,-1.1
43.925,2.87528890767826,0.566151197895344,-1.1
43.93,2.87629312673343,0.566245492443378,-1.1
43.935,2.87729686895145,0.566340383037861,-1.1
43.94,2.87829965749515,0.566435929283436,-1.1
43.945,2.8793007771088,0.566532250389393,-1.1
43.95,2.88030046621097,0.566630061611469,-1.1
43.955,2.88129920163883,0.566729720577534,-1.1
43.96,2.88229674497379,0.566830333217914,-1.1
43.965,2.88329309621586,0.566930528625782,-1.1
43.97,2.88428801694645,0.567029472336109,-1.1
43.975,2.88528079190983,0.567127879604633,-1.1
43.98,2.88627189794315,0.567226227268513,-1.1
43.985,2.88726181188358,0.567326065048511,-1.1
43.99,2.88825148740543,0.567429538711841,-1.1
43.995,2.88924068609012,0.567535933002766,-1.1
44,2.89022940793766,0.567645009502704,-1.1
44.005,2.88494648913716,0.592621072463256,-1.1
44.01,2.88593878726339,0.592740937403899,-1.1
44.015,2.8869334695754,0.592867239646178,-1.1
44.02,2.88793077449178,0.592999800376159,-1.1
44.025,2.88893165568685,0.593139990500671,-1.1
44.03,2.88993587474202,0.593287154368621,-1.1
44.035,2.89094247798299,0.59344004028247,-1.1
44.04,2.89195098857259,0.593598648242217,-1.1
44.045,2.8929616449294,0.593762918643218,-1.1
44.05,2.89397373179769,0.593932553462249,-1.1
44.055,2.89498581866597,0.594106360606414,-1.1
44.06,2.89599647502278,0.594282194308501,-1.1
44.065,2.89700570086812,0.594460173777801,-1.1
44.07,2.89801516513204,0.594642504386169,-1.1
44.075,2.89902534465169,0.594829305342895,-1.1
44.08,2.90003552417134,0.595019444159728,-1.1
44.085,2.90104475001668,0.595212086371642,-1.1
44.09,2.90205278376912,0.595406159095031,-1.1
44.095,2.90305962542867,0.595602616004211,-1.1
44.1,2.90406575183248,0.595802828006011,-1.1
44.105,2.90506973246907,0.596005245379668,-1.1
44.11,2.90607180575704,0.596210225753051,-1.1
44.115,2.90707435588216,0.596420749358398,-1.1
44.12,2.90807952861165,0.596638246707183,-1.1
44.125,2.90908684710836,0.596861287287933,-1.1
44.13,2.9100936887679,0.597086712054473,-1.1
44.135,2.91109790782308,0.597311481169921,-1.1
44.14,2.91209950427388,0.59753738277362,-1.1
44.145,2.91310014705037,0.597768350772125,-1.1
44.15,2.9141015050826,0.598005398444396,-1.1
44.155,2.91510453204488,0.598248525790435,-1.1
44.16,2.91610898951863,0.598496659926635,-1.1
44.165,2.91711344699239,0.598746522597533,-1.1
44.17,2.91811790446614,0.598997100524169,-1.1
44.175,2.91912212352132,0.599249943427306,-1.1
44.18,2.9201251504836,0.599504395655853,-1.1
44.185,2.92112531642293,0.599758132628661,-1.1
44.19,2.92212285975789,0.600011452368957,-1.1
44.195,2.92311921099996,0.600266023806793,-1.1
44.2,2.92411508540486,0.600522085360748,-1.1
44.205,2.91708605441659,0.623052673807256,-1.1
44.21,2.91808192882149,0.623311417570226,-1.1
44.215,2.91907637271493,0.62357045935642,-1.1
44.22,2.92006867084115,0.623829322328679,-1.1
44.225,2.92105977687447,0.624089735021703,-1.1
44.23,2.92205135974496,0.624353545179479,-1.1
44.235,2.92304365787118,0.624621468057744,-1.1
44.24,2.92403571757882,0.624892490377538,-1.1
44.245,2.92502658519356,0.625165777673833,-1.1
44.25,2.92601649913399,0.625442820062749,-1.1
44.255,2.92700688991158,0.625726240148656,-1.1
44.26,2.92799847278206,0.62601711081516,-1.1
44.265,2.92899077090829,0.626313286295049,-1.1
44.27,2.92998211536019,0.626611726751439,-1.1
44.275,2.93097155246346,0.626911716928594,-1.1
44.28,2.93196003589242,0.627214508524053,-1.1
44.285,2.93294875773995,0.627522187700383,-1.1
44.29,2.93393771800606,0.627835112085454,-1.1
44.295,2.9349252477607,0.628150361051671,-1.1
44.3,2.93591039332955,0.628465252390019,-1.1
44.305,2.93689339313119,0.628780680170171,-1.1
44.31,2.93787520083993,0.629098730554692,-1.1
44.315,2.93885629329293,0.62941922472965,-1.1
44.32,2.93983667049019,0.629741745462529,-1.1
44.325,2.94081585559456,0.630065458288304,-1.1
44.33,2.94179170283883,0.630388336649053,-1.1
44.335,2.9427639738044,0.630710440149419,-1.1
44.34,2.94373433742135,0.631035523882024,-1.1
44.345,2.94470541629403,0.631367879381291,-1.1
44.35,2.94567816409676,0.631707923879735,-1.1
44.355,2.94665162715523,0.632052319517247,-1.1
44.36,2.94762485179513,0.632398324480168,-1.1
44.365,2.9485971227607,0.632745342722051,-1.1
44.37,2.9495679632148,0.633093553056828,-1.1
44.375,2.95053737315743,0.633444028368108,-1.1
44.38,2.95150559100716,0.633797603120915,-1.1
44.385,2.95247285518258,0.634153323640935,-1.1
44.39,2.95343940410226,0.634510295858495,-1.1
44.395,2.95440499934762,0.634868042936437,-1.1
44.4,2.9553691640815,0.635226386060826,-1.1
44.405,2.94691586263743,0.655711397957732,-1.1
44.41,2.94787835844127,0.656076118779113,-1.1
44.415,2.94884037740794,0.65644578678601,-1.1
44.42,2.94980263479319,0.656820044350555,-1.1
44.425,2.95076608427134,0.657199070286681,-1.1
44.43,2.95173072584239,0.65758149368756,-1.1
44.435,2.95269560583201,0.657965168785979,-1.1
44.44,2.95365953214732,0.658349380326201,-1.1
44.445,2.95462059743968,0.658734724354674,-1.1
44.45,2.95557808645335,0.659122154545714,-1.1
44.455,2.95653342969981,0.659514233899047,-1.1
44.46,2.95748948820201,0.659914479088714,-1.1
44.465,2.95844697721568,0.660322770905425,-1.1
44.47,2.95940494306651,0.660734639000823,-1.1
44.475,2.96036171682444,0.661147103142669,-1.1
44.48,2.96131729848948,0.661561713051726,-1.1
44.485,2.96227216489878,0.661980435681274,-1.1
44.49,2.96322512395945,0.662403151822021,-1.1
44.495,2.96417546041575,0.662826940846374,-1.1
44.5,2.9651229358491,0.66324977619641,-1.1
44.505,2.9660687423524,0.663673565220763,-1.1
44.51,2.96701287992564,0.664099857640197,-1.1
44.515,2.96795534856883,0.664528772664001,-1.1
44.52,2.96889710195628,0.664961561989715,-1.1
44.525,2.96983885534373,0.665401265454223,-1.1
44.53,2.97077965505687,0.66584657175534,-1.1
44.535,2.97171830900279,0.666293606591155,-1.1
44.54,2.97265577085582,0.666743204426696,-1.1
44.545,2.97359299429026,0.667198643517425,-1.1
44.55,2.97453045614329,0.667660043072631,-1.1
44.555,2.97546791799632,0.668125138115813,-1.1
44.56,2.97640466459361,0.668592796158721,-1.1
44.565,2.97733998067942,0.669061646294524,-1.1
44.57,2.97827386625377,0.669530317616393,-1.1
44.575,2.97920560606089,0.669999286961486,-1.1
44.58,2.98013496168223,0.670468852353026,-1.1
44.585,2.98106217153636,0.670938894581725,-1.1
44.59,2.98198771246043,0.671411857438018,-1.1
44.595,2.98291301496592,0.671890065503051,-1.1
44.6,2.98383784063426,0.67237333996289,-1.1
44.605,2.97457798022482,0.690529825677144,-1.1
44.61,2.97550209063742,0.691023411740529,-1.1
44.615,2.97642691630576,0.69152319668697,-1.1
44.62,2.97735221881125,0.692028644074666,-1.1
44.625,2.97827704447959,0.692537190903889,-1.1
44.63,2.97920139331076,0.693046989430653,-1.1
44.635,2.98012526530478,0.693558874119984,-1.1
44.64,2.98104866046164,0.694073381413685,-1.1
44.645,2.98197038668845,0.694588484753834,-1.1
44.65,2.98288972872946,0.695102157582509,-1.1
44.655,2.98380644816611,0.695614101876485,-1.1
44.66,2.98472030657981,0.69612491368221,-1.1
44.665,2.98563154238913,0.696635069836842,-1.1
44.67,2.98653991717551,0.69714504717754,-1.1
44.675,2.98744495410178,0.697656455029713,-1.1
44.68,2.98834760684226,0.698171617974507,-1.1
44.685,2.98924906748984,0.698694291104542,-1.1
44.69,2.990150766556,0.699227037419545,-1.1
44.695,2.99105341929648,0.699768486012684,-1.1
44.7,2.99195654887412,0.700315060605275,-1.1
44.705,2.99285848635886,0.700863184918629,-1.1
44.71,2.99375827807639,0.701410593976246,-1.1
44.715,2.99465544718955,0.701957645405995,-1.1
44.72,2.99554975527976,0.702506186951863,-1.1
44.725,2.99644120234702,0.703056814660298,-1.1
44.73,2.99733050364707,0.703608813275563,-1.1
44.735,2.9982188512728,0.704163196076619,-1.1
44.74,2.99910672206137,0.70472139357494,-1.1
44.745,2.99999340075705,0.705281796445119,-1.1
44.75,3.0008781721041,0.705842854966389,-1.1
44.755,3.00176127452109,0.706406118859517,-1.1
44.76,3.00264294642661,0.70697307824062,-1.1
44.765,3.00352318782065,0.707542541016804,-1.1
44.77,3.0044022371218,0.708112480630147,-1.1
44.775,3.00527985591147,0.708681704987752,-1.1
44.78,3.00615604418967,0.709249796857106,-1.1
44.785,3.00703127879355,0.70981663702892,-1.1
44.79,3.0079046060488,0.710383000363576,-1.1
44.795,3.00877531069968,0.710947515954243,-1.1
44.8,3.00964291590903,0.711509051312672,-1.1
44.805,2.9999620521226,0.727452516667028,-1.1
44.81,3.00082631947185,0.728017032257696,-1.1
44.815,3.00169010998393,0.728584647289892,-1.1
44.82,3.00255342365886,0.729154348484655,-1.1
44.825,3.00341602207805,0.72972369205155,-1.1
44.83,3.00427718998576,0.730292916409155,-1.1
44.835,3.00513645054484,0.730863571278235,-1.1
44.84,3.00599380375529,0.73143655072846,-1.1
44.845,3.00684877277995,0.73201370250382,-1.1
44.85,3.00770135761882,0.732595265022894,-1.1
44.855,3.00855203510905,0.733181297890326,-1.1
44.86,3.00940199734355,0.733774244896551,-1.1
44.865,3.01025195957805,0.734375536553045,-1.1
44.87,3.01110120655681,0.734982907883307,-1.1
44.875,3.01194878460551,0.735594034306189,-1.1
44.88,3.01279493214274,0.736208856217047,-1.1
44.885,3.01364036442424,0.736828208080908,-1.1
44.89,3.01448460461284,0.737450480572363,-1.1
44.895,3.01532669903422,0.738071084133764,-1.1
44.9,3.0161654555955,0.738686800114294,-1.1
44.905,3.01700015904094,0.739300251118322,-1.1
44.91,3.01783176304484,0.739916145912787,-1.1
44.915,3.01866193653728,0.740538060776373,-1.1
44.92,3.01949163319255,0.741167962662359,-1.1
44.925,3.02032085301066,0.741803228966375,-1.1
44.93,3.02114840389873,0.742438495270392,-1.1
44.935,3.02197333218242,0.743072748295446,-1.1
44.94,3.02279563786174,0.743709802738806,-1.1
44.945,3.02361579777385,0.744353950134893,-1.1
44.95,3.02443500401164,0.745006263367315,-1.1
44.955,3.02525397183085,0.745664954296728,-1.1
44.96,3.02607246281291,0.746326089016577,-1.1
44.965,3.02688928486491,0.746985316387793,-1.1
44.97,3.02770348431254,0.747642517201086,-1.1
44.975,3.02851529957438,0.748301863781591,-1.1
44.98,3.02932616116191,0.748967409245153,-1.1
44.985,3.03013583065654,0.749639392010351,-1.1
44.99,3.03094406963969,0.75031238805451,-1.1
44.995,3.03175111652995,0.750981927029272,-1.1
45,3.03255720974589,0.751650035492559,-1.1
45.005,3.02303935371099,0.765308630029535,-1.1
45.01,3.02384282432256,0.765976917306757,-1.1
45.015,3.02464391074834,0.766644072095728,-1.1
45.02,3.02544285140691,0.767309796373224,-1.1
45.025,3.026240361554,0.767973672906732,-1.1
45.03,3.02703715644536,0.768636476556635,-1.1
45.035,3.02783371291814,0.76929844574151,-1.1
45.04,3.02862907729802,0.769957732717371,-1.1
45.045,3.02942158065496,0.770612668554163,-1.1
45.05,3.0302105077332,0.7712636704844,-1.1
45.055,3.03099514327703,0.771914135972833,-1.1
45.06,3.03177644096074,0.772567820112085,-1.1
45.065,3.03255559287725,0.773226928274011,-1.1
45.07,3.03333355270086,0.7738933082026,-1.1
45.075,3.03411103568731,0.774566423456049,-1.1
45.08,3.03488756499944,0.775244605104303,-1.1
45.085,3.03566218696294,0.775927078286981,-1.1
45.09,3.03643418632207,0.776614260236597,-1.1
45.095,3.03720380149541,0.777307223836756,-1.1
45.1,3.03797198615728,0.778006565133905,-1.1
45.105,3.0387394555634,0.778710555593347,-1.1
45.11,3.03950573287664,0.779414248029566,-1.1
45.115,3.04026986442266,0.780113946954584,-1.1
45.12,3.04103113494573,0.780811142484522,-1.1
45.125,3.04178978286443,0.781510781804895,-1.1
45.13,3.04254604659734,0.782216143171167,-1.1
45.135,3.0432994493073,0.782925676862573,-1.1
45.14,3.04405070625005,0.783636402646875,-1.1
45.145,3.0448007710999,0.784349453012323,-1.1
45.15,3.04555012069402,0.785067450563288,-1.1
45.155,3.04629851661382,0.785789560834741,-1.1
45.16,3.04704548202214,0.786513459245539,-1.1
45.165,3.04779030166326,0.787238072912073,-1.1
45.17,3.04853321395574,0.787963044206476,-1.1
45.175,3.04927398048101,0.788688194314813,-1.1
45.18,3.05001260123906,0.789412986795282,-1.1
45.185,3.05074907622991,0.790136587182855,-1.1
45.19,3.05148412070928,0.790861260454035,-1.1
45.195,3.05221821151433,0.79158962921319,-1.1
45.2,3.05295134864507,0.792320739786005,-1.1
45.205,3.04328346924477,0.804541327327899,-1.1
45.21,3.04401493744546,0.805269934505633,-1.1
45.215,3.04474449829751,0.805994130939654,-1.1
45.22,3.04547167496377,0.80671314176958,-1.1
45.225,3.04619646744424,0.80742958959978,-1.1
45.23,3.04691982941323,0.808146395057849,-1.1
45.235,3.04764199928933,0.808865286678485,-1.1
45.24,3.04836297707253,0.80958566841524,-1.1
45.245,3.04908276276284,0.810304798454455,-1.1
45.25,3.0498008795231,0.811021544307879,-1.1
45.255,3.05051637367898,0.811736680835894,-1.1
45.26,3.05122852997476,0.812450684875659,-1.1
45.265,3.05193710999185,0.813165642589739,-1.1
45.27,3.05264282898599,0.813884474605731,-1.1
45.275,3.05334616379434,0.81460914787691,-1.1
45.28,3.05404806809121,0.815340020031146,-1.1
45.285,3.05474901871377,0.816075958580187,-1.1
45.29,3.05544901566201,0.816816307872943,-1.1
45.295,3.0561473436802,0.817558981746844,-1.1
45.3,3.0568432875126,0.818301297992877,-1.1
45.305,3.05753660874062,0.819042958587817,-1.1
45.31,3.05822683052712,0.81978515562456,-1.1
45.315,3.05891466812783,0.820528425544909,-1.1
45.32,3.05960012154275,0.821273245186022,-1.1
45.325,3.06028366760903,0.822020627826861,-1.1
45.33,3.06096554474526,0.822770990699938,-1.1
45.335,3.06164551453286,0.823525347084216,-1.1
45.34,3.06232333855325,0.824283041328601,-1.1
45.345,3.06299877838784,0.825042881340197,-1.1
45.35,3.06367135719949,0.825805522770098,-1.1
45.355,3.0643408365696,0.826572276920489,-1.1
45.36,3.06500817017251,0.827344514698199,-1.1
45.365,3.06567383484536,0.828123964637927,-1.1
45.37,3.06633830742532,0.828910865158251,-1.1
45.375,3.06700206474954,0.829702593654803,-1.1
45.38,3.06766510681802,0.830496110290698,-1.1
45.385,3.06832647995644,0.831289686531237,-1.1
45.39,3.06898570732766,0.832081534237078,-1.1
45.395,3.06964207367593,0.832871355384997,-1.1
45.4,3.07029629425698,0.833661712974719,-1.1
45.405,3.0606479510007,0.844548724962756,-1.1
45.41,3.06129811846591,0.8453451026216,-1.1
45.415,3.06194661700107,0.846142433954761,-1.1
45.42,3.06259392344333,0.846941791845844,-1.1
45.425,3.06323979937412,0.847745918108508,-1.1
45.43,3.06388376795627,0.848554037882373,-1.1
45.435,3.06452630602695,0.849364839865253,-1.1
45.44,3.06516669833041,0.850178324057147,-1.1
45.445,3.06580494486667,0.850994132830188,-1.1
45.45,3.06644128405429,0.851810656858966,-1.1
45.455,3.06707595431186,0.852628194166705,-1.1
45.46,3.06770967089511,0.853446744753406,-1.1
45.465,3.06834219538547,0.8542642224565,-1.1
45.47,3.06897328936435,0.855077706648395,-1.1
45.475,3.06960271441318,0.855884991957233,-1.1
45.48,3.07022975527621,0.856686495615527,-1.1
45.485,3.07085321986057,0.857483469320819,-1.1
45.49,3.07147239291049,0.858278297258899,-1.1
45.495,3.072087274426,0.859075211359546,-1.1
45.5,3.07269905649997,0.859880529715106,-1.1
45.505,3.07330893122531,0.860697351767108,-1.1
45.51,3.07391761385776,0.861523114515826,-1.1
45.515,3.07452510439731,0.862353168798969,-1.1
45.52,3.07512997233249,0.86318483240752,-1.1
45.525,3.07573174082614,0.864018880201862,-1.1
45.53,3.07633088671542,0.864857815577075,-1.1
45.535,3.07692764841891,0.865703843905017,-1.1
45.54,3.07752321802951,0.866553329302356,-1.1
45.545,3.07811878764011,0.867400072886035,-1.1
45.55,3.07871459566928,0.86824127323775,-1.1
45.555,3.07930945002414,0.86907591707854,-1.1
45.56,3.07990263544894,0.869903587175891,-1.1
45.565,3.0804929598508,0.870725296808765,-1.1
45.57,3.08107946955539,0.871543668581531,-1.1
45.575,3.08166335665561,0.872360729052112,-1.1
45.58,3.08224557482578,0.87317862398772,-1.1
45.585,3.08282660090305,0.873999379946277,-1.1
45.59,3.083406673306,0.874821327997729,-1.1
45.595,3.08398555361606,0.875643633677051,-1.1
45.6,3.08456204974033,0.876468025518939,-1.1
45.605,3.07434167683469,0.88671982473182,-1.1
45.61,3.0749131661688,0.887549700201028,-1.1
45.615,3.07548227131712,0.888381304204934,-1.1
45.62,3.07604970753538,0.889213683069222,-1.1
45.625,3.07661547482359,0.890047134817117,-1.1
45.63,3.07717957318174,0.890884043634408,-1.1
45.635,3.07774176419126,0.891726674497598,-1.1
45.64,3.07830157101499,0.892575742662423,-1.1
45.645,3.07885947049009,0.893429400384896,-1.1
45.65,3.07941617787229,0.894284488618844,-1.1
45.655,3.07997193158018,0.895138384759896,-1.1
45.66,3.08052625477659,0.895988346994393,-1.1
45.665,3.08107890904295,0.896832408369058,-1.1
45.67,3.08162989437925,0.897672535837167,-1.1
45.675,3.08217849552976,0.898511530817025,-1.1
45.68,3.08272495091306,0.89934885686683,-1.1
45.685,3.08327021420347,0.900182547033303,-1.1
45.69,3.08381428540098,0.901012839735024,-1.1
45.695,3.08435692608701,0.901839556158059,-1.1
45.7,3.08489789784299,0.902661742628091,-1.1
45.705,3.08543696225034,0.90348053163337,-1.1
45.71,3.0859736424719,0.90429794973182,-1.1
45.715,3.08650746167051,0.905114592969888,-1.1
45.72,3.08703818142759,0.905929865301125,-1.1
45.725,3.08756580174314,0.906745554864877,-1.1
45.73,3.08809032261716,0.907566310823434,-1.1
45.735,3.0886112672125,0.908395649850839,-1.1
45.74,3.08912887394773,0.909233750761025,-1.1
45.745,3.08964409649717,0.910079659879678,-1.1
45.75,3.09015693486082,0.910933794439309,-1.1
45.755,3.09066786587583,0.9117946643238,-1.1
45.76,3.09117712796079,0.912658574045174,-1.1
45.765,3.0916847211157,0.913523079812997,-1.1
45.77,3.09218993008482,0.914387585580819,-1.1
45.775,3.09269275486814,0.91525232976722,-1.1
45.78,3.09319391072141,0.916118623674386,-1.1
45.785,3.09369363606321,0.916987540185922,-1.1
45.79,3.09419288456785,0.917856456697457,-1.1
45.795,3.09469165623533,0.918721558511727,-1.1
45.8,3.09518947422849,0.919581415117257,-1.1
45.805,3.08473420655691,0.928960108812336,-1.1
45.81,3.08522844827139,0.929815077836995,-1.1
45.815,3.08572078263724,0.93067088132668,-1.1
45.82,3.08621216332876,0.931526267583851,-1.1
45.825,3.08670354402029,0.932378256376271,-1.1
45.83,3.08719468629324,0.933225536401753,-1.1
45.835,3.08768511331045,0.934069001729969,-1.1
45.84,3.08817387139761,0.934910976942067,-1.1
45.845,3.08866024529898,0.935753071363453,-1.1
45.85,3.08914423501456,0.936594271715168,-1.1
45.855,3.08962584054434,0.937433505113606,-1.1
45.86,3.09010482346976,0.938271009977345,-1.1
45.865,3.09058166062796,0.939108991678242,-1.1
45.87,3.09105611360037,0.939951026494984,-1.1
45.875,3.09152818238699,0.94079860454369,-1.1
45.88,3.09199762856924,0.94164922242928,-1.1
45.885,3.09246421372854,0.942500615175251,-1.1
45.89,3.09292817628348,0.943353736455922,-1.1
45.895,3.09339023148977,0.944210672433857,-1.1
45.9,3.09385014092886,0.94507118469048,-1.1
45.905,3.09430861985647,0.945931696947102,-1.1
45.91,3.09476614510977,0.946788811738972,-1.1
45.915,3.09522247827017,0.947643184717183,-1.1
45.92,3.09567690408194,0.948496305997853,-1.1
45.925,3.09612894570791,0.949347877557759,-1.1
45.93,3.09657907998526,0.950197482164387,-1.1
45.935,3.09702659165823,0.951046669538502,-1.1
45.94,3.09747195756399,0.951896631772999,-1.1
45.945,3.09791517770254,0.952747726495747,-1.1
45.95,3.0983560136553,0.953601980264668,-1.1
45.955,3.09879446542227,0.954459631498341,-1.1
45.96,3.09923005616629,0.955319905336384,-1.1
45.965,3.09966302430594,0.956183219011311,-1.1
45.97,3.10009408509695,0.957050943429951,-1.1
45.975,3.10052323853934,0.957923436220173,-1.1
45.98,3.1009514383074,0.958797240312581,-1.1
45.985,3.10137939965689,0.959668123777394,-1.1
45.99,3.10180616891348,0.960535490568165,-1.1
45.995,3.10223174607718,0.961400055940632,-1.1
46,3.10265517747366,0.96226313119698,-1.1
46.005,3.09340967279456,0.969882548135626,-1.1
46.01,3.09382928949377,0.97074657706629,-1.1
46.015,3.09424842935584,0.971611261648047,-1.1
46.02,3.0946675692179,0.972476303857672,-1.1
46.025,3.09508718591711,0.97333800820719,-1.1
46.03,3.09550751787207,0.974193632882941,-1.1
46.035,3.09592761140845,0.975043893140662,-1.1
46.04,3.09634698968909,0.975889325422156,-1.1
46.045,3.09676589113257,0.976728737634527,-1.1
46.05,3.09718407732031,0.97756129531275,-1.1
46.055,3.09760250192664,0.978387356084692,-1.1
46.06,3.09802092653296,0.979206979554999,-1.1
46.065,3.09843815904639,0.980020821374762,-1.1
46.07,3.09885419946692,0.980830014032233,-1.1
46.075,3.09926785570166,0.981638014596808,-1.1
46.08,3.09967865091345,0.98244822053324,-1.1
46.085,3.10008706193945,0.983259320539343,-1.1
46.09,3.10049332719824,0.984070897382605,-1.1
46.095,3.1008976851084,0.984884619993079,-1.1
46.1,3.10129965883276,0.985701322835791,-1.1
46.105,3.10169829469702,0.986520171445715,-1.1
46.11,3.10209383111975,0.987341165822851,-1.1
46.115,3.10248555284522,0.988167822641241,-1.1
46.12,3.10287322145483,0.989003241342413,-1.1
46.125,3.10325850587866,0.989845872205603,-1.1
46.13,3.10364259820959,0.990692615789282,-1.1
46.135,3.10402645212195,0.991541147512305,-1.1
46.14,3.10441006761572,0.992387235444891,-1.1
46.145,3.10479272943518,0.993228078168738,-1.1
46.15,3.10517372232459,0.994064688962805,-1.1
46.155,3.10555137735388,0.994900107663977,-1.1
46.16,3.10592593294165,0.995736480039465,-1.1
46.165,3.10629858118079,0.996574759763586,-1.1
46.17,3.10666979890845,0.997417450231421,-1.1
46.175,3.10703934770605,0.998263895791876,-1.1
46.18,3.10740722757361,0.999110877794134,-1.1
46.185,3.10777320009253,0.99995845584284,-1.1
46.19,3.10813583475134,1.00081032542597,-1.1
46.195,3.10849560838721,1.00166761903177,-1.1
46.2,3.10885323625586,1.00252687959086,-1.1
46.205,3.10132072731941,1.00841645783397,-1.1
46.21,3.10167644783943,1.00927464550945,-1.1
46.215,3.10203097626655,1.01013414448711,-1.1
46.22,3.10238335892646,1.01099626606914,-1.1
46.225,3.10273383423774,1.01185904330227,-1.1
46.23,3.10308264061897,1.01272205895397,-1.1
46.235,3.10343001648872,1.01358704155895,-1.1
46.24,3.10377620026557,1.01445351428005,-1.1
46.245,3.10412119194953,1.01531843728039,-1.1
46.25,3.1044649915406,1.01618008202526,-1.1
46.255,3.10480688378303,1.01704023665401,-1.1
46.26,3.10514543816535,1.0179028350732,-1.1
46.265,3.10548041626899,1.01876966542217,-1.1
46.27,3.10581253334968,1.01964048928234,-1.1
46.275,3.106142027826,1.02051548546764,-1.1
46.28,3.10646937653511,1.02139364069912,-1.1
46.285,3.10679481789558,1.02227418011638,-1.1
46.29,3.10711763665168,1.02315764016125,-1.1
46.295,3.10743783280342,1.02404479569408,-1.1
46.3,3.10775564476936,1.02493439501735,-1.1
46.305,3.10807059571235,1.02582482880565,-1.1
46.31,3.10838387772529,1.02671448773357,-1.1
46.315,3.10869644448249,1.02760480231258,-1.1
46.32,3.10900758072822,1.02849851435634,-1.1
46.325,3.10931800171821,1.02939222640011,-1.1
46.33,3.10962866112678,1.03028015679333,-1.1
46.335,3.10993789002388,1.03116200751278,-1.1
46.34,3.11024497315376,1.03204123562786,-1.1
46.345,3.11054895684211,1.03292177504513,-1.1
46.35,3.11084960267036,1.03380678481075,-1.1
46.355,3.11114857956855,1.03469578808758,-1.1
46.36,3.11144731804817,1.03558663910839,-1.1
46.365,3.1117458181092,1.03647766894314,-1.1
46.37,3.11204407975166,1.03736589735958,-1.1
46.375,3.11234162613838,1.03825025147411,-1.1
46.38,3.11263845726936,1.03913311547252,-1.1
46.385,3.11293409630744,1.04001460856411,-1.1
46.39,3.11322949692695,1.04089157170269,-1.1
46.395,3.11352585122077,1.04176114386532,-1.1
46.4,3.11382315918891,1.04262582844707,-1.1
46.405,3.10774592063254,1.04725991792507,-1.1
46.41,3.10804322860068,1.04812066860027,-1.1
46.415,3.1083407749874,1.04897575683422,-1.1
46.42,3.10863808295554,1.0498247653944,-1.1
46.425,3.10893467566794,1.05066989965267,-1.1
46.43,3.10923007628745,1.05151294774837,-1.1
46.435,3.1095238079769,1.05235545940227,-1.1
46.44,3.10981634757346,1.05319922275371,-1.1
46.445,3.11010817191428,1.05404537029094,-1.1
46.45,3.11039951941794,1.0548935443861,-1.1
46.455,3.11069158217734,1.05573861903972,-1.1
46.46,3.11098436019248,1.05657522983379,-1.1
46.465,3.11127737662619,1.05740373439617,-1.1
46.47,3.11156920096701,1.05822782821483,-1.1
46.475,3.11185840270346,1.05905120677776,-1.1
46.48,3.11214522025412,1.05987482375927,-1.1
46.485,3.11243036887473,1.06069939441509,-1.1
46.49,3.11271384856528,1.0615270049078,-1.1
46.495,3.1129954209072,1.06235783405132,-1.1
46.5,3.11327532431907,1.06319051093883,-1.1
46.505,3.11355308196372,1.06402473754711,-1.1
46.51,3.113828217004,1.06486057348079,-1.1
46.515,3.11410120627707,1.06569801873989,-1.1
46.52,3.11437324187583,1.06653725213833,-1.1
46.525,3.11464480063742,1.06737737960643,-1.1
46.53,3.11491635939902,1.06821512288875,-1.1
46.535,3.1151881565792,1.06904714412517,-1.1
46.54,3.11545900008506,1.06987541026897,-1.1
46.545,3.11572793624228,1.07070492811031,-1.1
46.55,3.11599496505088,1.07153706855602,-1.1
46.555,3.11626104018515,1.07236903018779,-1.1
46.56,3.11652783057517,1.07319693870373,-1.1
46.565,3.1167955746395,1.07402019805736,-1.1
46.57,3.11706236502951,1.07484125203914,-1.1
46.575,3.11732748648948,1.07566159076519,-1.1
46.58,3.1175907006008,1.07648198909588,-1.1
46.585,3.11785129210776,1.07730471200771,-1.1
46.59,3.11810973784751,1.07813011712856,-1.1
46.595,3.11836699149436,1.07895647592373,-1.1
46.6,3.11862376830405,1.07978408641643,-1.1
46.605,3.1136758381155,1.08350671371772,-1.1
46.61,3.1139302307394,1.0843374832566,-1.1
46.615,3.11418343127041,1.08516813358619,-1.1
46.62,3.11443520128994,1.08599818786933,-1.1
46.625,3.11468577921657,1.08682788452461,-1.1
46.63,3.11493540346889,1.08765716394737,-1.1
46.635,3.1151840740469,1.08848656257942,-1.1
46.64,3.11543179095058,1.08931673607185,-1.1
46.645,3.11567903101711,1.0901483996804,-1.1
46.65,3.11592579424648,1.0909811957772,-1.1
46.655,3.11617208063869,1.09181178650215,-1.1
46.66,3.11641860544948,1.0926365359719,-1.1
46.665,3.11666465342312,1.09345645746543,-1.1
46.67,3.1169090324667,1.09427608093574,-1.1
46.675,3.11715126574306,1.0950973733361,-1.1
46.68,3.11739183008938,1.09591920217826,-1.1
46.685,3.11763120234279,1.09674168667152,-1.1
46.69,3.11786914408474,1.09756637653663,-1.1
46.695,3.11810541689663,1.09839374861076,-1.1
46.7,3.11834049761562,1.099222610801,-1.1
46.705,3.11857486307888,1.1000520690377,-1.1
46.71,3.11880899012356,1.10088093122795,-1.1
46.715,3.11904359400539,1.10170663437202,-1.1
46.72,3.11927891314297,1.10252691349342,-1.1
46.725,3.11951494753628,1.10334206661537,-1.1
46.73,3.11975145876674,1.10415429910972,-1.1
46.735,3.11998773157863,1.10496450504615,-1.1
46.74,3.12022448122768,1.10577107509925,-1.1
46.745,3.12046242296963,1.10657216152503,-1.1
46.75,3.12070131838589,1.10736895641639,-1.1
46.755,3.12094045222072,1.10816271147087,-1.1
46.76,3.12117982447414,1.10895253261878,-1.1
46.765,3.12141967356472,1.10973830065086,-1.1
46.77,3.12165928423672,1.11052174410179,-1.1
46.775,3.12189841807155,1.11130393585517,-1.1
46.78,3.12213755190639,1.11208410105064,-1.1
46.785,3.12237740099697,1.11286229929283,-1.1
46.79,3.1226177269247,1.11363894781425,-1.1
46.795,3.1228585296896,1.11441273531272,-1.1
46.8,3.12310028612881,1.11518163523033,-1.1
46.805,3.11911623942166,1.11817850696004,-1.1
46.81,3.11935751902371,1.11894114838994,-1.1
46.815,3.11959784495144,1.11970277654088,-1.1
46.82,3.11983721720486,1.12046368943608,-1.1
46.825,3.12007563578396,1.12122513877308,-1.1
46.83,3.12031333910733,1.12198861466801,-1.1
46.835,3.12055008875637,1.1227542959348,-1.1
46.84,3.12078540789395,1.12352116929448,-1.1
46.845,3.12101953493862,1.12428762542164,-1.1
46.85,3.12125175463467,1.12505467759526,-1.1
46.855,3.1214818285635,1.12582506762898,-1.1
46.86,3.12170975672512,1.12659915315068,-1.1
46.865,3.12193649279385,1.12737544404423,-1.1
46.87,3.12216251360684,1.12815203296101,-1.1
46.875,3.12238734232693,1.12892844306386,-1.1
46.88,3.12261026369839,1.12970616446889,-1.1
46.885,3.12283080088406,1.13048758136189,-1.1
46.89,3.12304919230252,1.1312740646497,-1.1
46.895,3.12326710688381,1.13206376658833,-1.1
46.9,3.12348549830227,1.13285179959691,-1.1
46.905,3.1237053202322,1.13363476621068,-1.1
46.91,3.12392657267361,1.13441284524357,-1.1
46.915,3.1241468714407,1.13518931495106,-1.1
46.92,3.12436526285916,1.13596572505391,-1.1
46.925,3.1245827006033,1.13674052583134,-1.1
46.93,3.12479894625454,1.13751520739949,-1.1
46.935,3.12501352297573,1.13829203473485,-1.1
46.94,3.12522690760403,1.13907100783742,-1.1
46.945,3.12543910013943,1.13985260354436,-1.1
46.95,3.12565010058194,1.14063801394856,-1.1
46.955,3.12585990893154,1.14142616616643,-1.1
46.96,3.126069240444,1.14221330510533,-1.1
46.965,3.12627952563076,1.14299752341664,-1.1
46.97,3.12649052607327,1.14378013240254,-1.1
46.975,3.12670224177151,1.14456131087697,-1.1
46.98,3.12691586481839,1.14533766137517,-1.1
46.985,3.12713139521389,1.14610679971135,-1.1
46.99,3.12734764086514,1.1468700371877,-1.1
46.995,3.12756317126065,1.14763017522252,-1.1
47,3.12777727114468,1.14839037286198,-1.1
47.005,3.12416271534115,1.15108745089159,-1.1
47.01,3.12437466945797,1.15185390701875,-1.1
47.015,3.12458733883053,1.15262036314592,-1.1
47.02,3.12480143871456,1.15338360062227,-1.1
47.025,3.12501577701717,1.15414379826174,-1.1
47.03,3.12522868480831,1.15490262499437,-1.1
47.035,3.12543920841366,1.15566228619203,-1.1
47.04,3.12564663257747,1.15642564287767,-1.1
47.045,3.1258516725555,1.15719448319063,-1.1
47.05,3.12605552044063,1.1579682706891,-1.1
47.055,3.12625912990719,1.15874450197801,-1.1
47.06,3.12646369304805,1.15952115049944,-1.1
47.065,3.12666897144466,1.16029738178835,-1.1
47.07,3.12687377300411,1.16107212296114,-1.1
47.075,3.12707928981929,1.16184209576235,-1.1
47.08,3.12728599872738,1.16260616770372,-1.1
47.085,3.12749342289119,1.16336702099428,-1.1
47.09,3.12770180072933,1.16412483444795,-1.1
47.095,3.12791113224178,1.16487871399507,-1.1
47.1,3.12812094059139,1.16562943449602,-1.1
47.105,3.12833003368526,1.16637932053194,-1.1
47.11,3.1285372194305,1.16713105431185,-1.1
47.115,3.12874225940853,1.16788552990541,-1.1
47.12,3.12894586887508,1.16864161482439,-1.1
47.125,3.12914852466732,1.16939877262697,-1.1
47.13,3.12935022678524,1.17015795698747,-1.1
47.135,3.12955097522884,1.17092024078951,-1.1
47.14,3.12975029316097,1.17168532600984,-1.1
47.145,3.12994865741878,1.1724507092534,-1.1
47.15,3.13014559116512,1.17321549645052,-1.1
47.155,3.1303408559814,1.17398177376375,-1.1
47.16,3.1305337366119,1.17475222340212,-1.1
47.165,3.13072447147518,1.17552744141207,-1.1
47.17,3.13091377582699,1.17630587807283,-1.1
47.175,3.13110284176021,1.17708652010546,-1.1
47.18,3.1312911924377,1.17786906948671,-1.1
47.185,3.1314783510223,1.17865275135622,-1.1
47.19,3.13166455593258,1.17943631401644,-1.1
47.195,3.13184885349422,1.18022035351381,-1.1
47.2,3.13203076687008,1.1810070752202,-1.1
47.205,3.12833684711585,1.18367259989451,-1.1
47.21,3.12851613788734,1.18446850071619,-1.1
47.215,3.12869542865882,1.1852669645376,-1.1
47.22,3.12887662677894,1.18606375942896,-1.1
47.225,3.12905925541053,1.18685781250666,-1.1
47.23,3.12924307613502,1.18764864693354,-1.1
47.235,3.1294280889524,1.18843489180277,-1.1
47.24,3.12961381702552,1.18921601067255,-1.1
47.245,3.12980026035438,1.18999301682184,-1.1
47.25,3.12998718052039,1.19076745997141,-1.1
47.255,3.13017410068641,1.19154088984201,-1.1
47.26,3.13036030559669,1.19231431971262,-1.1
47.265,3.13054627208839,1.19308858404825,-1.1
47.27,3.13073176174293,1.19386529217432,-1.1
47.275,3.13091701297889,1.19464366923044,-1.1
47.28,3.13110440998206,1.1954193044729,-1.1
47.285,3.13129466800819,1.19618903885553,-1.1
47.29,3.13148754863868,1.19695239554117,-1.1
47.295,3.13168329029212,1.19770818243692,-1.1
47.3,3.13188070087562,1.1984568167753,-1.1
47.305,3.13207954197059,1.19919984827707,-1.1
47.31,3.1322790983213,1.19993876705835,-1.1
47.315,3.13247889309058,1.20067601690958,-1.1
47.32,3.13267916469703,1.20141255150507,-1.1
47.325,3.13288038997779,1.20214813242624,-1.1
47.33,3.13308185367713,1.20288234244059,-1.1
47.335,3.13328403263221,1.20361416826914,-1.1
47.34,3.13348621158729,1.20434468279551,-1.1
47.345,3.13368696003089,1.20507561455439,-1.1
47.35,3.13388627796302,1.20580678473185,-1.1
47.355,3.13408488063941,1.20653825293253,-1.1
47.36,3.13428157596717,1.20727264176081,-1.1
47.365,3.1344763639463,1.20801167975138,-1.1
47.37,3.13466924457679,1.20875489006708,-1.1
47.375,3.13486045627723,1.20950245152185,-1.1
47.38,3.13505071430335,1.21025329123209,-1.1
47.385,3.13524025707374,1.21100681315134,-1.1
47.39,3.1354300382627,1.21176110993097,-1.1
47.395,3.13562077312598,1.21251355896662,-1.1
47.4,3.13581246166358,1.21326308737467,-1.1
47.405,3.13153277624313,1.21607206983641,-1.1
47.41,3.13172541845504,1.21681694908217,-1.1
47.415,3.13191734541122,1.21756266279296,-1.1
47.42,3.13210879553024,1.21830897255019,-1.1
47.425,3.13230096090499,1.21905409021453,-1.1
47.43,3.13249384153549,1.21979861183241,-1.1
47.435,3.1326864837474,1.22054355068282,-1.1
47.44,3.13287888754073,1.22128837032393,-1.1
47.445,3.13307105291549,1.22203283233718,-1.1
47.45,3.13326297987167,1.22277818842009,-1.1
47.455,3.133455383665,1.22352402134017,-1.1
47.46,3.1336482642955,1.22426794691161,-1.1
47.465,3.13384257543746,1.22500775976256,-1.1
47.47,3.13403807867233,1.22574447317198,-1.1
47.475,3.13423286665145,1.22648154420928,-1.1
47.48,3.13442717779342,1.22721939010695,-1.1
47.485,3.13462220419113,1.22795604391173,-1.1
47.49,3.13481794584457,1.22869126720503,-1.1
47.495,3.13501464117233,1.22942452354506,-1.1
47.5,3.13521205175582,1.23015444202498,-1.1
47.505,3.1354097007579,1.23088221473769,-1.1
47.51,3.1356059192485,1.23161058349684,-1.1
47.515,3.13579999197189,1.23234085960463,-1.1
47.52,3.13599191892806,1.23307351989821,-1.1
47.525,3.13618217695419,1.23381011409835,-1.1
47.53,3.13637005079452,1.23455243034438,-1.1
47.535,3.13655649412338,1.2352993957527,-1.1
47.54,3.13674246061508,1.23604934139327,-1.1
47.545,3.13692795026962,1.2368019096382,-1.1
47.55,3.13711320150558,1.23755519313887,-1.1
47.555,3.13729845274154,1.23830573482588,-1.1
47.56,3.13748346555892,1.23905305786208,-1.1
47.565,3.13766728628341,1.23980085773543,-1.1
47.57,3.13784872282211,1.24055378360823,-1.1
47.575,3.13802825201217,1.24131231231764,-1.1
47.58,3.13820801962081,1.24207346363143,-1.1
47.585,3.13838897932235,1.24283461494521,-1.1
47.59,3.13857041586105,1.2435944549568,-1.1
47.595,3.13875185239974,1.24435155315474,-1.1
47.6,3.13893162000839,1.24510710163191,-1.1
47.605,3.13397536196886,1.24810360865717,-1.1
47.61,3.13414893069445,1.24886893229609,-1.1
47.615,3.13432154574572,1.24964152770166,-1.1
47.62,3.13449535288988,1.25041758017664,-1.1
47.625,3.13467273631273,1.25119172530298,-1.1
47.63,3.13485464968859,1.2519593139184,-1.1
47.635,3.13503966250597,1.25271915393,-1.1
47.64,3.13522658267199,1.25347196059351,-1.1
47.645,3.13541541018663,1.25421832995539,-1.1
47.65,3.1356063834685,1.2549586196435,-1.1
47.655,3.13580045619188,1.25569259123926,-1.1
47.66,3.1359988204497,1.2564200063241,-1.1
47.665,3.1362007609862,1.25714312987452,-1.1
47.67,3.13640532412706,1.25786267714624,-1.1
47.675,3.13661203303515,1.2585762639535,-1.1
47.68,3.13682088771044,1.25928186373835,-1.1
47.685,3.13703117289721,1.25998102622156,-1.1
47.69,3.13724145808397,1.26067744689112,-1.1
47.695,3.13745126643358,1.26137327151423,-1.1
47.7,3.13766059794603,1.26206981139307,-1.1
47.705,3.13786945262133,1.26276861624842,-1.1
47.71,3.13807759204088,1.26347087817316,-1.1
47.715,3.13828430094896,1.26417588191156,-1.1
47.72,3.13849005618273,1.26488100485926,-1.1
47.725,3.1386946193236,1.26558612780695,-1.1
47.73,3.13889727511583,1.26629446940546,-1.1
47.735,3.13909778514086,1.26700781779413,-1.1
47.74,3.13929710307299,1.26772426562433,-1.1
47.745,3.13949642100512,1.26844130950098,-1.1
47.75,3.13969550051867,1.26915918784266,-1.1
47.755,3.13989338793932,1.2698796887887,-1.1
47.76,3.14009008326708,1.27060328917627,-1.1
47.765,3.14028654017626,1.2713285584939,-1.1
47.77,3.14048323550402,1.27205311255579,-1.1
47.775,3.14068064608751,1.27277432875757,-1.1
47.78,3.14087853350817,1.27349292235498,-1.1
47.785,3.14107475199877,1.27421330409174,-1.1
47.79,3.14126787104784,1.27493905024652,-1.1
47.795,3.1414588443297,1.27567016081934,-1.1
47.8,3.14164838710009,1.27640484767084,-1.1
47.805,3.13620688941297,1.2794413433816,-1.1
47.81,3.1363947632533,1.28017984493036,-1.1
47.815,3.13658168341932,1.28092132671137,-1.1
47.82,3.13676693465528,1.28166757686396,-1.1
47.825,3.13695123221693,1.28241597278376,-1.1
47.83,3.13713576819715,1.28316258056421,-1.1
47.835,3.13732078101454,1.28390716178675,-1.1
47.84,3.13750412490186,1.28465353114863,-1.1
47.845,3.13768460776624,1.28540514571924,-1.1
47.85,3.13786294486341,1.28616164787073,-1.1
47.855,3.13804032828626,1.2869218455102,-1.1
47.86,3.13821747329054,1.2876839504983,-1.1
47.865,3.13839509513197,1.28844534023066,-1.1
47.87,3.13857414748487,1.28920506103296,-1.1
47.875,3.13875367667494,1.28996418578882,-1.1
47.88,3.13893296744642,1.29072211845179,-1.1
47.885,3.13911297347364,1.29147623641749,-1.1
47.89,3.13929393317518,1.29222737415094,-1.1
47.895,3.13947441603956,1.29297875030298,-1.1
47.9,3.13965394522962,1.29373227222223,-1.1
47.905,3.13983395125684,1.2944867478158,-1.1
47.91,3.14001491095838,1.29524098499079,-1.1
47.915,3.14019706275282,1.29599391086359,-1.1
47.92,3.14038016822157,1.29674290282984,-1.1
47.925,3.1405635121089,1.29748784168024,-1.1
47.93,3.14074590232191,1.29823242290278,-1.1
47.935,3.14092662360487,1.29898081882258,-1.1
47.94,3.14110615279493,1.29973314864893,-1.1
47.945,3.14128663565931,1.30048559768458,-1.1
47.95,3.14146950270948,1.30123530490656,-1.1
47.955,3.14165427710829,1.30198227031489,-1.1
47.96,3.14183928992567,1.30272780521174,-1.1
47.965,3.14202454116163,1.30347179038782,-1.1
47.97,3.14221050765333,1.30421386821528,-1.1
47.975,3.14239742781934,1.30495391948481,-1.1
47.98,3.14258577849683,1.30569087131281,-1.1
47.985,3.14277603652296,1.30642520053644,-1.1
47.99,3.14296700980482,1.30715881450434,-1.1
47.995,3.14315798308668,1.30789314372797,-1.1
48,3.14335014846143,1.30862735374231,-1.1
48.005,3.13717397204529,1.31177140480765,-1.1
48.01,3.13736876002442,1.31249858147391,-1.1
48.015,3.13756545535218,1.31322003609427,-1.1
48.02,3.13776238909851,1.31394053704032,-1.1
48.025,3.1379576539148,1.31466509110221,-1.1
48.03,3.13815244189392,1.31539262539633,-1.1
48.035,3.13834842196595,1.31611908680686,-1.1
48.04,3.13854583254944,1.31684352165946,-1.1
48.045,3.13874419680725,1.31756640679129,-1.1
48.05,3.13894232264649,1.31828881508597,-1.1
48.055,3.1391394948114,1.31901086575278,-1.1
48.06,3.13933666697632,1.31973184353598,-1.1
48.065,3.13953407755982,1.32045365578421,-1.1
48.07,3.13973172656189,1.3211771369625,-1.1
48.075,3.13993056765686,1.32189883000144,-1.1
48.08,3.14013179293763,1.32261527783164,-1.1
48.085,3.14033325663697,1.3233287454296,-1.1
48.09,3.1405325745691,1.32404412037619,-1.1
48.095,3.14072950831543,1.32476307160147,-1.1
48.1,3.14092548838745,1.32548476464041,-1.1
48.105,3.14112218371521,1.32620753056296,-1.1
48.11,3.14132126322876,1.32692910439261,-1.1
48.115,3.14152320376526,1.32764734036215,-1.1
48.12,3.14172752848755,1.32836116558798,-1.1
48.125,3.14193376055848,1.32907034165152,-1.1
48.13,3.14214070788514,1.32977522618064,-1.1
48.135,3.14234860888611,1.33047593838462,-1.1
48.14,3.14255770197998,1.33117355114707,-1.1
48.145,3.14276751032959,1.33187116390952,-1.1
48.15,3.14297779551636,1.33257008797415,-1.1
48.155,3.14318879595887,1.33326841599234,-1.1
48.16,3.14340146533142,1.33396435982474,-1.1
48.165,3.14361461154114,1.33465887314566,-1.1
48.17,3.14382751933228,1.33535350567587,-1.1
48.175,3.14403971186768,1.33604646927603,-1.1
48.18,3.14425214282166,1.3367370486904,-1.1
48.185,3.14446433535706,1.33742786652335,-1.1
48.19,3.14467438212525,1.3381232143093,-1.1
48.195,3.1448825215448,1.33882344967612,-1.1
48.2,3.14508970729004,1.33952583081015,-1.1
48.205,3.13806443667733,1.34273189555172,-1.1
48.21,3.13827090716683,1.34343785296443,-1.1
48.215,3.13847713923776,1.34414524088863,-1.1
48.22,3.138684324983,1.34485119830135,-1.1
48.225,3.13889270282113,1.34555346022609,-1.1
48.23,3.13910203433358,1.34625369559291,-1.1
48.235,3.1393106505903,1.34695464621547,-1.1
48.24,3.13951735949838,1.34765833865169,-1.1
48.245,3.13972382998788,1.34836429606441,-1.1
48.25,3.13993077731454,1.34907216082576,-1.1
48.255,3.14013867831552,1.34977966795925,-1.1
48.26,3.14034848666513,1.35048204909328,-1.1
48.265,3.14055948710763,1.35117823134426,-1.1
48.27,3.1407685802015,1.3518736983395,-1.1
48.275,3.14097290492379,1.35257548342708,-1.1
48.28,3.1411724612745,1.3532848979092,-1.1
48.285,3.141369871858,1.35399931918148,-1.1
48.29,3.1415660903486,1.35471755515102,-1.1
48.295,3.14176135516488,1.35543960581783,-1.1
48.3,3.14195518946969,1.35616427908901,-1.1
48.305,3.1421478316816,1.35689074049953,-1.1
48.31,3.14233904338204,1.35761803637508,-1.1
48.315,3.14252882457101,1.35834509383205,-1.1
48.32,3.14271860575997,1.35907143603328,-1.1
48.325,3.14290791011178,1.35979897032741,-1.1
48.33,3.14309649920785,1.36052888880733,-1.1
48.335,3.14328461146676,1.3612594033337,-1.1
48.34,3.14347224688851,1.36199039469722,-1.1
48.345,3.14365869021737,1.36272329340938,-1.1
48.35,3.14384346461618,1.36345821867946,-1.1
48.355,3.14402776217782,1.36419397841457,-1.1
48.36,3.14421229815805,1.36492914210323,-1.1
48.365,3.14439659571969,1.36566311369899,-1.1
48.37,3.14458041644418,1.36639648924831,-1.1
48.375,3.14476185298287,1.36713201056484,-1.1
48.38,3.14493899798715,1.36787313471797,-1.1
48.385,3.14511232829415,1.36862033854488,-1.1
48.39,3.14528255915963,1.36937362204555,-1.1
48.395,3.14545112109506,1.37013215075496,-1.1
48.4,3.14561896777474,1.37089330206874,-1.1
48.405,3.13783117930202,1.37412545705246,-1.1
48.41,3.13799974123745,1.37488625073837,-1.1
48.415,3.13816782633572,1.37564680600571,-1.1
48.42,3.13833543459682,1.37640700364517,-1.1
48.425,3.13850328127651,1.37716684365677,-1.1
48.43,3.13867184321194,1.37792704129624,-1.1
48.435,3.13884231249599,1.37868676209854,-1.1
48.44,3.13901540438442,1.37944409871506,-1.1
48.445,3.13919111887722,1.3801965477507,-1.1
48.45,3.13936874071865,1.38094363236832,-1.1
48.455,3.13954707781582,1.38168773675369,-1.1
48.46,3.13972517649441,1.38243124509262,-1.1
48.465,3.13990399042873,1.38317332292008,-1.1
48.47,3.14008471171169,1.38391206288742,-1.1
48.475,3.14026757876186,1.38464758420395,-1.1
48.48,3.14045163790493,1.38538179421829,-1.1
48.485,3.14063545862942,1.38611588502335,-1.1
48.49,3.14081880251675,1.38684854531693,-1.1
48.495,3.14100214640407,1.38757846379685,-1.1
48.5,3.14118453661709,1.38830778623032,-1.1
48.505,3.14136501948147,1.38903996968674,-1.1
48.51,3.14154454867153,1.38977561021256,-1.1
48.515,3.14172431628017,1.39051232362198,-1.1
48.52,3.14190527598171,1.39124808335709,-1.1
48.525,3.14208718935757,1.3919814589064,-1.1
48.53,3.142269341152,1.39271268868851,-1.1
48.535,3.14245101610928,1.3934429647963,-1.1
48.54,3.14263197581081,1.39417371774124,-1.1
48.545,3.14281341234951,1.39490494752335,-1.1
48.55,3.14299675623684,1.39563522363114,-1.1
48.555,3.14318272272854,1.39636240029739,-1.1
48.56,3.14337155024319,1.39708433175491,-1.1
48.565,3.14356180826931,1.39780149484085,-1.1
48.57,3.14375158945827,1.39851782346176,-1.1
48.575,3.14393922488003,1.39923582101273,-1.1
48.58,3.14412566820888,1.3999548914473,-1.1
48.585,3.14431234995632,1.40067300820755,-1.1
48.59,3.14449879328518,1.40139088654923,-1.1
48.595,3.1446833292654,1.40211210275101,-1.1
48.6,3.14486428896694,1.40283939862656,-1.1
48.605,3.13577977670997,1.40608826490829,-1.1
48.61,3.13595763696998,1.40682271334121,-1.1
48.615,3.13613621248572,1.40755549284408,-1.1
48.62,3.13631621851295,1.40828517290542,-1.1
48.625,3.13649646295875,1.40901354166458,-1.1
48.63,3.13667527689307,1.40974405619094,-1.1
48.635,3.13685266031592,1.41047826620529,-1.1
48.64,3.1370298053202,1.41121426435897,-1.1
48.645,3.1372088576731,1.41194835516403,-1.1
48.65,3.13739053263038,1.41267791601608,-1.1
48.655,3.13757363809913,1.41340306612442,-1.1
48.66,3.13775674356788,1.41412642809341,-1.1
48.665,3.13793889536231,1.41485086294601,-1.1
48.67,3.13812033190101,1.41557637068222,-1.1
48.675,3.13830200685828,1.41629997106979,-1.1
48.68,3.13848535074561,1.41702035280654,-1.1
48.685,3.1386691714701,1.41774037691543,-1.1
48.69,3.13885084642737,1.41846361967514,-1.1
48.695,3.13903109087317,1.4191884121556,-1.1
48.7,3.13921181215613,1.41991141649673,-1.1
48.705,3.13939301027625,1.42063299032638,-1.1
48.71,3.13957444681495,1.42135420652816,-1.1
48.715,3.13975612177222,1.4220748266835,-1.1
48.72,3.13993827356666,1.42279437395523,-1.1
48.725,3.14012137903541,1.42351308676193,-1.1
48.73,3.14030496134131,1.42423108431289,-1.1
48.735,3.14048902048438,1.42494705530593,-1.1
48.74,3.14067427172034,1.42565992685745,-1.1
48.745,3.14086023821204,1.42637077185104,-1.1
48.75,3.14104525102942,1.42708268972824,-1.1
48.755,3.14122978700965,1.42779591890762,-1.1
48.76,3.14141456140845,1.42850855204055,-1.1
48.765,3.14160005106299,1.42921963545272,-1.1
48.77,3.14178530229896,1.42992928835342,-1.1
48.775,3.14196816934913,1.43063894125412,-1.1
48.78,3.14214722170203,1.43135109754989,-1.1
48.785,3.14232055200904,1.43206992956588,-1.1
48.79,3.14248816027015,1.43279829832504,-1.1
48.795,3.14265123857825,1.43353477331588,-1.1
48.8,3.1428126479563,1.43427577825973,-1.1
48.805,3.13281479412726,1.43734556724256,-1.1
48.81,3.13297453457526,1.43808979083722,-1.1
48.815,3.1331326060932,1.43883556415265,-1.1
48.82,3.13328877026252,1.43958241035169,-1.1
48.825,3.13344421917609,1.44032985259717,-1.1
48.83,3.13359966808966,1.44107741405194,-1.1
48.835,3.13375511700324,1.44182557155316,-1.1
48.84,3.13391056591681,1.44257396747296,-1.1
48.845,3.13406506115607,1.4433230786485,-1.1
48.85,3.13421812588385,1.44407397796338,-1.1
48.855,3.13436952168158,1.44482678462689,-1.1
48.86,3.134519963805,1.44558006812757,-1.1
48.865,3.13467135960273,1.44633156348889,-1.1
48.87,3.13482442433051,1.44708055545514,-1.1
48.875,3.13497868115119,1.44782859374707,-1.1
48.88,3.13513389164618,1.44857567836469,-1.1
48.885,3.13529029423407,1.44932002116864,-1.1
48.89,3.1354486041706,1.45006043006604,-1.1
48.895,3.13560858303717,1.45079773952191,-1.1
48.9,3.13576903874091,1.45153302241986,-1.1
48.905,3.13593044811896,1.45226592113202,-1.1
48.91,3.13609304958991,1.45299667407697,-1.1
48.915,3.13625612789801,1.45372683097547,-1.1
48.92,3.13641896778754,1.45445698787396,-1.1
48.925,3.1365825229328,1.45518619109815,-1.1
48.93,3.1367467933338,1.45591312934583,-1.1
48.935,3.13691154057196,1.45663816024487,-1.1
48.94,3.1370765262287,1.45736211826032,-1.1
48.945,3.13724055821112,1.45808595706647,-1.1
48.95,3.13740411335639,1.45881039191907,-1.1
48.955,3.13756719166449,1.45953494598096,-1.1
48.96,3.1377290778797,1.46025997688001,-1.1
48.965,3.13789072567633,1.46098584224408,-1.1
48.97,3.13805118138007,1.4617134957475,-1.1
48.975,3.13821044499091,1.46244293739026,-1.1
48.98,3.13837066227607,1.46317106773084,-1.1
48.985,3.13853183323554,1.46389717151349,-1.1
48.99,3.13869348103217,1.46462208320325,-1.1
48.995,3.13885465199164,1.46534639884656,-1.1
49,3.1390148692768,1.46607059528058,-1.1
49.005,3.12812301300798,1.46882852784671,-1.1
49.01,3.1282825150374,1.469556538978,-1.1
49.015,3.12844201706682,1.47028490773716,-1.1
49.02,3.12860414170061,1.47100910417118,-1.1
49.025,3.12876817368303,1.47172841302433,-1.1
49.03,3.12893029831682,1.47244819871463,-1.1
49.035,3.12908789299761,1.47317251435794,-1.1
49.04,3.12924095772539,1.47390195600071,-1.1
49.045,3.12939163826738,1.47463545075931,-1.1
49.05,3.12954160355364,1.47537180654087,-1.1
49.055,3.12969133042131,1.4761095928339,-1.1
49.06,3.12984153412615,1.47684630624332,-1.1
49.065,3.12999197624956,1.47758027783908,-1.1
49.07,3.1301409878615,1.47831305734195,-1.1
49.075,3.13028690003191,1.47904738656559,-1.1
49.08,3.13042947434221,1.47978409997501,-1.1
49.085,3.1305699028853,1.4805234359888,-1.1
49.09,3.13070866249834,1.48126575223484,-1.1
49.095,3.13084527634417,1.48201140634098,-1.1
49.1,3.13098045967852,1.48275896779575,-1.1
49.105,3.13111445091997,1.48350724450626,-1.1
49.11,3.13124701164995,1.48425623647251,-1.1
49.115,3.13137909554277,1.48500499002018,-1.1
49.12,3.13151189469133,1.48575267068424,-1.1
49.125,3.13164588593279,1.48649820558109,-1.1
49.13,3.13178178452288,1.48724099866428,-1.1
49.135,3.13191887520586,1.48798212281742,-1.1
49.14,3.13205525063311,1.4887227701334,-1.1
49.145,3.13219138764177,1.48946270219364,-1.1
49.15,3.13232728623186,1.49020179978885,-1.1
49.155,3.13246246956621,1.4909405397562,-1.1
49.16,3.13259669922625,1.49167904130497,-1.1
49.165,3.13272973679338,1.49241766206302,-1.1
49.17,3.13285991333757,1.49315854779758,-1.1
49.175,3.13298532151018,1.49390336743869,-1.1
49.18,3.13310619972979,1.49465307466068,-1.1
49.185,3.13322230957781,1.49540790788211,-1.1
49.19,3.13333317421709,1.49616774789371,-1.1
49.195,3.13344022415911,1.4969322370676,-1.1
49.2,3.13354369782244,1.49770209065952,-1.1
49.205,3.12172757359948,1.500100472661,-1.1
49.21,3.12182627889123,1.50087867090319,-1.1
49.215,3.12192617627588,1.50165472337816,-1.1
49.22,3.12202750417199,1.50242851087664,-1.1
49.225,3.12212978574243,1.50320158311937,-1.1
49.23,3.12223206731286,1.50397489378069,-1.1
49.235,3.12233649465051,1.50474653551195,-1.1
49.24,3.12244425984826,1.5055137664995,-1.1
49.245,3.12255488606897,1.50627622911547,-1.1
49.25,3.12266694280114,1.50703487703417,-1.1
49.255,3.12277804585901,1.50779233285997,-1.1
49.26,3.12288724156823,1.50855121919725,-1.1
49.265,3.12299476834741,1.50931177446459,-1.1
49.27,3.12310277196374,1.51007280656908,-1.1
49.275,3.12321292134729,1.51083228895281,-1.1
49.28,3.1233256933352,1.51158902952288,-1.1
49.285,3.12344108792749,1.51234231302355,-1.1
49.29,3.12355815144983,1.51309118578051,-1.1
49.295,3.1236759302279,1.51383529016588,-1.1
49.3,3.12379299375024,1.51457689115618,-1.1
49.305,3.12390767308679,1.51532016107653,-1.1
49.31,3.12401877614465,1.51606760332201,-1.1
49.315,3.12412821027246,1.51681814500902,-1.1
49.32,3.12423812123742,1.51756940195177,-1.1
49.325,3.12434779378381,1.51832042047594,-1.1
49.33,3.12445698949304,1.51907024690722,-1.1
49.335,3.12456523152795,1.51981840440844,-1.1
49.34,3.12467108937707,1.52056715795611,-1.1
49.345,3.1247745630404,1.52131841489885,-1.1
49.35,3.1248761293551,1.52207134077166,-1.1
49.355,3.12497793408838,1.52282450506304,-1.1
49.36,3.12508021565881,1.52357755014513,-1.1
49.365,3.12518106671777,1.52433238336657,-1.1
49.37,3.12528024884668,1.52508900472735,-1.1
49.375,3.12537990781274,1.52584443399523,-1.1
49.38,3.12548099729028,1.52659688303087,-1.1
49.385,3.12558399411645,1.52734647104357,-1.1
49.39,3.12568818303552,1.52809486696337,-1.1
49.395,3.12579284879175,1.52884278604601,-1.1
49.4,3.12589822980371,1.52958975145434,-1.1
49.405,3.11471577558996,1.53133780784126,-1.1
49.41,3.11482306395056,1.5320811969709,-1.1
49.415,3.11493011389258,1.53282422847267,-1.1
49.42,3.11503668699743,1.53356761760231,-1.1
49.425,3.11514373693945,1.53431076831337,-1.1
49.43,3.11525197897436,1.53505236930367,-1.1
49.435,3.11536165152075,1.5357924205732,-1.1
49.44,3.11547132406714,1.5365328294706,-1.1
49.445,3.11558004293921,1.53727478808876,-1.1
49.45,3.11568923864844,1.53801555461403,-1.1
49.455,3.11580058012488,1.53875167197701,-1.1
49.46,3.11591406736853,1.53948349780556,-1.1
49.465,3.11602612410071,1.54021532363411,-1.1
49.47,3.11613412771704,1.54095024890419,-1.1
49.475,3.11623974714758,1.54168755836006,-1.1
49.48,3.11634417448523,1.54242582149025,-1.1
49.485,3.1164471713114,1.54316503829476,-1.1
49.49,3.11654826078894,1.543904970355,-1.1
49.495,3.11664648924353,1.54464561767098,-1.1
49.5,3.11674114141943,1.54538829154488,-1.1
49.505,3.11683078680517,1.54613454169747,-1.1
49.51,3.1169149485636,1.54688508338448,-1.1
49.515,3.1169948187876,1.54763943976875,-1.1
49.52,3.11707087431433,1.54839773005959,-1.1
49.525,3.11714239988806,1.549160788722,-1.1
49.53,3.1172103491831,1.54992813891884,-1.1
49.535,3.11727615271094,1.5506975156736,-1.1
49.54,3.11734028730871,1.55146713084694,-1.1
49.545,3.11740346823218,1.5522354347181,-1.1
49.55,3.117464741807,1.55300338096138,-1.1
49.555,3.11752148542883,1.55377406901833,-1.1
49.56,3.11757298384192,1.55454940623757,-1.1
49.565,3.11761971388342,1.55533022708412,-1.1
49.57,3.11766358290198,1.55611569709297,-1.1
49.575,3.11770625982763,1.55690331286904,-1.1
49.58,3.11774965200903,1.5576897365522,-1.1
49.585,3.11779423628332,1.55847401446816,-1.1
49.59,3.11783905897619,1.55925733870979,-1.1
49.595,3.11788245115759,1.56004042453285,-1.1
49.6,3.1179267970133,1.56082231826302,-1.1
49.605,3.10732372432112,1.56207772306758,-1.1
49.61,3.10737093119978,1.56285639814693,-1.1
49.615,3.10741909175276,1.56363352350551,-1.1
49.62,3.10746796756148,1.56440957598048,-1.1
49.625,3.10751517444014,1.56518705896693,-1.1
49.63,3.10756095080733,1.56596609167415,-1.1
49.635,3.10760815768599,1.56674417070705,-1.1
49.64,3.10765798716902,1.56751950792628,-1.1
49.645,3.10770996241926,1.56829210333186,-1.1
49.65,3.10776336818098,1.56906231455165,-1.1
49.655,3.1078167739427,1.56983133367854,-1.1
49.66,3.10786970286726,1.5705996375497,-1.1
49.665,3.10792263179182,1.57136615328151,-1.1
49.67,3.10797603755354,1.5721306424554,-1.1
49.675,3.10802825122236,1.57289513162929,-1.1
49.68,3.10807760386824,1.57366152815181,-1.1
49.685,3.10812338023543,1.57443007044154,-1.1
49.69,3.10816605716108,1.57520052007991,-1.1
49.695,3.10820563464522,1.57597323469478,-1.1
49.7,3.10824258952498,1.57674892954188,-1.1
49.705,3.10827716021895,1.57752653173762,-1.1
49.71,3.10831101565718,1.57830377630549,-1.1
49.715,3.10834558635115,1.57907923273402,-1.1
49.72,3.10837872653364,1.57985456995326,-1.1
49.725,3.10840900569319,1.58063193373042,-1.1
49.73,3.1084373775041,1.58141096643764,-1.1
49.735,3.10846527247786,1.58219011835414,-1.1
49.74,3.10849435954451,1.58296807817775,-1.1
49.745,3.10852463870405,1.58374448828059,-1.1
49.75,3.10855539470076,1.58451946787196,-1.1
49.755,3.10858495860457,1.58529289774257,-1.1
49.76,3.10861261515974,1.5860659699853,-1.1
49.765,3.10863693385481,1.58684094957667,-1.1
49.77,3.1086564841783,1.58761962465602,-1.1
49.775,3.10867293506025,1.58840163759547,-1.1
49.78,3.10868819384932,1.58918591551143,-1.1
49.785,3.10870226054548,1.5899722199853,-1.1
49.79,3.10871680407881,1.59075888208705,-1.1
49.795,3.10873301654219,1.59154304079372,-1.1
49.8,3.10875065951704,1.5923235040124,-1.1
49.805,3.09965337969723,1.59314778853327,-1.1
49.81,3.09967149950924,1.59392598677546,-1.1
49.815,3.09968842722836,1.59470633078486,-1.1
49.82,3.09970678545895,1.59548631716639,-1.1
49.825,3.09972967364255,1.59626296568781,-1.1
49.83,3.09975685336056,1.59703603793055,-1.1
49.835,3.09978594042721,1.5978066067782,-1.1
49.84,3.0998157427496,1.59857467223078,-1.1
49.845,3.09984649874631,1.59933916140467,-1.1
49.85,3.09987749316159,1.60010114718348,-1.1
49.855,3.09990658022824,1.60086337138087,-1.1
49.86,3.09993256785336,1.6016284566012,-1.1
49.865,3.09995569445553,1.60239747572809,-1.1
49.87,3.09997691370907,1.60316887904078,-1.1
49.875,3.09999837138119,1.60394016314417,-1.1
49.88,3.10002125956479,1.60470930148035,-1.1
49.885,3.10004462458554,1.60547629404932,-1.1
49.89,3.10006775118771,1.60624149847895,-1.1
49.895,3.10009063937131,1.60700503397852,-1.1
49.9,3.100112335462,1.6077684502688,-1.1
49.905,3.10013212420407,1.60853329707056,-1.1
49.91,3.10014929034176,1.60929957438379,-1.1
49.915,3.10016383387509,1.61006668616205,-1.1
49.92,3.10017480112973,1.61083570528895,-1.1
49.925,3.10018004633847,1.61160889674097,-1.1
49.93,3.10017980791989,1.61238685656458,-1.1
49.935,3.10017670847836,1.61316767741114,-1.1
49.94,3.10017337061825,1.61394873667628,-1.1
49.945,3.10017074801388,1.61472860384852,-1.1
49.95,3.10016836382809,1.61550727892786,-1.1
49.955,3.10016359545651,1.6162860732165,-1.1
49.96,3.10015501238766,1.61706617880732,-1.1
49.965,3.10014309145871,1.61784819174677,-1.1
49.97,3.10012759425107,1.6186327080813,-1.1
49.975,3.10010923602048,1.6194199662295,-1.1
49.98,3.10008897044125,1.62020984698206,-1.1
49.985,3.10006727435055,1.62100127745539,-1.1
49.99,3.10004438616696,1.62179258871943,-1.1
49.995,3.10002125956479,1.62258282709986,-1.1
50,3.09999622561398,1.62337306548029,-1.1
50.005,3.09230353848036,1.62394659080015,-1.1
50.01,3.09227325932081,1.62473992862211,-1.1
50.015,3.09224202648695,1.62553398169981,-1.1
50.02,3.09221031681593,1.62632910766111,-1.1
50.025,3.09217765347059,1.62712590255247,-1.1
50.03,3.09214427486952,1.62792377032743,-1.1
50.035,3.0921113731056,1.62872056521879,-1.1
50.04,3.09208037869032,1.62951485671507,-1.1
50.045,3.09205057636793,1.63030676402555,-1.1
50.05,3.09202029720839,1.63109688319669,-1.1
50.055,3.09198954121168,1.63188652553068,-1.1
50.06,3.09195711628492,1.63267759837614,-1.1
50.065,3.09192230717237,1.6334709361981,-1.1
50.07,3.09188725964125,1.63426415481077,-1.1
50.075,3.09185364262159,1.63505487002836,-1.1
50.08,3.0918193103462,1.63584451236234,-1.1
50.085,3.09178187862928,1.63663546599851,-1.1
50.09,3.09174087063368,1.63742832698332,-1.1
50.095,3.09169747845228,1.6382224992703,-1.1
50.1,3.09165360943373,1.63901714839445,-1.1
50.105,3.09160950199659,1.6398128704022,-1.1
50.11,3.09156539455946,1.64060942687498,-1.1
50.115,3.09152295605238,1.64140479125486,-1.1
50.12,3.09148409382399,1.64219657935606,-1.1
50.125,3.09144833103712,1.64298383750425,-1.1
50.13,3.09141447559889,1.64376787700163,-1.1
50.135,3.09138181225355,1.64455060519682,-1.1
50.14,3.09134962574537,1.64533321418272,-1.1
50.145,3.09131982342299,1.64611427344785,-1.1
50.15,3.09129383579786,1.64689127959715,-1.1
50.155,3.09126999393995,1.64766494788633,-1.1
50.16,3.09124472157057,1.6484376625012,-1.1
50.165,3.09121539608534,1.64921192683683,-1.1
50.17,3.09118201748426,1.64998857535825,-1.1
50.175,3.09114530102308,1.6507672504376,-1.1
50.18,3.09110643879469,1.65154771365629,-1.1
50.185,3.09106566921766,1.65233008422361,-1.1
50.19,3.09102156178053,1.65311579265104,-1.1
50.195,3.09097411648329,1.65390364684568,-1.1
50.2,3.09092524067457,1.65469197787748,-1.1
50.205,3.08531679952311,1.65517403610826,-1.1
50.21,3.08526649320292,1.6559618903029,-1.1
50.215,3.08521618688273,1.65674986370683,-1.1
50.22,3.08516635739969,1.65753771790147,-1.1
50.225,3.08511652791666,1.65832592972398,-1.1
50.23,3.08506717527079,1.65911366470933,-1.1
50.235,3.08501829946207,1.65989984997392,-1.1
50.24,3.08496918523478,1.66068472393632,-1.1
50.245,3.08491840207743,1.66146971710802,-1.1
50.25,3.08486499631571,1.66225649841905,-1.1
50.255,3.08480896794962,1.66304471024156,-1.1
50.26,3.08475246274637,1.66383304127336,-1.1
50.265,3.08469548070597,1.66462125309587,-1.1
50.27,3.08463587606119,1.66541077622056,-1.1
50.275,3.08457317197489,1.66620232590318,-1.1
50.28,3.08450784528421,1.66699506767869,-1.1
50.285,3.08444037282633,1.66778840550066,-1.1
50.29,3.08437194669413,1.66858210095048,-1.1
50.295,3.08430256688761,1.66937722691179,-1.1
50.3,3.08423151815104,1.67017402180315,-1.1
50.305,3.08416094625162,1.6709697438109,-1.1
50.31,3.084092758538,1.67176236637712,-1.1
50.315,3.08402457082438,1.67255379685045,-1.1
50.32,3.0839535220878,1.67334653862596,-1.1
50.325,3.08387985074686,1.6741401148665,-1.1
50.33,3.08380594098734,1.6749329758513,-1.1
50.335,3.08373060071634,1.67572547920824,-1.1
50.34,3.08365168416666,1.67652036675096,-1.1
50.345,3.08356776082682,1.67731930740953,-1.1
50.35,3.08347954595255,1.67812253960252,-1.1
50.355,3.08338990056681,1.67892755993486,-1.1
50.36,3.08330240094828,1.67973150738359,-1.1
50.365,3.08321823918985,1.68053259380937,-1.1
50.37,3.08313622319864,1.68133010395647,-1.1
50.375,3.08305444562601,1.68212463387132,-1.1
50.38,3.08297052228617,1.68291844853044,-1.1
50.385,3.082881115319,1.68371572025896,-1.1
50.39,3.08278550946879,1.68451823719621,-1.1
50.395,3.08268680417704,1.68532433041215,-1.1
50.4,3.08258809888529,1.68613173493028,-1.1
50.405,3.07927575713328,1.68670599424128,-1.1
50.41,3.07917800551585,1.68751435243373,-1.1
50.415,3.07908096915415,1.68832163774257,-1.1
50.42,3.07898727065256,1.68912534677272,-1.1
50.425,3.07889834052256,1.68992428743129,-1.1
50.43,3.07881250983408,1.69072000943904,-1.1
50.435,3.07872763281992,1.69151453935389,-1.1
50.44,3.07864299422434,1.6923084732223,-1.1
50.445,3.07855811721018,1.69310240709071,-1.1
50.45,3.07847180968455,1.69389693700557,-1.1
50.455,3.07838407164744,1.69469230138545,-1.1
50.46,3.07829609519175,1.69548778497462,-1.1
50.465,3.07820811873606,1.69628291093592,-1.1
50.47,3.07812038069895,1.6970772024322,-1.1
50.475,3.07803335791758,1.69787054025416,-1.1
50.48,3.07794561988047,1.69866316282039,-1.1
50.485,3.07785597449473,1.69945638143306,-1.1
50.49,3.07776466017893,1.70025114976649,-1.1
50.495,3.07767120009592,1.70104818307643,-1.1
50.5,3.0775779784315,1.70184605085139,-1.1
50.505,3.07748857146433,1.70264177285914,-1.1
50.51,3.07740321761301,1.70343391858821,-1.1
50.515,3.07732048636607,1.70422272645717,-1.1
50.52,3.07723870879343,1.70500903093104,-1.1
50.525,3.07715597754649,1.70579426252131,-1.1
50.53,3.07707110053233,1.70657997094874,-1.1
50.535,3.07698383933237,1.7073665138412,-1.1
50.54,3.07689395552805,1.70815508329158,-1.1
50.545,3.07680049544504,1.70894710981135,-1.1
50.55,3.07670322066477,1.70974318944697,-1.1
50.555,3.07660427695444,1.71054177247767,-1.1
50.56,3.07650676375559,1.71133975946193,-1.1
50.565,3.076413065254,1.71213512384181,-1.1
50.57,3.07632389670542,1.71292643510585,-1.1
50.575,3.07623878127268,1.71371381246333,-1.1
50.58,3.07615652686289,1.71449749433284,-1.1
50.585,3.07607474929026,1.71527879201655,-1.1
50.59,3.07599201804331,1.71606032811885,-1.1
50.595,3.07590642577341,1.7168446060348,-1.1
50.6,3.07581797248057,1.71763198339228,-1.1
50.605,3.07412993897418,1.71828811893881,-1.1
50.61,3.07404482354144,1.71907442341269,-1.1
50.615,3.07396113862017,1.71985905895651,-1.1
50.62,3.07387769211749,1.72064226398886,-1.1
50.625,3.07379448403338,1.72142487297476,-1.1
50.63,3.0737110375307,1.72220760116995,-1.1
50.635,3.07362782944659,1.72298997173727,-1.1
50.64,3.07354652871112,1.72377043495596,-1.1
50.645,3.07346665848712,1.7245492292446,-1.1
50.65,3.07338440407733,1.72532909641684,-1.1
50.655,3.07329785813311,1.72611182461203,-1.1
50.66,3.07320773591021,1.72689657936514,-1.1
50.665,3.07311618317584,1.72768204937399,-1.1
50.67,3.07302391518573,1.72846835384787,-1.1
50.675,3.07293021668414,1.72925596962393,-1.1
50.68,3.0728348492525,1.73004453907431,-1.1
50.685,3.0727390049837,1.73083358536184,-1.1
50.69,3.07264196862201,1.73162310848654,-1.1
50.695,3.07254374016742,1.73241358528555,-1.1
50.7,3.07244575013141,1.73320418129385,-1.1
50.705,3.07234871376971,1.73399358520926,-1.1
50.71,3.07225310791949,1.73478132019461,-1.1
50.715,3.07215797890643,1.73556786308706,-1.1
50.72,3.07206094254474,1.73635547886313,-1.1
50.725,3.07196104516009,1.73714488277853,-1.1
50.73,3.07185947884539,1.73793535957754,-1.1
50.735,3.0717579125307,1.73872607479513,-1.1
50.74,3.07165610779742,1.73951726684988,-1.1
50.745,3.07155406464557,1.74030929336966,-1.1
50.75,3.07145225991229,1.74110120068014,-1.1
50.755,3.07135117043475,1.74189167747915,-1.1
50.76,3.07125103463153,1.74268012772024,-1.1
50.765,3.07115018357257,1.74346857796133,-1.1
50.77,3.07104694832782,1.74425905476034,-1.1
50.775,3.07094180573443,1.74505155811728,-1.1
50.78,3.0708383320711,1.74584453831137,-1.1
50.785,3.07073819626788,1.74663668404043,-1.1
50.79,3.07064163674334,1.74742692242087,-1.1
50.795,3.07055008400897,1.74821298847616,-1.1
50.8,3.07046377648333,1.74899452457846,-1.1
50.805,3.07008546342314,1.74974735486987,-1.1
50.81,3.07000463952482,1.75052245367053,-1.1
50.815,3.06992667664946,1.75129457223895,-1.1
50.82,3.06985062112272,1.75206585634234,-1.1
50.825,3.06977289666594,1.75283880937579,-1.1
50.83,3.06969398011625,1.75361271608355,-1.1
50.835,3.06961649407805,1.75438531148913,-1.1
50.84,3.0695382927841,1.75515731084826,-1.1
50.845,3.06945770730436,1.755930383091,-1.1
50.85,3.06937378396452,1.75670464742663,-1.1
50.855,3.06928652276457,1.75748058069232,-1.1
50.86,3.06919640054167,1.7582588981438,-1.1
50.865,3.06910270204008,1.75904055345538,-1.1
50.87,3.06900590409697,1.75982554662707,-1.1
50.875,3.06890815247954,1.7606124471474,-1.1
50.88,3.06881087769926,1.76139934766772,-1.1
50.885,3.06871503343046,1.76218529451373,-1.1
50.89,3.06862133492888,1.76296969163897,-1.1
50.895,3.06852930535734,1.76375170457843,-1.1
50.9,3.06843870629728,1.76453085649493,-1.1
50.905,3.06834882249296,1.76530857789996,-1.1
50.91,3.06825560082853,1.76608820665362,-1.1
50.915,3.06815689553679,1.76687141168597,-1.1
50.92,3.06805461396635,1.76765723932269,-1.1
50.925,3.06794970979155,1.76844580877307,-1.1
50.93,3.06784122933806,1.76923795450213,-1.1
50.935,3.06773084153593,1.77003319967273,-1.1
50.94,3.06762140740812,1.77082844484332,-1.1
50.945,3.06751507272185,1.77162118661883,-1.1
50.95,3.06741231431425,1.77241059053424,-1.1
50.955,3.06731122483671,1.77319749105456,-1.1
50.96,3.06720965852202,1.77398367631915,-1.1
50.965,3.067107138533,1.77477010000232,-1.1
50.97,3.06700342645109,1.77555783498767,-1.1
50.975,3.06689876069487,1.77634759653094,-1.1
50.98,3.0667945717758,1.77713807332995,-1.1
50.985,3.06669181336821,1.77792759645465,-1.1
50.99,3.06659096230925,1.77871521223071,-1.1
50.995,3.06649058808745,1.77950127828601,-1.1
51,3.06638902177275,1.78028710592273,-1.1
51.005,3.06763686212101,1.78118702692771,-1.1
51.01,3.06753195794621,1.78197380823875,-1.1
51.015,3.06742514642277,1.78276142401481,-1.1
51.02,3.0673152354578,1.78355166239524,-1.1
51.025,3.06720055612126,1.78434666914725,-1.1
51.03,3.06708182366886,1.78514632506156,-1.1
51.035,3.06696285279789,1.78594729227805,-1.1
51.04,3.06684769662419,1.78674551768088,-1.1
51.045,3.06673754724064,1.78754040522361,-1.1
51.05,3.06663025888005,1.78833350462699,-1.1
51.055,3.06652440103092,1.78912469668174,-1.1
51.06,3.06642164262333,1.7899123124578,-1.1
51.065,3.06632198365727,1.79069670958304,-1.1
51.07,3.06622160943547,1.79148158354545,-1.1
51.075,3.06611813577214,1.79226943774009,-1.1
51.08,3.06601323159733,1.79305860323691,-1.1
51.085,3.06590832742253,1.79384669585013,-1.1
51.09,3.06580294641056,1.7946343116262,-1.1
51.095,3.06569375070133,1.79542478842521,-1.1
51.1,3.06557883294621,1.79622027201438,-1.1
51.105,3.06546129258671,1.79701885504508,-1.1
51.11,3.06534589799443,1.79781696123862,-1.1
51.115,3.06523431809941,1.79861280245566,-1.1
51.12,3.06512536080876,1.79940709395194,-1.1
51.125,3.065017595611,1.80020055098319,-1.1
51.13,3.06491006883183,1.80099233908439,-1.1
51.135,3.06480397256413,1.8017816237905,-1.1
51.14,3.06469859155216,1.80256971640372,-1.1
51.145,3.06459082635441,1.80335971636558,-1.1
51.15,3.06448020013371,1.8041523389318,-1.1
51.155,3.06436862023869,1.80494663042808,-1.1
51.16,3.06425632508793,1.80574199480796,-1.1
51.165,3.06414283784428,1.80653819365287,-1.1
51.17,3.06402887376347,1.80733498854423,-1.1
51.175,3.06391467126408,1.808131545017,-1.1
51.18,3.06380070718327,1.80892798228049,-1.1
51.185,3.06368793519535,1.80972358507896,-1.1
51.19,3.06357587846318,1.81051847262168,-1.1
51.195,3.06346453698673,1.81131264490867,-1.1
51.2,3.06335248025456,1.81210681719565,-1.1
51.205,3.06561175787889,1.81308394216094,-1.1
51.21,3.06549445593797,1.8138807370523,-1.1
51.215,3.0653742929741,1.81467884324584,-1.1
51.22,3.06525103056871,1.8154790952066,-1.1
51.225,3.06512395346604,1.81628256581817,-1.1
51.23,3.06499306166612,1.81708901666198,-1.1
51.235,3.0648597856804,1.81789785169158,-1.1
51.24,3.06472484076463,1.81870859406982,-1.1
51.245,3.06458846533738,1.81952088616882,-1.1
51.25,3.06445232832872,1.82033341668639,-1.1
51.255,3.0643178602501,1.82114487432037,-1.1
51.26,3.06418410742723,1.82195513986144,-1.1
51.265,3.06405083144151,1.82276492856536,-1.1
51.27,3.06391779387437,1.82357543252502,-1.1
51.275,3.06378451788865,1.82438712857757,-1.1
51.28,3.06365314925157,1.82519799016509,-1.1
51.285,3.06352583373033,1.8260056331018,-1.1
51.29,3.06340090239488,1.82681065343414,-1.1
51.295,3.06327597105943,1.82761591218505,-1.1
51.3,3.0631496092125,1.82842260144744,-1.1
51.305,3.06302324736558,1.82922940991912,-1.1
51.31,3.06289974654161,1.83003383420501,-1.1
51.315,3.06277815306626,1.83083611272369,-1.1
51.32,3.06265489066087,1.83163862966094,-1.1
51.325,3.06252733672105,1.83244353078399,-1.1
51.33,3.06239501440965,1.83325212739501,-1.1
51.335,3.06225840056382,1.83406406186614,-1.1
51.34,3.06211916411363,1.83487849973235,-1.1
51.345,3.06197825873338,1.83569460652862,-1.1
51.35,3.06183568442308,1.83651285909209,-1.1
51.355,3.06169096434556,1.83733361505065,-1.1
51.36,3.06154529059373,1.8381555631021,-1.1
51.365,3.06140057051622,1.83897679589782,-1.1
51.37,3.06125847304307,1.83979635976348,-1.1
51.375,3.06111828291856,1.84061461232696,-1.1
51.38,3.06097904646836,1.84143143437896,-1.1
51.385,3.06084147894822,1.84224682591949,-1.1
51.39,3.06070438826524,1.84306209825072,-1.1
51.395,3.06056586707078,1.84387868188415,-1.1
51.4,3.06042734587632,1.84469562314544,-1.1
51.405,3.06387703543924,1.84574339341109,-1.1
51.41,3.06374185210488,1.84655902337019,-1.1
51.415,3.06360786086343,1.84737405728285,-1.1
51.42,3.06347601538919,1.84818754147475,-1.1
51.425,3.06334536200784,1.84899876069014,-1.1
51.43,3.06321518546365,1.84980819176619,-1.1
51.435,3.06308357840799,1.85061714600508,-1.1
51.44,3.0629476798179,1.85142896126692,-1.1
51.445,3.06280748969339,1.85224626015608,-1.1
51.45,3.06266443854592,1.8530685658354,-1.1
51.455,3.06252305632852,1.85389218281691,-1.1
51.46,3.06238787299417,1.85471222351973,-1.1
51.465,3.06225912696145,1.85552761506026,-1.1
51.47,3.062134195626,1.85633931111281,-1.1
51.475,3.06201188689492,1.85714778851454,-1.1
51.48,3.06189196234964,1.85795268963759,-1.1
51.485,3.06177418357156,1.85875449131911,-1.1
51.49,3.06165640479348,1.85955593537276,-1.1
51.495,3.06153481131814,1.86036095570509,-1.1
51.5,3.06140773421548,1.86117193650191,-1.1
51.505,3.06127684241555,1.86198756646101,-1.1
51.51,3.06114571219705,1.86280462693159,-1.1
51.515,3.06101696616433,1.8636202568907,-1.1
51.52,3.06089060431741,1.86443397950117,-1.1
51.525,3.06076567298196,1.86524639080946,-1.1
51.53,3.06064145690225,1.86605832528059,-1.1
51.535,3.06051914817117,1.86687037896101,-1.1
51.54,3.06039970046304,1.86768183659498,-1.1
51.545,3.06028502112649,1.86849091004317,-1.1
51.55,3.06017701751016,1.86929521511976,-1.1
51.555,3.06007425910257,1.87009463261549,-1.1
51.56,3.05997364646218,1.87089142750685,-1.1
51.565,3.05987351065896,1.87168774556105,-1.1
51.57,3.05977409011148,1.87248418282454,-1.1
51.575,3.05967705374978,1.87327930878584,-1.1
51.58,3.05958359366677,1.87407169293349,-1.1
51.585,3.05949275618814,1.87486205052321,-1.1
51.59,3.05940096503518,1.87565348099653,-1.1
51.595,3.05930655127786,1.87644765328352,-1.1
51.6,3.05921166068338,1.87724254082625,-1.1
51.605,3.06332844415887,1.87824096396451,-1.1
51.61,3.06323975244744,1.87903060629849,-1.1
51.615,3.06315177599175,1.87981941416745,-1.1
51.62,3.06306236902459,1.88061012938504,-1.1
51.625,3.06297057787163,1.88140287116055,-1.1
51.63,3.06287807146294,1.88219573214536,-1.1
51.635,3.06278699556573,1.88298704340939,-1.1
51.64,3.06269520441277,1.88377859309201,-1.1
51.645,3.06260055223687,1.88457264616971,-1.1
51.65,3.06250303903802,1.88536944106107,-1.1
51.655,3.06240385690911,1.88616862013821,-1.1
51.66,3.06230395952447,1.88696911051755,-1.1
51.665,3.06220382372124,1.88777019694333,-1.1
51.67,3.0621039263366,1.88857104495053,-1.1
51.675,3.06200331369622,1.88937260821347,-1.1
51.68,3.06190127054436,1.89017595961575,-1.1
51.685,3.06179779688103,1.89098050311093,-1.1
51.69,3.06169503847344,1.89178504660611,-1.1
51.695,3.06159299532158,1.89258911326413,-1.1
51.7,3.06148999849541,1.89339413359647,-1.1
51.705,3.06138533273919,1.89420082285886,-1.1
51.71,3.06127875963433,1.89500930026059,-1.1
51.715,3.06117099443658,1.89581932738309,-1.1
51.72,3.06106299082024,1.8966303081799,-1.1
51.725,3.06095546404107,1.89744236186032,-1.1
51.73,3.06084912935479,1.89825453475003,-1.1
51.735,3.06074494043572,1.89906563475613,-1.1
51.74,3.06064313570244,1.89987470820432,-1.1
51.745,3.06054252306206,1.90068199351315,-1.1
51.75,3.06044191042168,1.90148856356625,-1.1
51.755,3.06033986726983,1.90229584887509,-1.1
51.76,3.06023567835076,1.90310551836972,-1.1
51.765,3.06012958208306,1.90391757205014,-1.1
51.77,3.06002253214104,1.90473093703275,-1.1
51.775,3.05991572061761,1.90554573252683,-1.1
51.78,3.05980795541985,1.90636207774167,-1.1
51.785,3.05969947496636,1.90717889979367,-1.1
51.79,3.05959314028008,1.90799441054349,-1.1
51.795,3.05948823610528,1.90880932524686,-1.1
51.8,3.05938380876763,1.90962447836881,-1.1
51.805,3.06401825490543,1.91058556220994,-1.1
51.81,3.06392074170658,1.91139749668107,-1.1
51.815,3.06382608953067,1.91220657012925,-1.1
51.82,3.06373405995914,1.9130125441359,-1.1
51.825,3.06364203038761,1.91381720684037,-1.1
51.83,3.0635473782117,1.91462377689347,-1.1
51.835,3.06345010343143,1.91543285034165,-1.1
51.84,3.06335187497684,1.91624395034775,-1.1
51.845,3.06325483861515,1.91705612323746,-1.1
51.85,3.06315851750919,1.91786877296433,-1.1
51.855,3.06306338849613,1.91868130348191,-1.1
51.86,3.06296992841312,1.91949335716233,-1.1
51.865,3.06287766042301,1.92030517242417,-1.1
51.87,3.06278777661869,1.9211159148024,-1.1
51.875,3.06270361486026,1.92192320011124,-1.1
51.88,3.06262541356632,1.92272619388566,-1.1
51.885,3.0625515038068,1.92352549217209,-1.1
51.89,3.06247997823306,1.924321691017,-1.1
51.895,3.06240797582218,1.92511657855973,-1.1
51.9,3.06233215871402,1.92591349266038,-1.1
51.905,3.06225133481571,1.92671505592331,-1.1
51.91,3.06216574254581,1.92752222202286,-1.1
51.915,3.06207824292728,1.92833356044755,-1.1
51.92,3.06199145856449,1.92914656780228,-1.1
51.925,3.06190610471317,1.92995969436631,-1.1
51.93,3.06182170453617,1.93077222488389,-1.1
51.935,3.0617380196149,1.9315832056807,-1.1
51.94,3.06165504994937,1.93239287517533,-1.1
51.945,3.061572557121,1.93320194862351,-1.1
51.95,3.0614893490369,1.93401161811814,-1.1
51.955,3.06140590253421,1.93482271812424,-1.1
51.96,3.06132174077579,1.93563560626969,-1.1
51.965,3.06123567166873,1.93645135543809,-1.1
51.97,3.06114888730594,1.93726865432725,-1.1
51.975,3.06106257978031,1.93808583400712,-1.1
51.98,3.06097746434757,1.93890217922196,-1.1
51.985,3.06089330258914,1.93971757076249,-1.1
51.99,3.06081033292362,1.94053272388444,-1.1
51.995,3.06072855535098,1.94134871147141,-1.1
52,3.06064796987125,1.94216517589554,-1.1
52.005,3.06502327769788,1.94303571117249,-1.1
52.01,3.06495079844983,1.94384609592286,-1.1
52.015,3.06488070338758,1.94465350044098,-1.1
52.02,3.06481013148816,1.9454599512848,-1.1
52.025,3.06473693698438,1.94626675975647,-1.1
52.03,3.06466088145765,1.94707559478608,-1.1
52.035,3.0645814880708,1.94788907897797,-1.1
52.04,3.06449851840528,1.94870816600647,-1.1
52.045,3.06441483348401,1.94953035247651,-1.1
52.05,3.06433448642286,1.95035230052796,-1.1
52.055,3.06425819247754,1.95117293727723,-1.1
52.06,3.06418547481092,1.95199059379426,-1.1
52.065,3.06411847919019,1.95280252826539,-1.1
52.07,3.06405768245252,1.9536089791092,-1.1
52.075,3.06399998515638,1.95441292655793,-1.1
52.08,3.06394467204602,1.95521627796021,-1.1
52.085,3.06389341205152,1.95601831806031,-1.1
52.09,3.06384692042859,1.95681821239319,-1.1
52.095,3.06380519717725,1.95761524570313,-1.1
52.1,3.06376776546033,1.95840798747864,-1.1
52.105,3.06373367160352,1.95919703376618,-1.1
52.11,3.0637007698396,1.95998488796082,-1.1
52.115,3.06366786807569,1.96077357662049,-1.1
52.12,3.0636368736604,1.96156262290803,-1.1
52.125,3.06360969394239,1.9623501194748,-1.1
52.13,3.06358680575879,1.96313535106507,-1.1
52.135,3.06356701701673,1.96391831767884,-1.1
52.14,3.06354865878614,1.96469961536255,-1.1
52.145,3.0635307773927,1.96547960174408,-1.1
52.15,3.06351289599927,1.96625839603272,-1.1
52.155,3.0634942993501,1.96703730953064,-1.1
52.16,3.06347427218946,1.96781848800507,-1.1
52.165,3.06345114558728,1.96860371959534,-1.1
52.17,3.0634258732179,1.96939264667359,-1.1
52.175,3.0633996471742,1.97018324268189,-1.1
52.18,3.06337270587476,1.97097479236451,-1.1
52.185,3.063344810901,1.97176717651215,-1.1
52.19,3.06331548541578,1.9725606335434,-1.1
52.195,3.06328568309339,1.97335516345826,-1.1
52.2,3.06325540393384,1.97414993179169,-1.1
52.205,3.06679439962334,1.97493253446608,-1.1
52.21,3.06676197469659,1.97572921014815,-1.1
52.215,3.0667252582354,1.97653017736464,-1.1
52.22,3.0666842502398,1.97733579374343,-1.1
52.225,3.06664157331414,1.97814427114516,-1.1
52.23,3.06659937322564,1.9789538214305,-1.1
52.235,3.06655860364861,1.97976396776229,-1.1
52.24,3.06652117193169,1.98057375646621,-1.1
52.245,3.0664880317492,1.98138080335646,-1.1
52.25,3.06646013677544,1.98218296266585,-1.1
52.255,3.06643748701043,1.98297880388289,-1.1
52.26,3.06641626775689,1.98377118803054,-1.1
52.265,3.06639266431756,1.98456512189894,-1.1
52.27,3.06636500776238,1.98536370492965,-1.1
52.275,3.06633472860284,1.98616801000624,-1.1
52.28,3.06630540311761,1.98697529531508,-1.1
52.285,3.0662803691668,1.98778103090316,-1.1
52.29,3.06626153409905,1.98858235574752,-1.1
52.295,3.06624722898431,1.98937926984816,-1.1
52.3,3.06623435438103,1.99017368055373,-1.1
52.305,3.06622267187066,1.99096570707351,-1.1
52.31,3.06621337354607,1.99175534940749,-1.1
52.315,3.06620598257012,1.99254463411361,-1.1
52.32,3.06619859159417,1.99333558774977,-1.1
52.325,3.06619120061822,1.994128210316,-1.1
52.33,3.06618428647942,1.99492119051009,-1.1
52.335,3.06617689550347,1.99571381307631,-1.1
52.34,3.06616759717889,1.99650631643325,-1.1
52.345,3.06615591466851,1.99730001188308,-1.1
52.35,3.06613970220513,1.99809752203017,-1.1
52.355,3.06611895978875,1.99890087343245,-1.1
52.36,3.066095594768,1.99970887399703,-1.1
52.365,3.06607151449151,2.00051985479384,-1.1
52.37,3.06604743421502,2.00133155084639,-1.1
52.375,3.06602287710137,2.00214300848037,-1.1
52.38,3.06599665105767,2.0029549429515,-1.1
52.385,3.06596732557244,2.00376854635268,-1.1
52.39,3.06593490064568,2.00458477235823,-1.1
52.395,3.06590056837029,2.00540374017745,-1.1
52.4,3.06586432874627,2.00622652269393,-1.1
52.405,3.0685485102464,2.00700904306072,-1.1
52.41,3.06850964801801,2.00783647473949,-1.1
52.415,3.06847007053388,2.00866331037181,-1.1
52.42,3.06842810886395,2.00949074205058,-1.1
52.425,3.06838185565961,2.0103222268452,-1.1
52.43,3.06833131092084,2.01115943368572,-1.1
52.435,3.06827957408917,2.01199938233989,-1.1
52.44,3.06823093669904,2.01283837731975,-1.1
52.445,3.06818563716901,2.013676299416,-1.1
52.45,3.06814081447614,2.01451541360515,-1.1
52.455,3.06809694545758,2.01535500463146,-1.1
52.46,3.06805665271771,2.01619125779765,-1.1
52.465,3.06802232044232,2.01702190812724,-1.1
52.47,3.06799371021283,2.01784743245738,-1.1
52.475,3.06796867626203,2.0186709302296,-1.1
52.48,3.06794554965985,2.01949383195537,-1.1
52.485,3.06792456882489,2.02031470712322,-1.1
52.49,3.06790597217572,2.02113236364025,-1.1
52.495,3.06788785236371,2.02194930490154,-1.1
52.5,3.06786663311017,2.02276922639507,-1.1
52.505,3.0678423144151,2.02359308179515,-1.1
52.51,3.06781775730145,2.02441872533458,-1.1
52.515,3.06779463069928,2.0252444880833,-1.1
52.52,3.06777269619,2.02606989320415,-1.1
52.525,3.06775052326215,2.02689446385997,-1.1
52.53,3.06772644298566,2.0277189153065,-1.1
52.535,3.06769902484906,2.02854622777599,-1.1
52.54,3.06766612308515,2.02937985833782,-1.1
52.545,3.0676301218797,2.03021873410838,-1.1
52.55,3.06759555118573,2.03105832513469,-1.1
52.555,3.06756455677045,2.03189600881236,-1.1
52.56,3.06753499286664,2.03273309644359,-1.1
52.565,3.06750423686994,2.03357089933055,-1.1
52.57,3.06747205036176,2.03440894063609,-1.1
52.575,3.06744057910932,2.03524638589519,-1.1
52.58,3.06741053836835,2.03608454641002,-1.1
52.585,3.06738216655744,2.03692354138988,-1.1
52.59,3.06735760944379,2.03776098664897,-1.1
52.595,3.06733829753888,2.03859425958293,-1.1
52.6,3.0673220850755,2.03942455228465,-1.1
52.605,3.06888989051467,2.04021423072741,-1.1
52.61,3.06887487014419,2.04104130477831,-1.1
52.615,3.06886128028518,2.04186670989916,-1.1
52.62,3.06884864410049,2.04269163818285,-1.1
52.625,3.06883529266006,2.04351835460589,-1.1
52.63,3.06882098754531,2.04434721679613,-1.1
52.635,3.06880596717483,2.04517762870714,-1.1
52.64,3.06878999313003,2.04600899429247,-1.1
52.645,3.06877258857375,2.04684071750567,-1.1
52.65,3.068753753506,2.04767291755602,-1.1
52.655,3.06873253425246,2.04850738258288,-1.1
52.66,3.06870750030166,2.04934613914415,-1.1
52.665,3.06868008216506,2.05018894882128,-1.1
52.67,3.06865242560989,2.05103438110277,-1.1
52.675,3.06862548431045,2.05188136310503,-1.1
52.68,3.06860021194106,2.05272774906084,-1.1
52.685,3.06857803901321,2.05357115478441,-1.1
52.69,3.0685575350154,2.05441122264788,-1.1
52.695,3.06853774627334,2.05524985999987,-1.1
52.7,3.06851748069411,2.05608968944475,-1.1
52.705,3.06849626144057,2.05693249912188,-1.1
52.71,3.06847623427993,2.05777626247332,-1.1
52.715,3.06846002181655,2.05861776084826,-1.1
52.72,3.06844714721328,2.05945627899096,-1.1
52.725,3.06843498786575,2.06029396266863,-1.1
52.73,3.06842187484389,2.06113224239275,-1.1
52.735,3.06840852340347,2.06197076053545,-1.1
52.74,3.06839660247451,2.06280856342241,-1.1
52.745,3.0683875425685,2.06364541263506,-1.1
52.75,3.06838039001113,2.06448178501055,-1.1
52.755,3.06837514480239,2.06531791896746,-1.1
52.76,3.0683715685237,2.06615298004076,-1.1
52.765,3.06836942275649,2.06698601455614,-1.1
52.77,3.06836846908218,2.0678170225136,-1.1
52.775,3.0683682306636,2.06864695758745,-1.1
52.78,3.06836751540786,2.06947844238207,-1.1
52.785,3.06836680015212,2.07031195373461,-1.1
52.79,3.06836751540786,2.07114618034288,-1.1
52.795,3.0683715685237,2.0719788572304,-1.1
52.8,3.0683784826625,2.07280843467638,-1.1
52.805,3.06870291954419,2.07362640842424,-1.1
52.81,3.06871269470594,2.07445240959154,-1.1
52.815,3.06872199303052,2.075278887596,-1.1
52.82,3.06873200661084,2.07610512718187,-1.1
52.825,3.06874416595838,2.07693017467485,-1.1
52.83,3.06875727898023,2.07775486453997,-1.1
52.835,3.06876991516492,2.07858098491655,-1.1
52.84,3.0687815976753,2.07940877422319,-1.1
52.845,3.06879280334851,2.08023787483202,-1.1
52.85,3.06880472427747,2.08106661781298,-1.1
52.855,3.06881831413648,2.08189285739885,-1.1
52.86,3.06883309608838,2.08271742805468,-1.1
52.865,3.06884668594739,2.08354354843126,-1.1
52.87,3.06885646110913,2.08437372192369,-1.1
52.875,3.06886337524793,2.08520687564837,-1.1
52.88,3.06886981254956,2.08604086383806,-1.1
52.885,3.0688750577583,2.0868766401671,-1.1
52.89,3.06887791878125,2.08771551593767,-1.1
52.895,3.06887911087415,2.08855737194048,-1.1
52.9,3.06888006454846,2.08940053924547,-1.1
52.905,3.06888221031568,2.09024287208544,-1.1
52.91,3.06888626343152,2.09108377441393,-1.1
52.915,3.06889127022168,2.09192408069597,-1.1
52.92,3.068896753849,2.09276545986162,-1.1
52.925,3.06890390640638,2.09360755428301,-1.1
52.93,3.06891463524243,2.09444821819292,-1.1
52.935,3.06893180138013,2.09528447135912,-1.1
52.94,3.06895659691236,2.09611440643297,-1.1
52.945,3.06898711449048,2.09693861946093,-1.1
52.95,3.06902192360303,2.0977580641173,-1.1
52.955,3.06906007057569,2.09857333644854,-1.1
52.96,3.0690998864784,2.0993859861754,-1.1
52.965,3.06914017921826,2.10019803985582,-1.1
52.97,3.06918023353955,2.10101140483843,-1.1
52.975,3.06921909576795,2.10182751163469,-1.1
52.98,3.06925771957776,2.10264588340746,-1.1
52.985,3.06929753548047,2.1034644935988,-1.1
52.99,3.06933973556897,2.10428167327868,-1.1
52.995,3.06938527351758,2.1050970648192,-1.1
53,3.06943367248914,2.10591031059252,-1.1
53.005,3.06872247076125,2.10674080304576,-1.1
53.01,3.06877969122024,2.10754498891307,-1.1
53.015,3.06884001112075,2.10834619454814,-1.1
53.02,3.06890033102126,2.10914763860179,-1.1
53.025,3.06895969724746,2.10995051316692,-1.1
53.03,3.06901977872939,2.11075410298778,-1.1
53.035,3.0690812907228,2.11155757359935,-1.1
53.04,3.06914471006484,2.11236056737377,-1.1
53.045,3.06921003675552,2.11316165379955,-1.1
53.05,3.06927679395767,2.11396035603954,-1.1
53.055,3.06934378957839,2.11475786618663,-1.1
53.06,3.06940840101333,2.11555716447307,-1.1
53.065,3.06946943616958,2.11635980061962,-1.1
53.07,3.06952832555862,2.11716482095195,-1.1
53.075,3.06958530759902,2.11797174863292,-1.1
53.08,3.0696391901979,2.11878177575542,-1.1
53.085,3.06968854284377,2.11959728650524,-1.1
53.09,3.06973336553665,2.12041828088237,-1.1
53.095,3.06977532720657,2.12124154023601,-1.1
53.1,3.06981776571365,2.12206503800823,-1.1
53.105,3.06986020422073,2.12289008550121,-1.1
53.11,3.06990073537917,2.12371823243572,-1.1
53.115,3.06994222021194,2.12454626016094,-1.1
53.12,3.06998704290481,2.12537106923534,-1.1
53.125,3.07003329610915,2.12619456700756,-1.1
53.13,3.07007931089492,2.12701949529125,-1.1
53.135,3.07012580251785,2.12784537724925,-1.1
53.14,3.07017515516372,2.12866911344005,-1.1
53.145,3.0702290377626,2.12948831967784,-1.1
53.15,3.07028625822158,2.1303045456834,-1.1
53.155,3.07034276342483,2.13112065247966,-1.1
53.16,3.07039759969802,2.13193747453166,-1.1
53.165,3.07045172071548,2.13275489263011,-1.1
53.17,3.07050417280288,2.13357457570507,-1.1
53.175,3.07055471754165,2.13439771584941,-1.1
53.18,3.07060573911758,2.13522288255168,-1.1
53.185,3.07065890646072,2.13604852609111,-1.1
53.19,3.07071517324539,2.13687273911907,-1.1
53.195,3.07077692365737,2.13769277982189,-1.1
53.2,3.07084415769668,2.13850733689739,-1.1
53.205,3.06831423344874,2.13937075746266,-1.1
53.21,3.06838957371974,2.14017518174855,-1.1
53.215,3.06846682133936,2.14097722184865,-1.1
53.22,3.06854383054041,2.14177985799519,-1.1
53.225,3.06861964764857,2.14258416307179,-1.1
53.23,3.06869522633814,2.14339013707845,-1.1
53.235,3.06877032819056,2.14419706475942,-1.1
53.24,3.0688439995315,2.14500542295186,-1.1
53.245,3.06891695561671,2.14581509244649,-1.1
53.25,3.06898943486475,2.14662547719685,-1.1
53.255,3.06906215253138,2.1474361003658,-1.1
53.26,3.06913630070948,2.14824576986043,-1.1
53.265,3.06921164098048,2.14905448568074,-1.1
53.27,3.06928793492579,2.14986308229176,-1.1
53.275,3.06936494412684,2.15067227494924,-1.1
53.28,3.06944243016505,2.15148146760671,-1.1
53.285,3.06952230038905,2.15228863370625,-1.1
53.29,3.06960455479884,2.15309222352712,-1.1
53.295,3.06968657079005,2.15389354837148,-1.1
53.3,3.06976548733973,2.15469570768086,-1.1
53.305,3.06983820500636,2.15550263536183,-1.1
53.31,3.06990305485987,2.15631707322804,-1.1
53.315,3.06996146741175,2.15713914048879,-1.1
53.32,3.07001558842921,2.15796704900472,-1.1
53.325,3.07006708684229,2.15879853379933,-1.1
53.33,3.07011715474391,2.15963240277974,-1.1
53.335,3.0701650768783,2.16046817910878,-1.1
53.34,3.07021109166407,2.16130514753072,-1.1
53.345,3.070257583287,2.16214247358052,-1.1
53.35,3.07030479016566,2.16298003804891,-1.1
53.355,3.07035366597437,2.16381664884297,-1.1
53.36,3.07040683331751,2.16465111386983,-1.1
53.365,3.07046381535792,2.16548379075734,-1.1
53.37,3.07052270474696,2.1663147987148,-1.1
53.375,3.07058517041468,2.16714139592854,-1.1
53.38,3.07065168919825,2.16796239030568,-1.1
53.385,3.07071868481898,2.16878183496205,-1.1
53.39,3.07078377309107,2.16960306775777,-1.1
53.395,3.07084790768885,2.17042704236714,-1.1
53.4,3.07091275754237,2.17125256669728,-1.1
53.405,3.06655961546464,2.17210705534972,-1.1
53.41,3.06662899527116,2.17292828814543,-1.1
53.415,3.066699328752,2.1737478520111,-1.1
53.42,3.0667665627913,2.17456896559752,-1.1
53.425,3.06683069738908,2.17539198653258,-1.1
53.43,3.06689411673112,2.1762165571884,-1.1
53.435,3.06695729765459,2.17704339282073,-1.1
53.44,3.06702024015947,2.17787225501097,-1.1
53.445,3.06708509001298,2.17870064036406,-1.1
53.45,3.06715232405229,2.17952699915923,-1.1
53.455,3.06722003492876,2.18035145060576,-1.1
53.46,3.0672879842238,2.18117423312224,-1.1
53.465,3.067356410356,2.18199618117369,-1.1
53.47,3.06742412123247,2.18281812922515,-1.1
53.475,3.06749135527177,2.1836400772766,-1.1
53.48,3.06755906614824,2.18446250216521,-1.1
53.485,3.06762415442033,2.18528790728606,-1.1
53.49,3.06768590483232,2.18611736552275,-1.1
53.495,3.06774717840715,2.18694777743376,-1.1
53.5,3.06780964407487,2.18777628199614,-1.1
53.505,3.06787377867265,2.18860228316344,-1.1
53.51,3.06793791327043,2.18942697302855,-1.1
53.515,3.06799966368242,2.19025309340514,-1.1
53.52,3.0680580762343,2.19108255164183,-1.1
53.525,3.06811386618181,2.1919157053665,-1.1
53.53,3.06816917929216,2.19275064723052,-1.1
53.535,3.06822592291398,2.19358499304808,-1.1
53.54,3.06828433546586,2.19441766993559,-1.1
53.545,3.06834370169206,2.19524903552092,-1.1
53.55,3.0684025910811,2.19608028189696,-1.1
53.555,3.06846148047014,2.19691164748229,-1.1
53.56,3.06852156195207,2.1977420593933,-1.1
53.565,3.06858355078264,2.19857020632781,-1.1
53.57,3.06864720854326,2.19939692275084,-1.1
53.575,3.06871015104814,2.20022483126677,-1.1
53.58,3.06877118620439,2.20105536238707,-1.1
53.585,3.06883198294206,2.20188565508879,-1.1
53.59,3.06889492544694,2.20271260993041,-1.1
53.595,3.06895858320756,2.20353765742339,-1.1
53.6,3.06901890310808,2.204364612265,-1.1
53.605,3.06415570879418,2.20513754180004,-1.1
53.61,3.06420696878868,2.2059730797105,-1.1
53.615,3.06425632143456,2.20681207469036,-1.1
53.62,3.06430495882469,2.20765369227459,-1.1
53.625,3.06435454988915,2.20849495223095,-1.1
53.63,3.06440652513939,2.20933370879223,-1.1
53.635,3.06445993090111,2.21017055800488,-1.1
53.64,3.06451190615135,2.2110076456361,-1.1
53.645,3.0645626893087,2.21184485247662,-1.1
53.65,3.06461418772179,2.21268098643353,-1.1
53.655,3.06466568613487,2.21351759722759,-1.1
53.66,3.06471599245506,2.21435611537029,-1.1
53.665,3.0647658219381,2.21519558718731,-1.1
53.67,3.06481588983971,2.21603434374859,-1.1
53.675,3.0648661961599,2.21687214663555,-1.1
53.68,3.06491554880577,2.21770994952252,-1.1
53.685,3.06496370935875,2.21854858687451,-1.1
53.69,3.06501186991173,2.21938746264507,-1.1
53.695,3.06506074572045,2.2202257423692,-1.1
53.7,3.06511081362206,2.22106354525616,-1.1
53.705,3.06516183519798,2.22190099051525,-1.1
53.71,3.06521309519249,2.22273807814648,-1.1
53.715,3.06526459360558,2.22357313921978,-1.1
53.72,3.06531609201866,2.22440557768872,-1.1
53.725,3.0653659215017,2.22523813536694,-1.1
53.73,3.06541050577599,2.22607498457958,-1.1
53.735,3.06544960642296,2.22691743662884,-1.1
53.74,3.06548656130272,2.22776286891033,-1.1
53.745,3.06552351618248,2.22860877802899,-1.1
53.75,3.06555951738793,2.22945504477551,-1.1
53.755,3.06559337282616,2.23030202677777,-1.1
53.76,3.0656248440786,2.23115127375653,-1.1
53.765,3.06565416956383,2.23200278571179,-1.1
53.77,3.06568373346764,2.23285417845776,-1.1
53.775,3.06571687365013,2.23370259097149,-1.1
53.78,3.06575287485558,2.23454850009014,-1.1
53.785,3.06578863764244,2.2353954820924,-1.1
53.79,3.06582392359215,2.23624389460613,-1.1
53.795,3.06586135530907,2.23709183028271,-1.1
53.8,3.06590474749046,2.23793523600628,-1.1
53.805,3.06095135831115,2.23861275365462,-1.1
53.81,3.06100881718872,2.23944233110061,-1.1
53.815,3.06106866025207,2.24026773622146,-1.1
53.82,3.06112778805969,2.24109230687728,-1.1
53.825,3.06118477010009,2.24191735437026,-1.1
53.83,3.06123984479187,2.24274419000259,-1.1
53.835,3.06129325055359,2.24357305219283,-1.1
53.84,3.06134474896667,2.24440429856887,-1.1
53.845,3.0613945784497,2.24523721387496,-1.1
53.85,3.06144273900268,2.2460707252275,-1.1
53.855,3.06148899220703,2.24690519025436,-1.1
53.86,3.061532622807,2.24774072816482,-1.1
53.865,3.06157410763977,2.2485772197496,-1.1
53.87,3.06161463879821,2.24941466500869,-1.1
53.875,3.06165445470092,2.25025377919784,-1.1
53.88,3.06169331692932,2.25109420468917,-1.1
53.885,3.06173313283203,2.25193415334335,-1.1
53.89,3.06177437924621,2.25277219464889,-1.1
53.895,3.06181610249756,2.25360880544295,-1.1
53.9,3.06185806416748,2.25444493939986,-1.1
53.905,3.06190074109314,2.25528059651961,-1.1
53.91,3.06194461011169,2.25611458470931,-1.1
53.915,3.06199157857177,2.25694547345748,-1.1
53.92,3.06204045438049,2.25777445485702,-1.1
53.925,3.06208718442199,2.25860438993087,-1.1
53.93,3.06213176869629,2.25943527867904,-1.1
53.935,3.06217587613342,2.26026569059005,-1.1
53.94,3.06221902989624,2.2610968177568,-1.1
53.945,3.062260514729,2.26192937543502,-1.1
53.95,3.06230128430603,2.2627624099504,-1.1
53.955,3.06234205388305,2.26359544446578,-1.1
53.96,3.06238186978576,2.2644291942369,-1.1
53.965,3.06242073201416,2.26526342084518,-1.1
53.97,3.06245959424255,2.26609740903487,-1.1
53.975,3.06249869488952,2.26693044355025,-1.1
53.98,3.06253827237365,2.26776252439132,-1.1
53.985,3.06257737302063,2.26859460523238,-1.1
53.99,3.06261551999328,2.26942692449203,-1.1
53.995,3.06265247487304,2.27025972058883,-1.1
54,3.06268823765991,2.27109370877853,-1.1
54.005,3.05768689591621,2.27166767870314,-1.1
54.01,3.05772075135445,2.27250357424147,-1.1
54.015,3.05775484521126,2.27333923136122,-1.1
54.02,3.05778941590523,2.27417441164382,-1.1
54.025,3.05782565552925,2.27500792299635,-1.1
54.03,3.05786213357185,2.275840242256,-1.1
54.035,3.05789837319588,2.27667232309706,-1.1
54.04,3.05793389756416,2.27750416551955,-1.1
54.045,3.05796799142097,2.27833648477919,-1.1
54.05,3.05800041634773,2.27916904245741,-1.1
54.055,3.05803069550728,2.28000160013564,-1.1
54.06,3.05805739838814,2.28083558832533,-1.1
54.065,3.0580783792231,2.28167362963088,-1.1
54.07,3.05809268433784,2.28251715456374,-1.1
54.075,3.05810198266243,2.28336473261244,-1.1
54.08,3.0581091352198,2.2842139795912,-1.1
54.085,3.0581148572657,2.28506465708144,-1.1
54.09,3.05811771828865,2.28591771875746,-1.1
54.095,3.05811867196297,2.28677221094496,-1.1
54.1,3.0581193872187,2.28762574945815,-1.1
54.105,3.05812129456734,2.28847809587843,-1.1
54.11,3.05812320191597,2.28932925020583,-1.1
54.115,3.05812463242744,2.29017968927748,-1.1
54.12,3.05812606293892,2.29103012834914,-1.1
54.125,3.05812677819466,2.29188199793227,-1.1
54.13,3.05812701661324,2.29273505960829,-1.1
54.135,3.05813011605476,2.29358526026137,-1.1
54.14,3.05813750703072,2.29442997728713,-1.1
54.145,3.05814585168098,2.2952711180342,-1.1
54.15,3.05815038163399,2.29611392771132,-1.1
54.155,3.05814918954109,2.29696102892287,-1.1
54.16,3.05814442116951,2.29781122957594,-1.1
54.165,3.05813965279793,2.29866214548476,-1.1
54.17,3.0581365533564,2.29951282297499,-1.1
54.175,3.05813321549629,2.30036397730238,-1.1
54.18,3.05812940079903,2.3012148932112,-1.1
54.185,3.05812582452034,2.30206342493422,-1.1
54.19,3.05812272507881,2.30291028772719,-1.1
54.195,3.0581193872187,2.303756673683,-1.1
54.2,3.05811509568428,2.30460353647597,-1.1
54.205,3.05417432361378,2.30517515894603,-1.1
54.21,3.05417027049793,2.30602154490184,-1.1
54.215,3.05416526370777,2.30686888453197,-1.1
54.22,3.05415787273182,2.30771741625499,-1.1
54.225,3.05414881282581,2.30856642481517,-1.1
54.23,3.05413951450123,2.30941471811962,-1.1
54.235,3.05412950092091,2.31026229616832,-1.1
54.24,3.05411734157337,2.31110987421703,-1.1
54.245,3.05410160594715,2.31195912119579,-1.1
54.25,3.05408014827503,2.31281242129039,-1.1
54.255,3.05405296855702,2.31367096659374,-1.1
54.26,3.05402245097889,2.31453261133861,-1.1
54.265,3.05399121814503,2.3153940176649,-1.1
54.27,3.05396046214832,2.3162542318983,-1.1
54.275,3.05392756038441,2.31711396929454,-1.1
54.28,3.05388989024891,2.31797513720226,-1.1
54.285,3.05384697490467,2.31883916613292,-1.1
54.29,3.05379881435169,2.31970748659801,-1.1
54.295,3.05374683910145,2.3205803370161,-1.1
54.3,3.05369414859547,2.3214553332014,-1.1
54.305,3.05364408069386,2.32232985254955,-1.1
54.31,3.05359782748951,2.32320127245616,-1.1
54.315,3.05355515056385,2.3240679239912,-1.1
54.32,3.0535158114983,2.32492956873607,-1.1
54.325,3.05347694926991,2.32578763720226,-1.1
54.33,3.05343641811146,2.32664570566844,-1.1
54.335,3.05339421802296,2.32750568148326,-1.1
54.34,3.05335058742298,2.32836804148387,-1.1
54.345,3.05330719524159,2.32923087832164,-1.1
54.35,3.0532659488274,2.33009204622936,-1.1
54.355,3.05322517925037,2.33095154520702,-1.1
54.36,3.05318297916187,2.33181032892894,-1.1
54.365,3.05313958698048,2.33266863581371,-1.1
54.37,3.0530959563805,2.33352622744274,-1.1
54.375,3.05305280261768,2.33438358065319,-1.1
54.38,3.0530103641106,2.33524093386364,-1.1
54.385,3.05296864085926,2.33609852549266,-1.1
54.39,3.0529271560265,2.33695611712169,-1.1
54.395,3.05288662486805,2.33781299349498,-1.1
54.4,3.05284823947682,2.33866772410106,-1.1
54.405,3.05026333133256,2.33930744159453,-1.1
54.41,3.05023233691728,2.34015454280608,-1.1
54.415,3.05020491878068,2.34099711406463,-1.1
54.42,3.0501784543184,2.34183730113738,-1.1
54.425,3.05014889041459,2.34267844188445,-1.1
54.43,3.05011384288346,2.34352292049163,-1.1
54.435,3.05007402698075,2.34437121379607,-1.1
54.44,3.05003087321794,2.34522236812346,-1.1
54.445,3.04998581210649,2.34607542979949,-1.1
54.45,3.04994027415788,2.34692920673125,-1.1
54.455,3.04989473620927,2.34778346050017,-1.1
54.46,3.04984919826066,2.34863699901336,-1.1
54.465,3.04980509082353,2.34948767650359,-1.1
54.47,3.04976336757218,2.35033573138946,-1.1
54.475,3.04972164432084,2.3511840246939,-1.1
54.48,3.0496799210695,2.35203351009124,-1.1
54.485,3.04964153567826,2.35288084972136,-1.1
54.49,3.04960887233293,2.35372294414275,-1.1
54.495,3.04958026210343,2.35456027019256,-1.1
54.5,3.04955189029252,2.35539521205657,-1.1
54.505,3.04952065745866,2.35623039233916,-1.1
54.51,3.04948584834611,2.35706700313323,-1.1
54.515,3.04944865504777,2.35790504443877,-1.1
54.52,3.04940979281938,2.35874499309295,-1.1
54.525,3.04936926166093,2.35958756435149,-1.1
54.53,3.04932753840959,2.36043156612151,-1.1
54.535,3.04928653041398,2.36127532947295,-1.1
54.54,3.04924719134843,2.36211694705718,-1.1
54.545,3.04920952121293,2.36295570361846,-1.1
54.55,3.04917328158891,2.36379088390105,-1.1
54.555,3.04913751880204,2.36462439525359,-1.1
54.56,3.04909937182939,2.36545957553618,-1.1
54.565,3.04905741015946,2.36629761684173,-1.1
54.57,3.04901377955949,2.36713661182158,-1.1
54.575,3.04896895686662,2.36797560680144,-1.1
54.58,3.04892031947648,2.36881603229278,-1.1
54.585,3.0488664368776,2.3696588419699,-1.1
54.59,3.04880707065141,2.37050451266997,-1.1
54.595,3.04874222079789,2.37135352123015,-1.1
54.6,3.04867284099137,2.3722063444876,-1.1
54.605,3.04808979572474,2.37301722550527,-1.1
54.61,3.04801469387232,2.37387577080861,-1.1
54.615,3.04793911518275,2.3747350313677,-1.1
54.62,3.04786353649317,2.37559429192678,-1.1
54.625,3.04778771938502,2.37645331406728,-1.1
54.63,3.04771309436976,2.37731042885915,-1.1
54.635,3.04764085354029,2.37816444420949,-1.1
54.64,3.04756980480372,2.37901607537404,-1.1
54.645,3.04749732555567,2.37986770653859,-1.1
54.65,3.04742127002894,2.38072124505178,-1.1
54.655,3.04734116138636,2.38157716775075,-1.1
54.66,3.0472574764651,2.38243523621694,-1.1
54.665,3.0471706921023,2.38329568886892,-1.1
54.67,3.04708104671656,2.38415900254384,-1.1
54.675,3.04698949398219,2.38502398514882,-1.1
54.68,3.04689817966639,2.38588849091665,-1.1
54.685,3.04680877269923,2.38675180459157,-1.1
54.69,3.04672031940638,2.38761464142934,-1.1
54.695,3.04663305820643,2.38847676301137,-1.1
54.7,3.04654937328516,2.38933506989614,-1.1
54.705,3.0464702183169,2.3901888468279,-1.1
54.71,3.04639297069727,2.39104047799245,-1.1
54.715,3.04631453098475,2.39189258599416,-1.1
54.72,3.04623585285365,2.39274564767019,-1.1
54.725,3.04615908207117,2.3935977556719,-1.1
54.73,3.04608564914881,2.39444771790639,-1.1
54.735,3.04601674617945,2.3952941038622,-1.1
54.74,3.0459511810702,2.39613715195791,-1.1
54.745,3.045887284891,2.39697853112356,-1.1
54.75,3.0458245808047,2.39781824135915,-1.1
54.755,3.04576378406702,2.39865580582753,-1.1
54.76,3.04570537151514,2.39949027085439,-1.1
54.765,3.04564815105616,2.40032282853261,-1.1
54.77,3.04558926166712,2.40115562462941,-1.1
54.775,3.04552584232508,2.40199032807485,-1.1
54.78,3.04545741619288,2.40282765412465,-1.1
54.785,3.04538422168909,2.40366807961599,-1.1
54.79,3.04530554355799,2.40451255822316,-1.1
54.795,3.04522233547388,2.40536108994619,-1.1
54.8,3.04513650478541,2.406212005855,-1.1
54.805,3.04613167082162,2.4071591487915,-1.1
54.81,3.04604369436593,2.40801125679321,-1.1
54.815,3.04595476423592,2.40886384163208,-1.1
54.82,3.04586535726876,2.40971714172668,-1.1
54.825,3.04577666555733,2.41057020340271,-1.1
54.83,3.04569107328744,2.41142111931152,-1.1
54.835,3.0456092957148,2.41226845894165,-1.1
54.84,3.04552990232796,2.41311293754883,-1.1
54.845,3.04545027052254,2.41395646248169,-1.1
54.85,3.04536849294991,2.41480070267029,-1.1
54.855,3.04528504644723,2.41564613495178,-1.1
54.86,3.04520159994454,2.41649204407043,-1.1
54.865,3.04511910711617,2.41733819160766,-1.1
54.87,3.04503828321786,2.41818362388916,-1.1
54.875,3.04495912824959,2.41902762565918,-1.1
54.88,3.04488164221139,2.41986972008056,-1.1
54.885,3.04480487142892,2.42070966873474,-1.1
54.89,3.04472762380929,2.42154818687744,-1.1
54.895,3.0446487072596,2.42238670502014,-1.1
54.9,3.04456692968697,2.42322689209289,-1.1
54.905,3.0444810989985,2.42406946335144,-1.1
54.91,3.04439145361275,2.42491465721435,-1.1
54.915,3.04429703985543,2.4257629505188,-1.1
54.92,3.04419666563363,2.42661577377624,-1.1
54.925,3.04409104620309,2.42747336540527,-1.1
54.93,3.04398280416817,2.42833429489441,-1.1
54.935,3.04387575422616,2.42919593963928,-1.1
54.94,3.04377347265572,2.43005543861694,-1.1
54.945,3.04367691313119,2.43091136131592,-1.1
54.95,3.04358631407113,2.43176203880615,-1.1
54.955,3.04350167547555,2.43260675583191,-1.1
54.96,3.04342085157723,2.43344741974182,-1.1
54.965,3.04334217344613,2.43428641472168,-1.1
54.97,3.04326540266366,2.43512374077148,-1.1
54.975,3.04319244657845,2.4359586826355,-1.1
54.98,3.04312282835335,2.43679052505798,-1.1
54.985,3.04305440222115,2.43762069855041,-1.1
54.99,3.04298478399605,2.43845134888,-1.1
54.995,3.04291302000374,2.43928390655823,-1.1
55,3.0428405407557,2.44011741791076,-1.1
55.005,3.04513749816783,2.44114087236179,-1.1
55.01,3.04507193305858,2.44196937692416,-1.1
55.015,3.04500875213512,2.44279621255649,-1.1
55.02,3.04494533279308,2.44362257135165,-1.1
55.025,3.04488143661388,2.44444821489108,-1.1
55.03,3.04481754043468,2.44527266633762,-1.1
55.035,3.04475292899974,2.44609687936557,-1.1
55.04,3.04468688705333,2.446922522905,-1.1
55.045,3.04461893775829,2.44774983537448,-1.1
55.05,3.04455027320751,2.44857810151828,-1.1
55.055,3.04448160865673,2.44940684449924,-1.1
55.06,3.04441199043163,2.45023677957309,-1.1
55.065,3.04434237220653,2.45106742990268,-1.1
55.07,3.04427442291149,2.45189688813937,-1.1
55.075,3.04420957305797,2.45272348535312,-1.1
55.08,3.04414782264598,2.45354674470676,-1.1
55.085,3.04408631065258,2.45436785829318,-1.1
55.09,3.0440221760548,2.45518921029819,-1.1
55.095,3.04395303466686,2.45601366174472,-1.1
55.1,3.0438772175587,2.45684383523715,-1.1
55.105,3.04379639366039,2.4576794923569,-1.1
55.11,3.04371485450634,2.45851777208102,-1.1
55.115,3.04363450744518,2.45935485971225,-1.1
55.12,3.0435555908955,2.46019075525058,-1.1
55.125,3.04347595909008,2.46102641237033,-1.1
55.13,3.04339370468029,2.46186373842014,-1.1
55.135,3.04331097343334,2.46270177972568,-1.1
55.14,3.04323086479076,2.46353791368259,-1.1
55.145,3.04315385558971,2.46437214029086,-1.1
55.15,3.04307827690013,2.46520493638767,-1.1
55.155,3.04300126769908,2.46603773248447,-1.1
55.16,3.04292187431224,2.46687172067416,-1.1
55.165,3.04283961990245,2.46770761621249,-1.1
55.17,3.04275498130687,2.46854565751804,-1.1
55.175,3.04266986587413,2.46938441407932,-1.1
55.18,3.04258594253429,2.47022317064059,-1.1
55.185,3.0425024960316,2.47106192720187,-1.1
55.19,3.04241857269176,2.47190116060031,-1.1
55.195,3.04233464935192,2.47274015558017,-1.1
55.2,3.04225096443065,2.47357819688571,-1.1
55.205,3.04585471046195,2.47466872859779,-1.1
55.21,3.04577031028494,2.47550510097328,-1.1
55.215,3.04568400275931,2.47634290386024,-1.1
55.22,3.04559459579215,2.47718428302589,-1.1
55.225,3.04550351989493,2.47802876163307,-1.1
55.23,3.04541363609061,2.47887395549598,-1.1
55.235,3.04532756698355,2.47971676517311,-1.1
55.24,3.0452460278295,2.48055552173439,-1.1
55.245,3.04516806495413,2.4813904635984,-1.1
55.25,3.04509153259024,2.4822232596952,-1.1
55.255,3.04501500022635,2.48305486369911,-1.1
55.26,3.04493846786246,2.48388622928444,-1.1
55.265,3.04486145866141,2.48471854854408,-1.1
55.27,3.04478278053031,2.48555325198951,-1.1
55.275,3.04470243346915,2.48638938594642,-1.1
55.28,3.04462184798941,2.48722551990333,-1.1
55.285,3.04454078567252,2.48806284595314,-1.1
55.29,3.04445733916983,2.488901840933,-1.1
55.295,3.04437341582999,2.48974107433143,-1.1
55.3,3.04429187667594,2.49057935405555,-1.1
55.305,3.04421200645194,2.49141882587257,-1.1
55.31,3.04413380515799,2.49225901294533,-1.1
55.315,3.0440618027471,2.49309586215797,-1.1
55.32,3.04399862182364,2.49392627406898,-1.1
55.325,3.04394259345755,2.49475048709694,-1.1
55.33,3.04389133346305,2.49556921649757,-1.1
55.335,3.04384364974723,2.49638389278236,-1.1
55.34,3.0437971581243,2.49719666171852,-1.1
55.345,3.04375066650138,2.49801014591041,-1.1
55.35,3.04370441329703,2.49882458377662,-1.1
55.355,3.04365935218558,2.49963926006141,-1.1
55.36,3.04361548316703,2.5004539363462,-1.1
55.365,3.04357232940421,2.50126765895668,-1.1
55.37,3.04352965247855,2.5020797126371,-1.1
55.375,3.04348626029715,2.50289033580604,-1.1
55.38,3.04344048392996,2.50370095897499,-1.1
55.385,3.04339041602835,2.50451444316688,-1.1
55.39,3.043335102918,2.50533293414894,-1.1
55.395,3.04327454459891,2.50615714717689,-1.1
55.4,3.04321041000113,2.50698565173927,-1.1
55.405,3.04745674569447,2.50804310819917,-1.1
55.41,3.04739094216664,2.50887352011018,-1.1
55.415,3.04732346970875,2.50970464727693,-1.1
55.42,3.04725408990224,2.51053648969941,-1.1
55.425,3.04718399483998,2.51136880895906,-1.1
55.43,3.04711366135914,2.51220184347444,-1.1
55.435,3.04704332787831,2.5130351164084,-1.1
55.44,3.04697394807179,2.51386862776094,-1.1
55.445,3.04690480668385,2.51470285436921,-1.1
55.45,3.04683495004018,2.51553803465181,-1.1
55.455,3.04676533181508,2.51637226126008,-1.1
55.46,3.04669738252003,2.51720458051973,-1.1
55.465,3.04662943322499,2.51803642294221,-1.1
55.47,3.04655957658131,2.51886945745759,-1.1
55.475,3.046487812589,2.51970439932161,-1.1
55.48,3.04641461808522,2.52054220220857,-1.1
55.485,3.04633975465138,2.5213826276999,-1.1
55.49,3.04626512963612,2.52222329160981,-1.1
55.495,3.04619265038808,2.52306204817109,-1.1
55.5,3.04612040955861,2.52390032789522,-1.1
55.505,3.04604649979909,2.52474027654939,-1.1
55.51,3.04597211320241,2.5255809404593,-1.1
55.515,3.04589891869862,2.52642112753206,-1.1
55.52,3.04582786996205,2.52726131460481,-1.1
55.525,3.04575872857411,2.52810150167756,-1.1
55.53,3.04569220979054,2.52894097349458,-1.1
55.535,3.04563045937855,2.52977710745149,-1.1
55.54,3.04557371575673,2.5306087114554,-1.1
55.545,3.04552054841359,2.53143650076204,-1.1
55.55,3.04546928841908,2.53226214430147,-1.1
55.555,3.04541874368031,2.53308683416658,-1.1
55.56,3.04536819894154,2.53391080877595,-1.1
55.565,3.04531741578419,2.53473478338533,-1.1
55.57,3.04526448685963,2.53556090376191,-1.1
55.575,3.04520774323781,2.53639083883577,-1.1
55.58,3.04514790017445,2.53722411176973,-1.1
55.585,3.04508734185536,2.53805881521516,-1.1
55.59,3.04502726037343,2.53889328024202,-1.1
55.595,3.04496765572865,2.53972703001314,-1.1
55.6,3.0449078126653,2.54056101820283,-1.1
55.605,3.04959554338396,2.54156047577134,-1.1
55.61,3.0495335545534,2.54239660972825,-1.1
55.615,3.04947180414141,2.54323202842943,-1.1
55.62,3.049410292148,2.54406673187486,-1.1
55.625,3.0493463959688,2.54490286583177,-1.1
55.63,3.04927844667376,2.54574233764879,-1.1
55.635,3.04920668268145,2.54658514732591,-1.1
55.64,3.04913229608477,2.54742962593309,-1.1
55.645,3.0490567173952,2.54827529663316,-1.1
55.65,3.04897827768267,2.54912454361192,-1.1
55.655,3.0488957848543,2.5499780821251,-1.1
55.66,3.04881162309588,2.5508337664055,-1.1
55.665,3.04872865343035,2.55168897384874,-1.1
55.67,3.04864616060198,2.55254418129197,-1.1
55.675,3.04856366777361,2.55340058082811,-1.1
55.68,3.04848212861956,2.55425793403856,-1.1
55.685,3.04840321206988,2.55511409515611,-1.1
55.69,3.04832930231036,2.55596667999498,-1.1
55.695,3.04826063775958,2.55681545013658,-1.1
55.7,3.04819507265032,2.55766183609239,-1.1
55.705,3.04813117647112,2.55850631469957,-1.1
55.71,3.04806966447771,2.55934840912095,-1.1
55.715,3.04800982141436,2.56018931144945,-1.1
55.72,3.04795021676959,2.56103092903367,-1.1
55.725,3.04789108896197,2.56187302345506,-1.1
55.73,3.0478336300844,2.56271392578355,-1.1
55.735,3.04777712488116,2.56355363601915,-1.1
55.74,3.04771966600359,2.56439334625474,-1.1
55.745,3.04765982294024,2.56523544067613,-1.1
55.75,3.04759711885394,2.56608087295762,-1.1
55.755,3.04753369951189,2.56692773575059,-1.1
55.76,3.04747218751849,2.56777459854356,-1.1
55.765,3.04741258287371,2.56862074608079,-1.1
55.77,3.04735464715899,2.56946665519945,-1.1
55.775,3.04729838037432,2.5703113722252,-1.1
55.78,3.04724425935687,2.57115394348375,-1.1
55.785,3.04719204568804,2.5719941305565,-1.1
55.79,3.04714126253069,2.57283217186204,-1.1
55.795,3.04709047937334,2.57366997474901,-1.1
55.8,3.04703874254168,2.57450992340318,-1.1
55.805,3.05227950535847,2.57542896841287,-1.1
55.81,3.05222633801533,2.57627225492716,-1.1
55.815,3.05217507802082,2.57711434934854,-1.1
55.82,3.05212453328206,2.57795501325845,-1.1
55.825,3.05207279645039,2.57879496191263,-1.1
55.83,3.05201891385151,2.57963586424112,-1.1
55.835,3.05196145497395,2.58047986601114,-1.1
55.84,3.05189994298054,2.58132744405985,-1.1
55.845,3.0518365236385,2.5821778831315,-1.1
55.85,3.05177215062214,2.58303022955179,-1.1
55.855,3.05170491658284,2.58388543699503,-1.1
55.86,3.05163505993916,2.58474374387979,-1.1
55.865,3.05156353436543,2.58560419653177,-1.1
55.87,3.0514908166988,2.58646584127664,-1.1
55.875,3.05141857586934,2.58732677076578,-1.1
55.88,3.05134752713276,2.58818698499918,-1.1
55.885,3.05127504788472,2.58904886816263,-1.1
55.89,3.0511999460323,2.58991408918619,-1.1
55.895,3.05112365208699,2.59078121755838,-1.1
55.9,3.05104688130452,2.59164834593057,-1.1
55.905,3.05096987210347,2.59251595113992,-1.1
55.91,3.05089143239094,2.59338546369791,-1.1
55.915,3.05081084691121,2.59425879095316,-1.1
55.92,3.05073026143147,2.59513402555704,-1.1
55.925,3.05065325223042,2.59600782964945,-1.1
55.93,3.05058196507527,2.5968787727189,-1.1
55.935,3.0505154462917,2.59774613950968,-1.1
55.94,3.05045369587971,2.59860921476602,-1.1
55.945,3.05039671383931,2.59946704481363,-1.1
55.95,3.05034235440327,2.60032153700113,-1.1
55.955,3.05028871022297,2.60117507551431,-1.1
55.96,3.05023506604268,2.60202932928324,-1.1
55.965,3.0501811834438,2.60288453672647,-1.1
55.97,3.0501275392635,2.60374045942545,-1.1
55.975,3.05007413350178,2.60459733579874,-1.1
55.98,3.05002001248433,2.6054556426835,-1.1
55.985,3.04996589146687,2.60631442640543,-1.1
55.99,3.04991296254231,2.60717130277872,-1.1
55.995,3.04986146412922,2.60802651022196,-1.1
56,3.04980948887898,2.60888219450235,-1.1
56.005,3.05489327208084,2.60970727780617,-1.1
56.01,3.05483938948197,2.61056701520241,-1.1
56.015,3.05478550688309,2.61142699101723,-1.1
56.02,3.05473281637711,2.61228648999489,-1.1
56.025,3.05468084112686,2.61314575055397,-1.1
56.03,3.05462838903946,2.61400572636879,-1.1
56.035,3.05457617537064,2.61486570218361,-1.1
56.04,3.05452563063187,2.61572448590554,-1.1
56.045,3.05447651640457,2.61658183911599,-1.1
56.05,3.05442787901444,2.6174384770707,-1.1
56.055,3.05437828794998,2.61829583028115,-1.1
56.06,3.05432583586258,2.61915580609597,-1.1
56.065,3.05426980749649,2.62001983502663,-1.1
56.07,3.05421139494461,2.62088672498024,-1.1
56.075,3.05415155188126,2.62175528386391,-1.1
56.08,3.05409051672501,2.62262527325905,-1.1
56.085,3.05402757422013,2.62349764683999,-1.1
56.09,3.05396177069229,2.6243735966996,-1.1
56.095,3.05389382139725,2.62525312283791,-1.1
56.1,3.05382563368363,2.62613407948769,-1.1
56.105,3.05375887648148,2.62701384404457,-1.1
56.11,3.05369426504654,2.62789217808999,-1.1
56.115,3.05362989203018,2.62877075055397,-1.1
56.12,3.05356456533951,2.62965170720375,-1.1
56.125,3.05350019232315,2.63053433278359,-1.1
56.13,3.05343963400406,2.63141600468911,-1.1
56.135,3.05338646666092,2.6322933850602,-1.1
56.14,3.05334164396805,2.6331638512925,-1.1
56.145,3.05330397383255,2.63402716496743,-1.1
56.15,3.05327178732437,2.63488571027077,-1.1
56.155,3.0532429386763,2.63574139455117,-1.1
56.16,3.05321742788834,2.63659469464577,-1.1
56.165,3.05319787756485,2.63744322636879,-1.1
56.17,3.05318452612442,2.63828651288308,-1.1
56.175,3.05317427412552,2.63912717679299,-1.1
56.18,3.05316473738236,2.63996736386574,-1.1
56.185,3.05315472380203,2.6408075509385,-1.1
56.19,3.05314423338455,2.64164749959267,-1.1
56.195,3.05313350454849,2.64248768666542,-1.1
56.2,3.0531220604567,2.64332930424965,-1.1
56.205,3.05872803421334,2.64401704313057,-1.1
56.21,3.05871539802864,2.64486342908638,-1.1
56.215,3.05870395393685,2.64570957662361,-1.1
56.22,3.0586941787751,2.64655405523079,-1.1
56.225,3.05868440361336,2.64739686490791,-1.1
56.23,3.05867319794014,2.64823991300361,-1.1
56.235,3.05865960808113,2.64908534528511,-1.1
56.24,3.05864363403633,2.64993435384529,-1.1
56.245,3.05862670631722,2.65078622342842,-1.1
56.25,3.058610970691,2.65163880826729,-1.1
56.255,3.05859642715767,2.65249139310615,-1.1
56.26,3.05858212204293,2.65334445478218,-1.1
56.265,3.05856710167244,2.65419823171394,-1.1
56.27,3.05855184288338,2.65505224706428,-1.1
56.275,3.05853706093148,2.65590578557747,-1.1
56.28,3.05852347107247,2.65675860883491,-1.1
56.285,3.05850964279488,2.65761167051094,-1.1
56.29,3.05849438400582,2.65846735479133,-1.1
56.295,3.05847697944954,2.65932685376899,-1.1
56.3,3.05845766754464,2.66019016744392,-1.1
56.305,3.05843930931404,2.66105491163032,-1.1
56.31,3.0584250041993,2.66191798688667,-1.1
56.315,3.05841594429329,2.66277772428291,-1.1
56.32,3.05841212959603,2.66363221647041,-1.1
56.325,3.05841284485176,2.66448194028633,-1.1
56.33,3.05841594429329,2.66532856466072,-1.1
56.335,3.05841880531624,2.66617495061653,-1.1
56.34,3.05842142792061,2.66702205182808,-1.1
56.345,3.05842405052498,2.66787034513252,-1.1
56.35,3.05842691154793,2.66872030736702,-1.1
56.355,3.05842977257088,2.66957170011299,-1.1
56.36,3.05843287201241,2.67042333127754,-1.1
56.365,3.05843620987252,2.67127472402351,-1.1
56.37,3.05843859405831,2.67212635518806,-1.1
56.375,3.05843954773262,2.67297917844551,-1.1
56.38,3.05843907089547,2.67383414747017,-1.1
56.385,3.05843764038399,2.67469221593635,-1.1
56.39,3.05843692512825,2.67555266858833,-1.1
56.395,3.05843907089547,2.67641312124031,-1.1
56.4,3.05844574661568,2.67727095128792,-1.1
56.405,3.06181754031728,2.67796936117407,-1.1
56.41,3.06183470645498,2.67881598554846,-1.1
56.415,3.06185473361562,2.679658556807,-1.1
56.42,3.06187571445058,2.68049969755407,-1.1
56.425,3.06189741054128,2.6813413151383,-1.1
56.43,3.06192029872487,2.68218364797826,-1.1
56.435,3.06194557109426,2.68302502714391,-1.1
56.44,3.06197346606801,2.68386473737951,-1.1
56.445,3.06200255313466,2.68470349394079,-1.1
56.45,3.06203116336416,2.68554320417638,-1.1
56.455,3.06205929675649,2.6863838680863,-1.1
56.46,3.0620888606603,2.68722357832189,-1.1
56.465,3.06212152400564,2.68806066595312,-1.1
56.47,3.06215680995534,2.68889656149145,-1.1
56.475,3.06219233432363,2.68973388754125,-1.1
56.48,3.06222714343618,2.69057288252111,-1.1
56.485,3.0622633830602,2.6914104469895,-1.1
56.49,3.06230153003286,2.69224562727209,-1.1
56.495,3.06233967700551,2.6930805691361,-1.1
56.5,3.06237663188528,2.69391765676733,-1.1
56.505,3.06241263309072,2.6947576054215,-1.1
56.51,3.0624493495519,2.69559922300573,-1.1
56.515,3.06248892703603,2.69643988691564,-1.1
56.52,3.06253136554311,2.69727768980261,-1.1
56.525,3.06257642665456,2.69811310850378,-1.1
56.53,3.06262267985891,2.69894757353063,-1.1
56.535,3.0626684562261,2.6997829922318,-1.1
56.54,3.06271494784902,2.70061793409582,-1.1
56.545,3.06276406207632,2.70145049177404,-1.1
56.55,3.06281484523366,2.70228161894079,-1.1
56.555,3.06286491313528,2.70311489187475,-1.1
56.56,3.06291283526967,2.70395102583166,-1.1
56.565,3.0629593268926,2.70478859030004,-1.1
56.57,3.06300629535268,2.70562591634985,-1.1
56.575,3.06305374064992,2.70646419607397,-1.1
56.58,3.06309999385427,2.70730414472814,-1.1
56.585,3.06314624705862,2.70814457021948,-1.1
56.59,3.06319345393728,2.70898428045507,-1.1
56.595,3.06323946872304,2.70982494436498,-1.1
56.6,3.06328286090444,2.71066846929784,-1.1
56.605,3.06584243818203,2.71136907198881,-1.1
56.61,3.06588130041042,2.71221712687468,-1.1
56.615,3.06591825529018,2.71306708910917,-1.1
56.62,3.06595234914699,2.71392062762236,-1.1
56.625,3.06598238988796,2.71477821925139,-1.1
56.63,3.06600837751308,2.71563986399626,-1.1
56.635,3.06603126569668,2.71650508501982,-1.1
56.64,3.06605081602016,2.71737483599638,-1.1
56.645,3.0660675053207,2.71824911692595,-1.1
56.65,3.0660834793655,2.71912554362272,-1.1
56.655,3.06610040708462,2.72000220873808,-1.1
56.66,3.06611828847805,2.7208781585977,-1.1
56.665,3.06613545461574,2.72175410845732,-1.1
56.67,3.0661519054977,2.72263101199125,-1.1
56.675,3.06616668744961,2.7235100612924,-1.1
56.68,3.06618075414577,2.72439244845366,-1.1
56.685,3.06619601293484,2.72527555087065,-1.1
56.69,3.06621437116543,2.72615626910185,-1.1
56.695,3.06623606725613,2.72703364947294,-1.1
56.7,3.06625871702114,2.72791055300688,-1.1
56.705,3.06627993627468,2.72878936388945,-1.1
56.71,3.06630115552822,2.72966865160917,-1.1
56.715,3.06632571264187,2.73054650881743,-1.1
56.72,3.06635456128994,2.73142269709562,-1.1
56.725,3.06638793989101,2.73229697802519,-1.1
56.73,3.06642632528225,2.73316601374601,-1.1
56.735,3.06646971746364,2.73402837374662,-1.1
56.74,3.06651477857509,2.73488715746855,-1.1
56.745,3.06655793233791,2.73574784853911,-1.1
56.75,3.06659870191494,2.73661163905119,-1.1
56.755,3.06664066358486,2.73747638323759,-1.1
56.76,3.06668572469631,2.7383399353311,-1.1
56.765,3.06673293157497,2.73920229533171,-1.1
56.77,3.06678061529079,2.74006465533232,-1.1
56.775,3.06682686849514,2.74092773058867,-1.1
56.78,3.06687169118801,2.74179199793791,-1.1
56.785,3.06691651388088,2.74265674212431,-1.1
56.79,3.06696252866665,2.74352124789213,-1.1
56.795,3.06701116605678,2.74438503840422,-1.1
56.8,3.06706194921413,2.74524835207914,-1.1
56.805,3.06852245464986,2.74601926023903,-1.1
56.81,3.06857514515584,2.74688138182106,-1.1
56.815,3.0686292661733,2.74774159605446,-1.1
56.82,3.06868434086507,2.7486013334507,-1.1
56.825,3.06873965397542,2.7494615476841,-1.1
56.83,3.06879735127156,2.75032033140602,-1.1
56.835,3.06885862484639,2.75117649252358,-1.1
56.84,3.06892204418843,2.75203146154823,-1.1
56.845,3.06898570194905,2.75288666899147,-1.1
56.85,3.06904983654683,2.75374116117897,-1.1
56.855,3.06911492481893,2.754594222855,-1.1
56.86,3.06918120518392,2.75544633085671,-1.1
56.865,3.06924772396749,2.75629939253273,-1.1
56.87,3.06931424275106,2.75715412313881,-1.1
56.875,3.0693821920461,2.75800909216347,-1.1
56.88,3.06945252552693,2.75886167700234,-1.1
56.885,3.0695247663564,2.75971187765541,-1.1
56.89,3.06959653034871,2.76056112463417,-1.1
56.895,3.06966567173665,2.76141132528725,-1.1
56.9,3.06973147526448,2.76226438696327,-1.1
56.905,3.06979346409505,2.76312245542946,-1.1
56.91,3.06985283032125,2.76398696119728,-1.1
56.915,3.0699114812917,2.76485528166237,-1.1
56.92,3.06997251644795,2.7657231252903,-1.1
56.925,3.07003784313863,2.76658763105812,-1.1
56.93,3.07010555401509,2.76744903738442,-1.1
56.935,3.0701739801473,2.76830782110634,-1.1
56.94,3.07024359837239,2.76916374380531,-1.1
56.945,3.07031345501607,2.77001966650429,-1.1
56.95,3.07038164272969,2.77087773497047,-1.1
56.955,3.07044959202474,2.77173794920387,-1.1
56.96,3.07051777973836,2.77259983236733,-1.1
56.965,3.07058429852193,2.77346386129799,-1.1
56.97,3.07065034046834,2.77432908232155,-1.1
56.975,3.07071662083333,2.77519430334511,-1.1
56.98,3.07078290119832,2.77605928595009,-1.1
56.985,3.07085085049336,2.77692307646217,-1.1
56.99,3.07092046871846,2.77778591329994,-1.1
56.995,3.07099104061788,2.77864827330055,-1.1
57,3.07106185093587,2.77950991804543,-1.1
57.005,3.07144860322737,2.78034972539608,-1.1
57.01,3.07151750619673,2.78121327748958,-1.1
57.015,3.07158378656172,2.78208064428035,-1.1
57.02,3.07164935167097,2.78294991841976,-1.1
57.025,3.07171730096602,2.78381800046627,-1.1
57.03,3.07178739602827,2.7846846520013,-1.1
57.035,3.07185844476484,2.78555082669918,-1.1
57.04,3.07192973192,2.78641652455989,-1.1
57.045,3.0720014959123,2.7872812687463,-1.1
57.05,3.07207349832319,2.78814553609554,-1.1
57.055,3.07214597757124,2.78901028028194,-1.1
57.06,3.07221869523787,2.78987597814266,-1.1
57.065,3.07229236657881,2.7907414375848,-1.1
57.07,3.0723677068498,2.79160570493404,-1.1
57.075,3.07244376237654,2.79246949544612,-1.1
57.08,3.07251934106611,2.79333400121395,-1.1
57.085,3.07259468133711,2.79419874540035,-1.1
57.09,3.072671213701,2.79506253591243,-1.1
57.095,3.07274917657637,2.79592513433162,-1.1
57.1,3.07282761628889,2.79678749433223,-1.1
57.105,3.07290605600142,2.79764961591426,-1.1
57.11,3.07298401887678,2.79851269117061,-1.1
57.115,3.07306078965925,2.79937791219417,-1.1
57.12,3.07313612993025,2.80024456372921,-1.1
57.125,3.07321242387556,2.8011105000085,-1.1
57.13,3.07328967149519,2.80197619786922,-1.1
57.135,3.0733659654405,2.80284380307857,-1.1
57.14,3.07344249780439,2.8037128387994,-1.1
57.145,3.0735211759355,2.80458115926448,-1.1
57.15,3.07360319192671,2.80544661870662,-1.1
57.155,3.07368926103376,2.80630778661434,-1.1
57.16,3.07377866800093,2.80716561666194,-1.1
57.165,3.07386950547957,2.80802225461666,-1.1
57.17,3.07396225030684,2.80887698522274,-1.1
57.175,3.07405761773848,2.80972885480587,-1.1
57.18,3.07415560777449,2.81057810178463,-1.1
57.185,3.07425407464766,2.81142639508907,-1.1
57.19,3.07435182626509,2.81227516523067,-1.1
57.195,3.07444838578962,2.81312512746517,-1.1
57.2,3.07454279954695,2.81397723546688,-1.1
57.205,3.07336779188453,2.81491615744541,-1.1
57.21,3.07345982145607,2.81577112647006,-1.1
57.215,3.07354970526039,2.81662847968051,-1.1
57.22,3.07363768171608,2.81748845549533,-1.1
57.225,3.07372398924171,2.81835010024021,-1.1
57.23,3.07380886625587,2.81921341391513,-1.1
57.235,3.07389255117713,2.82007839652011,-1.1
57.24,3.07397409033119,2.82094576331088,-1.1
57.245,3.07405443739234,2.82181479903171,-1.1
57.25,3.0741347844535,2.82268407317111,-1.1
57.255,3.0742146546775,2.82355406256626,-1.1
57.26,3.0742933328086,2.82442548247287,-1.1
57.265,3.07437129568397,2.8252978560538,-1.1
57.27,3.07444878172218,2.8261707064719,-1.1
57.275,3.07452602934181,2.8270445105643,-1.1
57.28,3.07460351538002,2.82791950674961,-1.1
57.285,3.0746824319297,2.82879450293491,-1.1
57.29,3.07476468633949,2.82966687651584,-1.1
57.295,3.07485027860939,2.83053472014377,-1.1
57.3,3.07493849348365,2.83139874907443,-1.1
57.305,3.07502670835792,2.83226206274936,-1.1
57.31,3.07511301588356,2.83312680693576,-1.1
57.315,3.07519908499061,2.83399250479648,-1.1
57.32,3.07528682302772,2.83485867949436,-1.1
57.325,3.07537622999488,2.83572461577365,-1.1
57.33,3.07546802114784,2.8365888831229,-1.1
57.335,3.07556291174232,2.83744885893772,-1.1
57.34,3.07565851759254,2.83830549689243,-1.1
57.345,3.07575173925697,2.83916189642856,-1.1
57.35,3.07584114622413,2.84002139540622,-1.1
57.355,3.07592626165687,2.84088542433689,-1.1
57.36,3.07600780081092,2.84175422163913,-1.1
57.365,3.07608767103492,2.84262683363864,-1.1
57.37,3.07616587232887,2.84350278349826,-1.1
57.375,3.07624216627418,2.84438207121799,-1.1
57.38,3.07631822180091,2.84526255103061,-1.1
57.385,3.0763959462577,2.84614088507602,-1.1
57.39,3.07647629331886,2.84701516600559,-1.1
57.395,3.07655950140296,2.84788539381931,-1.1
57.4,3.07664318632423,2.84875490637729,-1.1
57.405,3.07485059826868,2.84974035080626,-1.1
57.41,3.074931422167,2.85061367806151,-1.1
57.415,3.07501272290247,2.85148819740966,-1.1
57.42,3.0750945004751,2.85236295517638,-1.1
57.425,3.07517747014063,2.85323675926879,-1.1
57.43,3.07526234715479,2.8541081791754,-1.1
57.435,3.07534746258753,2.85497769173339,-1.1
57.44,3.07543138592738,2.85584672745421,-1.1
57.445,3.07551364033717,2.85671695526793,-1.1
57.45,3.07559327214259,2.8575912361975,-1.1
57.455,3.07567051976221,2.85846909340575,-1.1
57.46,3.07574848263758,2.85934742745116,-1.1
57.465,3.07582859128016,2.86022433098509,-1.1
57.47,3.07590917675989,2.86110051926329,-1.1
57.475,3.07598904698389,2.86197670754149,-1.1
57.48,3.07606867878931,2.86285194214537,-1.1
57.485,3.07614831059473,2.86372598465636,-1.1
57.49,3.07622794240015,2.86459978874877,-1.1
57.495,3.07630709736842,2.86547526177123,-1.1
57.5,3.07638458340662,2.8663528805609,-1.1
57.505,3.07646111577052,2.86723097618773,-1.1
57.51,3.07653764813441,2.86810835655883,-1.1
57.515,3.07661203473109,2.86898692902281,-1.1
57.52,3.07668236821192,2.86986907776549,-1.1
57.525,3.07675007908839,2.87075432594969,-1.1
57.53,3.07681659787196,2.87164124306395,-1.1
57.535,3.07688311665552,2.87252863701537,-1.1
57.54,3.07694987385767,2.87341650780394,-1.1
57.545,3.07701591580408,2.87430509384825,-1.1
57.55,3.07708028882044,2.8751943951483,-1.1
57.555,3.0771434697439,2.87608393486693,-1.1
57.56,3.07720545857447,2.8769741898413,-1.1
57.565,3.0772655400564,2.87786635216429,-1.1
57.57,3.07732466786402,2.87875994499877,-1.1
57.575,3.07738355725306,2.87965425308898,-1.1
57.58,3.07744149296778,2.8805495148535,-1.1
57.585,3.07749799817103,2.88144644554808,-1.1
57.59,3.0775530728628,2.88234480675414,-1.1
57.595,3.07760790913599,2.88324436005309,-1.1
57.6,3.07766393750208,2.8841431980963,-1.1
57.605,3.07252651987029,2.88528266009552,-1.1
57.61,3.07258946237517,2.88617672976715,-1.1
57.615,3.07265598115874,2.88706674632294,-1.1
57.62,3.07272607622099,2.88795199450714,-1.1
57.625,3.07279760179472,2.88883414324982,-1.1
57.63,3.07286793527556,2.88971581515533,-1.1
57.635,3.07293683824492,2.89059867915375,-1.1
57.64,3.07300502595854,2.89148368891937,-1.1
57.645,3.07307249841643,2.89237132128937,-1.1
57.65,3.07314187822295,2.8932596689151,-1.1
57.655,3.07321554956389,2.89414563235504,-1.1
57.66,3.07329375085784,2.89502611216766,-1.1
57.665,3.07337695894194,2.89589896258575,-1.1
57.67,3.07346398172331,2.89676561412079,-1.1
57.675,3.07355076608611,2.89763035830719,-1.1
57.68,3.07363588151885,2.89849677142364,-1.1
57.685,3.07372123537016,2.89936389979584,-1.1
57.69,3.0738075428958,2.90023078974945,-1.1
57.695,3.07389504251433,2.90109696444733,-1.1
57.7,3.0739832573886,2.90196242388946,-1.1
57.705,3.07407004175139,2.90282812175018,-1.1
57.71,3.07415563402129,2.90369429644806,-1.1
57.715,3.07424122629118,2.90455951747162,-1.1
57.72,3.07432801065398,2.90542354640228,-1.1
57.725,3.07441646394682,2.90628709849579,-1.1
57.73,3.07450563249541,2.90714993533356,-1.1
57.735,3.07459551629973,2.90801134165985,-1.1
57.74,3.07468563852263,2.90887107905609,-1.1
57.745,3.07477361497832,2.90973177012665,-1.1
57.75,3.0748582535739,2.91059532222015,-1.1
57.755,3.07494122323943,2.91146102008087,-1.1
57.76,3.07502514657927,2.91232671794159,-1.1
57.765,3.07511121568633,2.91319193896515,-1.1
57.77,3.07519943056059,2.91405692157013,-1.1
57.775,3.07528955278349,2.91492071208221,-1.1
57.78,3.07538277444792,2.91577997264129,-1.1
57.785,3.07548052606535,2.9166332727359,-1.1
57.79,3.07558137712431,2.91748275813324,-1.1
57.795,3.07568270502043,2.91833176669342,-1.1
57.8,3.07578450975371,2.91917982157928,-1.1
57.805,3.06940907978041,2.92017574405528,-1.1
57.81,3.06951350711805,2.92102046108103,-1.1
57.815,3.06961578868849,2.92186827754832,-1.1
57.82,3.06971592449171,2.92271895503855,-1.1
57.825,3.06981701396925,2.92356915569163,-1.1
57.83,3.06992120288832,2.92441649532176,-1.1
57.835,3.07002801441176,2.92526121234751,-1.1
57.84,3.07013577960951,2.9261044988618,-1.1
57.845,3.07024306797011,2.9269463548646,-1.1
57.85,3.07034940265638,2.92778701877451,-1.1
57.855,3.07045382999403,2.9286291131959,-1.1
57.86,3.07055396579725,2.92947526073313,-1.1
57.865,3.07065052532179,2.93032498454905,-1.1
57.87,3.07074708484633,2.93117613887644,-1.1
57.875,3.07084340595228,2.93202848529673,-1.1
57.88,3.07093925022108,2.93288178539134,-1.1
57.885,3.07103652500136,2.93373365497447,-1.1
57.89,3.07113546871168,2.9345831403718,-1.1
57.895,3.07123631977064,2.93542976474619,-1.1
57.9,3.07133931659681,2.93627328967906,-1.1
57.905,3.07144302867872,2.93711466884471,-1.1
57.91,3.07154626392347,2.93795509433604,-1.1
57.915,3.07164711498243,2.93879718875742,-1.1
57.92,3.07174415134413,2.9396428594575,-1.1
57.925,3.07183808826429,2.94049210643626,-1.1
57.93,3.07193059467299,2.94134349918223,-1.1
57.935,3.07202333950026,2.94219513034678,-1.1
57.94,3.07211727642042,2.94304556941844,-1.1
57.945,3.0722121670149,2.94389505481577,-1.1
57.95,3.07230729602797,2.9447435865388,-1.1
57.955,3.07240290187819,2.94559092616892,-1.1
57.96,3.0724996998213,2.946436596869,-1.1
57.965,3.07259721302015,2.94728202915049,-1.1
57.97,3.07269544147474,2.94812769985056,-1.1
57.975,3.07279557727797,2.9489726552949,-1.1
57.98,3.07289881252272,2.94981474971629,-1.1
57.985,3.073005147209,2.95065279102183,-1.1
57.99,3.07311338924391,2.95148797130442,-1.1
57.995,3.07322115444166,2.9523221979127,-1.1
58,3.07332748912794,2.9531561861024,-1.1
58.005,3.06602768829509,2.95395672439095,-1.1
58.01,3.06613020828411,2.95479261992928,-1.1
58.015,3.06622867515727,2.95563185332771,-1.1
58.02,3.06632213524028,2.956475139842,-1.1
58.025,3.06641035011455,2.95732343314644,-1.1
58.03,3.06649379661724,2.95817744849678,-1.1
58.035,3.06657342842266,2.95903575538155,-1.1
58.04,3.0666516297166,2.95989525435921,-1.1
58.045,3.06673054626628,2.9607533228254,-1.1
58.05,3.06680850914165,2.961611152873,-1.1
58.055,3.06688337257549,2.96247112868782,-1.1
58.06,3.06695537498638,2.96333301185127,-1.1
58.065,3.06702594688579,2.96419561027046,-1.1
58.07,3.06709556511089,2.96505892394539,-1.1
58.075,3.06716399124309,2.96592295287605,-1.1
58.08,3.06723098686382,2.96678793548103,-1.1
58.085,3.06729607513591,2.96765434859749,-1.1
58.09,3.06735877922222,2.96852171538826,-1.1
58.095,3.06741981437847,2.96938860534187,-1.1
58.1,3.06747965744182,2.97025621055123,-1.1
58.105,3.0675368779008,2.97112667678353,-1.1
58.11,3.06759219101116,2.9719997656202,-1.1
58.115,3.06764845779582,2.97287213920113,-1.1
58.12,3.06770710876628,2.97374141334053,-1.1
58.125,3.06776671341106,2.9746087801313,-1.1
58.13,3.06782512596294,2.97547614692207,-1.1
58.135,3.06788163116619,2.97634422896858,-1.1
58.14,3.0679374211137,2.97721207259651,-1.1
58.145,3.06799392631694,2.97807943938728,-1.1
58.15,3.06805090835735,2.97894752143379,-1.1
58.155,3.06810765197917,2.9798156034803,-1.1
58.16,3.06816582611247,2.9806815397596,-1.1
58.165,3.06822543075725,2.98154485343453,-1.1
58.17,3.06828312805339,2.98240840552803,-1.1
58.175,3.06833820274517,2.98327386497017,-1.1
58.18,3.06839232376262,2.98414027808663,-1.1
58.185,3.06844692161724,2.98500597594734,-1.1
58.19,3.06850294998332,2.98587048171517,-1.1
58.195,3.0685580246751,2.98673451064583,-1.1
58.2,3.06861023834392,2.98759997008797,-1.1
58.205,3.06166320059259,2.98823409559751,-1.1
58.21,3.06170897695978,2.98910456182981,-1.1
58.215,3.06175332281549,2.98997669699216,-1.1
58.22,3.06179909918268,2.99084811689878,-1.1
58.225,3.06184630606134,2.9917183447125,-1.1
58.23,3.06189375135858,2.99258809568906,-1.1
58.235,3.06194048140009,2.9934580850842,-1.1
58.24,3.06198578093011,2.99432807447934,-1.1
58.245,3.06203012678583,2.99519711020017,-1.1
58.25,3.0620749494787,2.99606590750241,-1.1
58.255,3.06211953375299,2.9969354200604,-1.1
58.26,3.06216316435297,2.9978046941998,-1.1
58.265,3.06220774862726,2.99867134573484,-1.1
58.27,3.06225161764581,2.99953680517697,-1.1
58.275,3.06228952619989,3.0004058408978,-1.1
58.28,3.06232123587091,3.00127964499021,-1.1
58.285,3.06234960768182,3.00215511801267,-1.1
58.29,3.0623760721441,3.00303154470945,-1.1
58.295,3.06239919874628,3.00390987875486,-1.1
58.3,3.06241708013971,3.00479178907895,-1.1
58.305,3.0624297163244,3.00567799093747,-1.1
58.31,3.06243782255609,3.006568722749,-1.1
58.315,3.06244378302057,3.00746207716489,-1.1
58.32,3.06245165083368,3.00835400106931,-1.1
58.325,3.06246381018121,3.00924187185788,-1.1
58.33,3.06247835371454,3.01012664320493,-1.1
58.335,3.06249313566644,3.01100974562192,-1.1
58.34,3.06250791761835,3.0118918943646,-1.1
58.345,3.06252269957025,3.01277308943296,-1.1
58.35,3.06253819677789,3.01365285398984,-1.1
58.355,3.06255536291559,3.01453094961667,-1.1
58.36,3.06257324430902,3.0154090452435,-1.1
58.365,3.06259088728387,3.01628833296323,-1.1
58.37,3.06260948393304,3.01716690542722,-1.1
58.375,3.06263189527948,3.01804166319394,-1.1
58.38,3.06265835974176,3.0189114141705,-1.1
58.385,3.06268673155267,3.01977782728696,-1.1
58.39,3.06271510336359,3.0206420946362,-1.1
58.395,3.06274204466302,3.02150636198545,-1.1
58.4,3.06276636335809,3.02237253668332,-1.1
58.405,3.05670865110178,3.02287898015365,-1.1
58.41,3.05672796300669,3.02374992322311,-1.1
58.415,3.05674655965586,3.02462181996689,-1.1
58.42,3.05676420263071,3.0254944319664,-1.1
58.425,3.05678160718699,3.02636656712875,-1.1
58.43,3.05679925016184,3.02723727177963,-1.1
58.435,3.05681665471811,3.02810749959335,-1.1
58.44,3.05683286718149,3.02897772740707,-1.1
58.445,3.05684812597056,3.02984843205795,-1.1
58.45,3.05686338475962,3.03071913670883,-1.1
58.455,3.05687816671152,3.03159007977829,-1.1
58.46,3.05689271024485,3.03246054601059,-1.1
58.465,3.05690749219675,3.03332934331283,-1.1
58.47,3.05692132047434,3.03419718694076,-1.1
58.475,3.05693252614756,3.03506526898727,-1.1
58.48,3.05693991712351,3.03593454312668,-1.1
58.485,3.05694325498362,3.03680667828903,-1.1
58.49,3.05694277814646,3.03768262814865,-1.1
58.495,3.05693920186777,3.03856191586838,-1.1
58.5,3.05693538717051,3.0394412035881,-1.1
58.505,3.05693181089182,3.04031834554062,-1.1
58.51,3.05692680410166,3.04119429540024,-1.1
58.515,3.05691750577707,3.04207143735275,-1.1
58.52,3.05690272382517,3.04295215558395,-1.1
58.525,3.05688388875742,3.043836926931,-1.1
58.53,3.05686386159678,3.04472432088241,-1.1
58.535,3.05684574178477,3.04561123799667,-1.1
58.54,3.05683119825144,3.04649529408798,-1.1
58.545,3.05681880048533,3.0473757739006,-1.1
58.55,3.05680664113779,3.04825363110885,-1.1
58.555,3.05679352811594,3.04913005780563,-1.1
58.56,3.05677850774546,3.05000696133957,-1.1
58.565,3.05676253370066,3.05088481854782,-1.1
58.57,3.05674775174875,3.05176315259323,-1.1
58.575,3.0567346387269,3.05264148663864,-1.1
58.58,3.05672271779795,3.05351910542831,-1.1
58.585,3.05671294263621,3.05439410161362,-1.1
58.59,3.05670555166025,3.05526528310165,-1.1
58.595,3.05669982961436,3.0561340804039,-1.1
58.6,3.05669553807993,3.05700168561325,-1.1
58.605,3.05190971311541,3.05747793365909,-1.1
58.61,3.05191376623125,3.05834124733402,-1.1
58.615,3.05192354139299,3.05920003105594,-1.1
58.62,3.05193784650774,3.06005309273197,-1.1
58.625,3.0519542973897,3.06090210129215,-1.1
58.63,3.0519690793416,3.06175110985233,-1.1
58.635,3.05197956975908,3.06260154892399,-1.1
58.64,3.05198815282793,3.06345174957706,-1.1
58.645,3.05199602064104,3.0643012349744,-1.1
58.65,3.05199840482683,3.06515429665043,-1.1
58.655,3.05199149068804,3.06601331879093,-1.1
58.66,3.05197503980608,3.06687758614017,-1.1
58.665,3.0519497674367,3.067746621861,-1.1
58.67,3.05191471990557,3.06862257172062,-1.1
58.675,3.0518698972127,3.06950734306766,-1.1
58.68,3.05181959089251,3.0703990285535,-1.1
58.685,3.05176928457232,3.07129309822513,-1.1
58.69,3.05172303136797,3.07218549896671,-1.1
58.695,3.0516827386281,3.07307265449955,-1.1
58.7,3.05164769109697,3.07395313431217,-1.1
58.705,3.05161645826311,3.07482813049747,-1.1
58.71,3.05158665594072,3.07569978882267,-1.1
58.715,3.05155733045549,3.07657001663639,-1.1
58.72,3.05152919706316,3.07743952919437,-1.1
58.725,3.05150201734514,3.07830832649662,-1.1
58.73,3.05147483762713,3.07917688538028,-1.1
58.735,3.05144646581621,3.08004520584537,-1.1
58.74,3.05141427930803,3.08091352631046,-1.1
58.745,3.05137732442827,3.0817835157056,-1.1
58.75,3.05133607801409,3.08265636612369,-1.1
58.755,3.05129054006548,3.08353279282047,-1.1
58.76,3.05124333318682,3.08441160370304,-1.1
58.765,3.05119684156389,3.08529017616703,-1.1
58.77,3.05115034994097,3.08616827179386,-1.1
58.775,3.05110195096941,3.08704636742069,-1.1
58.78,3.05105116781206,3.0879247014661,-1.1
58.785,3.05099800046892,3.08880303551151,-1.1
58.79,3.05094316419573,3.08968113113834,-1.1
58.795,3.05088737424822,3.09056018043949,-1.1
58.8,3.05082920011492,3.09144137550785,-1.1
58.805,3.04809287646963,3.09206672534851,-1.1
58.81,3.04803184131338,3.09295149669555,-1.1
58.815,3.04797080615713,3.0938350759497,-1.1
58.82,3.04791048625661,3.0947169862738,-1.1
58.825,3.04785088161184,3.095597704505,-1.1
58.83,3.0477908001299,3.09647889957336,-1.1
58.835,3.04773167232229,3.09735961780456,-1.1
58.84,3.04767588237478,3.09823795184997,-1.1
58.845,3.04762390712453,3.09911342487243,-1.1
58.85,3.04757336238576,3.0999865137091,-1.1
58.855,3.04752329448415,3.10085793361572,-1.1
58.86,3.04747298816396,3.10172816142944,-1.1
58.865,3.04742220500661,3.102597912406,-1.1
58.87,3.04737142184926,3.10346670970825,-1.1
58.875,3.04732040027334,3.1043343149176,-1.1
58.88,3.04726747134878,3.10520239696411,-1.1
58.885,3.04720977405263,3.10607334003356,-1.1
58.89,3.04714706996633,3.10694833621887,-1.1
58.895,3.0470812664385,3.10782595500854,-1.1
58.9,3.04701546291067,3.10870405063537,-1.1
58.905,3.04695180515005,3.10958119258789,-1.1
58.91,3.0468907699938,3.11045618877319,-1.1
58.915,3.04683259586049,3.11132832393554,-1.1
58.92,3.04677728275014,3.11219688281921,-1.1
58.925,3.04672292331411,3.11306258067993,-1.1
58.93,3.04666832545949,3.11392708644775,-1.1
58.935,3.04661205867483,3.11479206905273,-1.1
58.94,3.0465541229601,3.11565872058776,-1.1
58.945,3.04649547198965,3.11652680263427,-1.1
58.95,3.04643705943777,3.11739512309936,-1.1
58.955,3.04638031581594,3.11826296672729,-1.1
58.96,3.04632571796133,3.11912866458801,-1.1
58.965,3.04627326587392,3.11999150142578,-1.1
58.97,3.04622367480947,3.12085100040344,-1.1
58.975,3.04617575267507,3.12170835361389,-1.1
58.98,3.04612854579641,3.12256451473144,-1.1
58.985,3.04608253101064,3.12342043743041,-1.1
58.99,3.04603770831777,3.12427588329223,-1.1
58.995,3.04599431613637,3.12512966022399,-1.1
59,3.04595306972219,3.12598081455139,-1.1
59.005,3.04427476638982,3.12665730243717,-1.1
59.01,3.04423137420842,3.12750631099735,-1.1
59.015,3.04418535942266,3.12835698848758,-1.1
59.02,3.04413672203252,3.12920981174503,-1.1
59.025,3.04408689254949,3.13006454235111,-1.1
59.03,3.04403777832219,3.13091879612003,-1.1
59.035,3.04398937935063,3.13177114254032,-1.1
59.04,3.0439395498676,3.13262253528629,-1.1
59.045,3.04388495201299,3.13347512012515,-1.1
59.05,3.04382296318242,3.13433056598697,-1.1
59.055,3.04375453705022,3.13518982654605,-1.1
59.06,3.04368038887212,3.13605433231388,-1.1
59.065,3.04360051864812,3.13692503696475,-1.1
59.07,3.04351826423833,3.13779884105716,-1.1
59.075,3.04343672508428,3.13867145305667,-1.1
59.08,3.04335518593022,3.13954168087039,-1.1
59.085,3.04327030891606,3.14041262393985,-1.1
59.09,3.04318018669316,3.14128642803226,-1.1
59.095,3.04308648819158,3.14216261631046,-1.1
59.1,3.04299398178288,3.14303928142581,-1.1
59.105,3.04290409797856,3.14391499286685,-1.1
59.11,3.04281540626714,3.14479022747074,-1.1
59.115,3.04272790664861,3.14566403156314,-1.1
59.12,3.0426401686115,3.14653640514408,-1.1
59.125,3.04255147690007,3.14740734821353,-1.1
59.13,3.0424632620258,3.14827662235294,-1.1
59.135,3.04237504715154,3.14914589649234,-1.1
59.14,3.04228587860295,3.15001612430606,-1.1
59.145,3.04219694847295,3.15088682895694,-1.1
59.15,3.04210873359868,3.15175753360782,-1.1
59.155,3.04202004188725,3.15262847667728,-1.1
59.16,3.04193135017583,3.153498704491,-1.1
59.165,3.04184432739446,3.15436678653751,-1.1
59.17,3.04175968879888,3.15523248439823,-1.1
59.175,3.04167719597051,3.15609627491031,-1.1
59.18,3.04159613365361,3.1569588733295,-1.1
59.185,3.04151602501103,3.15782004123722,-1.1
59.19,3.04143639320561,3.15868025547061,-1.1
59.195,3.04135580772588,3.15954023128543,-1.1
59.2,3.04127307647893,3.16040092235599,-1.1
59.205,3.04085913441333,3.16122576207021,-1.1
59.21,3.04077401898059,3.16208669155934,-1.1
59.215,3.04068699619922,3.16294809788564,-1.1
59.22,3.04059711239489,3.16380998104909,-1.1
59.225,3.04050293705615,3.16467424839833,-1.1
59.23,3.04040256283435,3.16554352253774,-1.1
59.235,3.04029694340381,3.16641804188588,-1.1
59.24,3.04019060871753,3.16729423016408,-1.1
59.245,3.04008737347278,3.16816803425649,-1.1
59.25,3.03998771450671,3.16903897732594,-1.1
59.255,3.0398885323778,3.16990777462819,-1.1
59.26,3.03978744290027,3.17077561825612,-1.1
59.265,3.03968468449267,3.17164298504689,-1.1
59.27,3.03957834980639,3.1725110670934,-1.1
59.275,3.03946748516711,3.17338177174428,-1.1
59.28,3.03935161373767,3.17425676792958,-1.1
59.285,3.03923049709948,3.1751372477422,-1.1
59.29,3.03910580418261,3.17602225750783,-1.1
59.295,3.03898182652148,3.17690774411061,-1.1
59.3,3.03886118672046,3.17779036969045,-1.1
59.305,3.03874483845385,3.17866798848012,-1.1
59.31,3.03863087437304,3.17954203099111,-1.1
59.315,3.03851643345508,3.18041464299062,-1.1
59.32,3.03839984676989,3.18128749340871,-1.1
59.325,3.03828135273608,3.18216201275685,-1.1
59.33,3.03816071293506,3.18303915470937,-1.1
59.335,3.03803864262256,3.18391891926625,-1.1
59.34,3.03791776440295,3.18479892224172,-1.1
59.345,3.03779903195056,3.18567630261281,-1.1
59.35,3.03768268368396,3.18654986828664,-1.1
59.355,3.03756705067309,3.1874208113561,-1.1
59.36,3.03744855663928,3.18829270809987,-1.1
59.365,3.03732648632678,3.18916722744801,-1.1
59.37,3.0372029855028,3.19004270047048,-1.1
59.375,3.03707948467883,3.19091769665578,-1.1
59.38,3.03695455334338,3.1917936465154,-1.1
59.385,3.03682485363635,3.19267245739797,-1.1
59.39,3.03668919346484,3.19355460614064,-1.1
59.395,3.03655067227038,3.19443890065053,-1.1
59.4,3.03641119740161,3.19532486409047,-1.1
59.405,3.03715216378271,3.19630647330587,-1.1
59.41,3.03701721886694,3.19719100623434,-1.1
59.415,3.03688632706701,3.19807172446554,-1.1
59.42,3.0367575810343,3.19894958167379,-1.1
59.425,3.03662811974585,3.19982696204489,-1.1
59.43,3.03649722794592,3.2007052960903,-1.1
59.435,3.03636728982031,3.20158339171713,-1.1
59.44,3.03624116639196,3.20245886473959,-1.1
59.445,3.03611957291662,3.2033314767391,-1.1
59.45,3.03600012520849,3.20420289664572,-1.1
59.455,3.03588043908178,3.20507431655233,-1.1
59.46,3.03576146821081,3.20594454436605,-1.1
59.465,3.03564559678137,3.20681143431967,-1.1
59.47,3.03553258637487,3.20767594008749,-1.1
59.475,3.0354205296427,3.208539492181,-1.1
59.48,3.03530942658483,3.20940280585592,-1.1
59.485,3.03519975403845,3.21026588111227,-1.1
59.49,3.03509151200354,3.21112847953146,-1.1
59.495,3.03498541573584,3.21198917060202,-1.1
59.5,3.03488265732824,3.21284700064962,-1.1
59.505,3.03478228310644,3.21370149283712,-1.1
59.51,3.03468190888464,3.21455455451315,-1.1
59.515,3.03458105782568,3.21540856986349,-1.1
59.52,3.03447877625524,3.21626473098104,-1.1
59.525,3.03437673310339,3.21712113051718,-1.1
59.53,3.0342785046488,3.21797443061178,-1.1
59.535,3.03418313721716,3.21882439284628,-1.1
59.54,3.03408562401831,3.2196741166622,-1.1
59.545,3.03398310402929,3.22052598624533,-1.1
59.55,3.0338758156687,3.22138047843283,-1.1
59.555,3.03376518944799,3.22223711638754,-1.1
59.56,3.03365241746008,3.2230966153652,-1.1
59.565,3.03353654603064,3.22395921378439,-1.1
59.57,3.03341900567114,3.22482443480795,-1.1
59.575,3.03330122689306,3.22569013266867,-1.1
59.58,3.03318392495214,3.22655511527365,-1.1
59.585,3.03306829194128,3.22741795211142,-1.1
59.59,3.03295480469763,3.22827792792624,-1.1
59.595,3.03284203270971,3.229136234811,-1.1
59.6,3.0327280686289,3.2299952569515,-1.1
59.605,3.03400592020986,3.23100040868366,-1.1
59.61,3.0338879030132,3.23186253026569,-1.1
59.615,3.03376917056081,3.23272584394062,-1.1
59.62,3.03364900759694,3.23359011128986,-1.1
59.625,3.03352765254018,3.2344543786391,-1.1
59.63,3.03340629748341,3.23531769231403,-1.1
59.635,3.03328351191518,3.23618100598896,-1.1
59.64,3.03315786532399,3.2370464654311,-1.1
59.645,3.03302959612843,3.2379145474776,-1.1
59.65,3.0328998964214,3.23878406003559,-1.1
59.655,3.03277115038869,3.23965357259357,-1.1
59.66,3.03264383486745,3.24052284673298,-1.1
59.665,3.03251675776479,3.2413918824538,-1.1
59.67,3.03239039591786,3.24225948766315,-1.1
59.675,3.03226617983815,3.24312518552387,-1.1
59.68,3.03214315585133,3.24399016812885,-1.1
59.685,3.0320203702831,3.24485491231525,-1.1
59.69,3.03189973048207,3.24571751073444,-1.1
59.695,3.03178123644826,3.24657796338642,-1.1
59.7,3.03166083506581,3.24743889287555,-1.1
59.705,3.03153638056752,3.2483019681319,-1.1
59.71,3.03140834979054,3.24916695073688,-1.1
59.715,3.0312776964092,3.25003455594623,-1.1
59.72,3.03114513567922,3.25090597585285,-1.1
59.725,3.03101209811208,3.25177882627094,-1.1
59.73,3.03088192156789,3.2526485772475,-1.1
59.735,3.03075555972096,3.2535133214339,-1.1
59.74,3.03062681368825,3.25437735036457,-1.1
59.745,3.03048972300527,3.25524638608539,-1.1
59.75,3.03034547976491,3.25612090543354,-1.1
59.755,3.0301983755016,3.25699804738605,-1.1
59.76,3.03005079440114,3.25787661985004,-1.1
59.765,3.02990154437062,3.25875757649982,-1.1
59.77,3.02974919489858,3.25964139417255,-1.1
59.775,3.02959398440358,3.26052711919391,-1.1
59.78,3.02943829707143,3.26141284421528,-1.1
59.785,3.02928404025075,3.26229737714374,-1.1
59.79,3.02913216761586,3.26318024114216,-1.1
59.795,3.0289833944225,3.26406167462909,-1.1
59.8,3.02883748225209,3.26494167760456,-1.1
59.805,3.03017120963623,3.26596491927034,-1.1
59.81,3.03003030425598,3.26684134596712,-1.1
59.815,3.02989202148011,3.26771491164095,-1.1
59.82,3.02975564605286,3.26858680838472,-1.1
59.825,3.02961950904419,3.26945775145418,-1.1
59.83,3.02948408729126,3.2703279792679,-1.1
59.835,3.02935081130554,3.27119749182588,-1.1
59.84,3.02921777373841,3.2720677196396,-1.1
59.845,3.029085451427,3.2729381858719,-1.1
59.85,3.02895599013855,3.27380650633699,-1.1
59.855,3.02882915145447,3.27467172736055,-1.1
59.86,3.02870350486328,3.27553456419832,-1.1
59.865,3.02857738143494,3.27639716261751,-1.1
59.87,3.0284488738208,3.27726214522249,-1.1
59.875,3.02831869727661,3.27812951201326,-1.1
59.88,3.02819066649964,3.27899664038545,-1.1
59.885,3.02806645041992,3.27986209982759,-1.1
59.89,3.02794509536316,3.28072660559541,-1.1
59.895,3.02782660132935,3.28158944243318,-1.1
59.9,3.02771168357422,3.28244774931795,-1.1
59.905,3.02760105735352,3.28330104941255,-1.1
59.91,3.02749186164429,3.28415220373994,-1.1
59.915,3.02737980491211,3.28500502699739,-1.1
59.92,3.02726488715698,3.28586023444063,-1.1
59.925,3.02714925414612,3.28671639555818,-1.1
59.93,3.02703219062378,3.28757446402437,-1.1
59.935,3.02691250449707,3.28843515509493,-1.1
59.94,3.02679067260315,3.28929703825838,-1.1
59.945,3.02666836387207,3.29015844458467,-1.1
59.95,3.0265448630481,3.29101961249239,-1.1
59.955,3.02641897803833,3.29188244933015,-1.1
59.96,3.0262904704242,3.29274790877229,-1.1
59.965,3.02615981704285,3.29361551398164,-1.1
59.97,3.0260291636615,3.29448478812105,-1.1
59.975,3.02589898711731,3.29535430067903,-1.1
59.98,3.02576976424744,3.29622309798128,-1.1
59.985,3.02564221030762,3.29708951109773,-1.1
59.99,3.02551537162354,3.29795401686556,-1.1
59.995,3.0253868640094,3.29881923788911,-1.1
60,3.02525549537232,3.29968684309847,-1.1
60.005,3.02758697229057,3.30077786398786,-1.1
60.01,3.02745488839774,3.30164809180158,-1.1
60.015,3.02732447343498,3.30251760435956,-1.1
60.02,3.02719501214652,3.30338664008039,-1.1
60.025,3.02706483560233,3.30425519896405,-1.1
60.03,3.02693370538383,3.30512351942914,-1.1
60.035,3.02680257516532,3.30599183989423,-1.1
60.04,3.02667144494682,3.30686087561506,-1.1
60.045,3.02654079156547,3.30773062659162,-1.1
60.05,3.02641228395133,3.30859918547529,-1.1
60.055,3.02628592210441,3.3094660754289,-1.1
60.06,3.02615956025749,3.31033272696393,-1.1
60.065,3.02603129106193,3.31120080901044,-1.1
60.07,3.02590135293632,3.31206984473127,-1.1
60.075,3.0257726069036,3.3129376883592,-1.1
60.08,3.02564624505668,3.31380457831281,-1.1
60.085,3.02552012162834,3.31467242194074,-1.1
60.09,3.02539352136283,3.31554145766156,-1.1
60.095,3.0252683516088,3.31640977812665,-1.1
60.1,3.02514485078483,3.31727619124311,-1.1
60.105,3.02502182679801,3.31814093542951,-1.1
60.11,3.02489832597404,3.31900520277875,-1.1
60.115,3.02477244096427,3.31987090063947,-1.1
60.12,3.02464297967582,3.32073945952314,-1.1
60.125,3.024510895783,3.32161087942975,-1.1
60.13,3.02437714296012,3.32248468352216,-1.1
60.135,3.02424219804435,3.32336063338178,-1.1
60.14,3.02410629945426,3.32423706007856,-1.1
60.145,3.02397063928275,3.3251127715196,-1.1
60.15,3.02383450227409,3.32598824454206,-1.1
60.155,3.02369669633537,3.32686443282026,-1.1
60.16,3.02355698304801,3.32774229002851,-1.1
60.165,3.02341583924918,3.32862181616681,-1.1
60.17,3.0232742186132,3.32950301123517,-1.1
60.175,3.02313259797721,3.33038515997785,-1.1
60.18,3.02299169259696,3.3312675471391,-1.1
60.185,3.02285245614677,3.3321494574632,-1.1
60.19,3.02271512704521,3.33302993727582,-1.1
60.195,3.02258089738517,3.33390874815839,-1.1
60.2,3.0224504824224,3.33478469801801,-1.1
60.205,3.0247800100223,3.33585343858326,-1.1
60.21,3.0246567476169,3.33672318955983,-1.1
60.215,3.02453491572298,3.33759127160634,-1.1
60.22,3.02441189173617,3.33845959207142,-1.1
60.225,3.02428743723788,3.33932862779225,-1.1
60.23,3.02416155222811,3.34019933244313,-1.1
60.235,3.02403399828829,3.34107146760548,-1.1
60.24,3.02390572909273,3.34194455644215,-1.1
60.245,3.02377698306002,3.34281812211598,-1.1
60.25,3.02364704493441,3.34369311830128,-1.1
60.255,3.02351543787875,3.34457049867238,-1.1
60.26,3.0233835924045,3.34544954797352,-1.1
60.265,3.02325460795321,3.34632764360035,-1.1
60.27,3.02313134554781,3.34720263978566,-1.1
60.275,3.02301356676974,3.34807358285511,-1.1
60.28,3.02290055636324,3.34894118806447,-1.1
60.285,3.02279112223543,3.34980569383229,-1.1
60.29,3.02268407229342,3.35066733857716,-1.1
60.295,3.02257940653719,3.35152659913624,-1.1
60.3,3.02247569445528,3.35238466760243,-1.1
60.305,3.02237079028048,3.35324321290577,-1.1
60.31,3.02226350191988,3.35410318872059,-1.1
60.315,3.0221526372806,3.35496578713978,-1.1
60.32,3.02203724268832,3.3558326770934,-1.1
60.325,3.02191779498019,3.35670362016285,-1.1
60.33,3.02179620150484,3.35757766267384,-1.1
60.335,3.02167508486666,3.35845289727772,-1.1
60.34,3.02155587557711,3.35932670137013,-1.1
60.345,3.02143881205477,3.36019835969532,-1.1
60.35,3.02132222536959,3.36106882592762,-1.1
60.355,3.02120396975436,3.36194048425282,-1.1
60.36,3.02108404520907,3.36281428834523,-1.1
60.365,3.02096435908236,3.36368904611195,-1.1
60.37,3.02084801081576,3.3645635654601,-1.1
60.375,3.02073547724642,3.36543641587819,-1.1
60.38,3.02062675837435,3.36630664369191,-1.1
60.385,3.02052161578097,3.36717329522694,-1.1
60.39,3.02041885737337,3.36803684732045,-1.1
60.395,3.02031657580294,3.3688987304839,-1.1
60.4,3.02021405581393,3.36976037522877,-1.1
60.405,3.0230064068714,3.37082292844879,-1.1
60.41,3.02290269478949,3.37168719579803,-1.1
60.415,3.02279802903326,3.37255289365875,-1.1
60.42,3.02269217118414,3.37341906835663,-1.1
60.425,3.02258392914923,3.37428595831024,-1.1
60.43,3.02247211083563,3.37515523244964,-1.1
60.435,3.02235600098761,3.37602760603058,-1.1
60.44,3.02223655327948,3.37690331747162,-1.1
60.445,3.02211662873419,3.37778117467987,-1.1
60.45,3.02199718102606,3.37866022398102,-1.1
60.455,3.02187821015509,3.3795399885379,-1.1
60.46,3.02176066979559,3.38041927625763,-1.1
60.465,3.02164455994757,3.38129808714019,-1.1
60.47,3.0215301190296,3.38217618276703,-1.1
60.475,3.02141925439032,3.38305213262664,-1.1
60.48,3.02131411179693,3.383924267789,-1.1
60.485,3.02121445283087,3.38479282667267,-1.1
60.49,3.02111789330633,3.38565923978912,-1.1
60.495,3.02102371796759,3.3865242223941,-1.1
60.5,3.02093264207037,3.38738801290619,-1.1
60.505,3.02084418877752,3.3882503729068,-1.1
60.51,3.02075978860052,3.38910963346588,-1.1
60.515,3.02068087205084,3.38996412565338,-1.1
60.52,3.02060457810553,3.39081599523651,-1.1
60.525,3.02052756890448,3.39166858007538,-1.1
60.53,3.02044841393622,3.39252211858856,-1.1
60.535,3.0203687821308,3.39337684919464,-1.1
60.54,3.0202889119068,3.39423277189361,-1.1
60.545,3.02020808800848,3.39509036352264,-1.1
60.55,3.02012774094732,3.39594795515167,-1.1
60.555,3.02004739388617,3.39680506994354,-1.1
60.56,3.01996585473211,3.39766361524688,-1.1
60.565,3.01988288506659,3.39852382948028,-1.1
60.57,3.01979967698248,3.39938547422516,-1.1
60.575,3.01971909150274,3.40024664213287,-1.1
60.58,3.01964208230169,3.40110590269195,-1.1
60.585,3.01956864937933,3.40196254064666,-1.1
60.59,3.01949783906134,3.40281631757843,-1.1
60.595,3.0194275055805,3.40366866399872,-1.1
60.6,3.01935574158819,3.40452172567474,-1.1
60.605,3.01935574158819,3.40452172567474,-1.09799999999959
60.61,3.01935574158819,3.40452172567474,-1.09599999999919
60.615,3.01935574158819,3.40452172567474,-1.09399999999878
60.62,3.01935574158819,3.40452172567474,-1.09199999999837
60.625,3.01935574158819,3.40452172567474,-1.08999999999796
60.63,3.01935574158819,3.40452172567474,-1.08799999999756
60.635,3.01935574158819,3.40452172567474,-1.08599999999715
60.64,3.01935574158819,3.40452172567474,-1.08399999999674
60.645,3.01935574158819,3.40452172567474,-1.08199999999633
60.65,3.01935574158819,3.40452172567474,-1.07999999999593
60.655,3.01935574158819,3.40452172567474,-1.07799999999552
60.66,3.01935574158819,3.40452172567474,-1.07599999999511
60.665,3.01935574158819,3.40452172567474,-1.0739999999947
60.67,3.01935574158819,3.40452172567474,-1.0719999999943
60.675,3.01935574158819,3.40452172567474,-1.06999999999389
60.68,3.01935574158819,3.40452172567474,-1.06799999999348
60.685,3.01935574158819,3.40452172567474,-1.06599999999307
60.69,3.01935574158819,3.40452172567474,-1.06399999999267
60.695,3.01935574158819,3.40452172567474,-1.06199999999226
60.7,3.01935574158819,3.40452172567474,-1.05999999999185
60.705,3.01935574158819,3.40452172567474,-1.05799999999144
60.71,3.01935574158819,3.40452172567474,-1.05599999999104
60.715,3.01935574158819,3.40452172567474,-1.05399999999063
60.72,3.01935574158819,3.40452172567474,-1.05199999999022
60.725,3.01935574158819,3.40452172567474,-1.04999999998981
60.73,3.01935574158819,3.40452172567474,-1.04799999998941
60.735,3.01935574158819,3.40452172567474,-1.045999999989
60.74,3.01935574158819,3.40452172567474,-1.04399999998859
60.745,3.01935574158819,3.40452172567474,-1.04199999998818
60.75,3.01935574158819,3.40452172567474,-1.03999999998778
60.755,3.01935574158819,3.40452172567474,-1.03799999998737
60.76,3.01935574158819,3.40452172567474,-1.03599999998696
60.765,3.01935574158819,3.40452172567474,-1.03399999998655
60.77,3.01935574158819,3.40452172567474,-1.03199999998615
60.775,3.01935574158819,3.40452172567474,-1.02999999998574
60.78,3.01935574158819,3.40452172567474,-1.02799999998533
60.785,3.01935574158819,3.40452172567474,-1.02599999998492
60.79,3.01935574158819,3.40452172567474,-1.02399999998452
60.795,3.01935574158819,3.40452172567474,-1.02199999998411
60.8,3.01935574158819,3.40452172567474,-1.0199999999837
60.805,3.01935574158819,3.40452172567474,-1.01799999998329
60.81,3.01935574158819,3.40452172567474,-1.01599999998289
60.815,3.01935574158819,3.40452172567474,-1.01399999998248
60.82,3.01935574158819,3.40452172567474,-1.01199999998207
60.825,3.01935574158819,3.40452172567474,-1.00999999998166
60.83,3.01935574158819,3.40452172567474,-1.00799999998126
60.835,3.01935574158819,3.40452172567474,-1.00599999998085
60.84,3.01935574158819,3.40452172567474,-1.00399999998044
60.845,3.01935574158819,3.40452172567474,-1.00199999998003
60.85,3.01935574158819,3.40452172567474,-0.999999999979627
60.855,3.01935574158819,3.40452172567474,-0.99799999997922
60.86,3.01935574158819,3.40452172567474,-0.995999999978813
60.865,3.01935574158819,3.40452172567474,-0.993999999978405
60.87,3.01935574158819,3.40452172567474,-0.991999999977998
60.875,3.01935574158819,3.40452172567474,-0.98999999997759
60.88,3.01935574158819,3.40452172567474,-0.987999999977183
60.885,3.01935574158819,3.40452172567474,-0.985999999976775
60.89,3.01935574158819,3.40452172567474,-0.983999999976368
60.895,3.01935574158819,3.40452172567474,-0.98199999997596
60.9,3.01935574158819,3.40452172567474,-0.979999999975553
60.905,3.01935574158819,3.40452172567474,-0.977999999975145
60.91,3.01935574158819,3.40452172567474,-0.975999999974738
60.915,3.01935574158819,3.40452172567474,-0.973999999974331
60.92,3.01935574158819,3.40452172567474,-0.971999999973923
60.925,3.01935574158819,3.40452172567474,-0.969999999973516
60.93,3.01935574158819,3.40452172567474,-0.967999999973108
60.935,3.01935574158819,3.40452172567474,-0.965999999972701
60.94,3.01935574158819,3.40452172567474,-0.963999999972293
60.945,3.01935574158819,3.40452172567474,-0.961999999971886
60.95,3.01935574158819,3.40452172567474,-0.959999999971478
60.955,3.01935574158819,3.40452172567474,-0.957999999971071
60.96,3.01935574158819,3.40452172567474,-0.955999999970663
60.965,3.01935574158819,3.40452172567474,-0.953999999970256
60.97,3.01935574158819,3.40452172567474,-0.951999999969849
60.975,3.01935574158819,3.40452172567474,-0.949999999969441
60.98,3.01935574158819,3.40452172567474,-0.947999999969034
60.985,3.01935574158819,3.40452172567474,-0.945999999968626
60.99,3.01935574158819,3.40452172567474,-0.943999999968219
60.995,3.01935574158819,3.40452172567474,-0.941999999967811
61,3.01935574158819,3.40452172567474,-0.939999999967404
61.005,3.01935574158819,3.40452172567474,-0.937999999966996
61.01,3.01935574158819,3.40452172567474,-0.935999999966589
61.015,3.01935574158819,3.40452172567474,-0.933999999966181
61.02,3.01935574158819,3.40452172567474,-0.931999999965774
61.025,3.01935574158819,3.40452172567474,-0.929999999965367
61.03,3.01935574158819,3.40452172567474,-0.927999999964959
61.035,3.01935574158819,3.40452172567474,-0.925999999964552
61.04,3.01935574158819,3.40452172567474,-0.923999999964144
61.045,3.01935574158819,3.40452172567474,-0.921999999963737
61.05,3.01935574158819,3.40452172567474,-0.919999999963329
61.055,3.01935574158819,3.40452172567474,-0.917999999962922
61.06,3.01935574158819,3.40452172567474,-0.915999999962514
61.065,3.01935574158819,3.40452172567474,-0.913999999962107
61.07,3.01935574158819,3.40452172567474,-0.911999999961699
61.075,3.01935574158819,3.40452172567474,-0.909999999961292
61.08,3.01935574158819,3.40452172567474,-0.907999999960885
61.085,3.01935574158819,3.40452172567474,-0.905999999960477
61.09,3.01935574158819,3.40452172567474,-0.90399999996007
61.095,3.01935574158819,3.40452172567474,-0.901999999959662
61.1,3.01935574158819,3.40452172567474,-0.899999999959255
61.105,3.01935574158819,3.40452172567474,-0.897999999958847
61.11,3.01935574158819,3.40452172567474,-0.89599999995844
61.115,3.01935574158819,3.40452172567474,-0.893999999958032
61.12,3.01935574158819,3.40452172567474,-0.891999999957625
61.125,3.01935574158819,3.40452172567474,-0.889999999957217
61.13,3.01935574158819,3.40452172567474,-0.88799999995681
61.135,3.01935574158819,3.40452172567474,-0.885999999956403
61.14,3.01935574158819,3.40452172567474,-0.883999999955995
61.145,3.01935574158819,3.40452172567474,-0.881999999955588
61.15,3.01935574158819,3.40452172567474,-0.87999999995518
61.155,3.01935574158819,3.40452172567474,-0.877999999954773
61.16,3.01935574158819,3.40452172567474,-0.875999999954365
61.165,3.01935574158819,3.40452172567474,-0.873999999953958
61.17,3.01935574158819,3.40452172567474,-0.87199999995355
61.175,3.01935574158819,3.40452172567474,-0.869999999953143
61.18,3.01935574158819,3.40452172567474,-0.867999999952735
61.185,3.01935574158819,3.40452172567474,-0.865999999952328
61.19,3.01935574158819,3.40452172567474,-0.863999999951921
61.195,3.01935574158819,3.40452172567474,-0.861999999951513
61.2,3.01935574158819,3.40452172567474,-0.859999999951106
61.205,3.01935574158819,3.40452172567474,-0.857999999950698
61.21,3.01935574158819,3.40452172567474,-0.855999999950291
61.215,3.01935574158819,3.40452172567474,-0.853999999949883
61.22,3.01935574158819,3.40452172567474,-0.851999999949476
61.225,3.01935574158819,3.40452172567474,-0.849999999949068
61.23,3.01935574158819,3.40452172567474,-0.847999999948661
61.235,3.01935574158819,3.40452172567474,-0.845999999948253
61.24,3.01935574158819,3.40452172567474,-0.843999999947846
61.245,3.01935574158819,3.40452172567474,-0.841999999947439
61.25,3.01935574158819,3.40452172567474,-0.839999999947031
61.255,3.01935574158819,3.40452172567474,-0.837999999946624
61.26,3.01935574158819,3.40452172567474,-0.835999999946216
61.265,3.01935574158819,3.40452172567474,-0.833999999945809
61.27,3.01935574158819,3.40452172567474,-0.831999999945401
61.275,3.01935574158819,3.40452172567474,-0.829999999944994
61.28,3.01935574158819,3.40452172567474,-0.827999999944586
61.285,3.01935574158819,3.40452172567474,-0.825999999944179
61.29,3.01935574158819,3.40452172567474,-0.823999999943771
61.295,3.01935574158819,3.40452172567474,-0.821999999943364
61.3,3.01935574158819,3.40452172567474,-0.819999999942957
61.305,3.01935574158819,3.40452172567474,-0.817999999942549
61.31,3.01935574158819,3.40452172567474,-0.815999999942142
61.315,3.01935574158819,3.40452172567474,-0.813999999941734
61.32,3.01935574158819,3.40452172567474,-0.811999999941327
61.325,3.01935574158819,3.40452172567474,-0.809999999940919
61.33,3.01935574158819,3.40452172567474,-0.807999999940512
61.335,3.01935574158819,3.40452172567474,-0.805999999940104
61.34,3.01935574158819,3.40452172567474,-0.803999999939697
61.345,3.01935574158819,3.40452172567474,-0.801999999939289
61.35,3.01935574158819,3.40452172567474,-0.799999999938882
61.355,3.01935574158819,3.40452172567474,-0.797999999938475
61.36,3.01935574158819,3.40452172567474,-0.795999999938067
61.365,3.01935574158819,3.40452172567474,-0.79399999993766
61.37,3.01935574158819,3.40452172567474,-0.791999999937252
61.375,3.01935574158819,3.40452172567474,-0.789999999936845
61.38,3.01935574158819,3.40452172567474,-0.787999999936437
61.385,3.01935574158819,3.40452172567474,-0.78599999993603
61.39,3.01935574158819,3.40452172567474,-0.783999999935622
61.395,3.01935574158819,3.40452172567474,-0.781999999935215
61.4,3.01935574158819,3.40452172567474,-0.779999999934808
61.405,3.01935574158819,3.40452172567474,-0.7779999999344
61.41,3.01935574158819,3.40452172567474,-0.775999999933993
61.415,3.01935574158819,3.40452172567474,-0.773999999933585
61.42,3.01935574158819,3.40452172567474,-0.771999999933178
61.425,3.01935574158819,3.40452172567474,-0.76999999993277
61.43,3.01935574158819,3.40452172567474,-0.767999999932363
61.435,3.01935574158819,3.40452172567474,-0.765999999931955
61.44,3.01935574158819,3.40452172567474,-0.763999999931548
61.445,3.01935574158819,3.40452172567474,-0.76199999993114
61.45,3.01935574158819,3.40452172567474,-0.759999999930733
61.455,3.01935574158819,3.40452172567474,-0.757999999930326
61.46,3.01935574158819,3.40452172567474,-0.755999999929918
61.465,3.01935574158819,3.40452172567474,-0.753999999929511
61.47,3.01935574158819,3.40452172567474,-0.751999999929103
61.475,3.01935574158819,3.40452172567474,-0.749999999928696
61.48,3.01935574158819,3.40452172567474,-0.747999999928288
61.485,3.01935574158819,3.40452172567474,-0.745999999927881
61.49,3.01935574158819,3.40452172567474,-0.743999999927473
61.495,3.01935574158819,3.40452172567474,-0.741999999927066
61.5,3.01935574158819,3.40452172567474,-0.739999999926658
61.505,3.01935574158819,3.40452172567474,-0.737999999926251
61.51,3.01935574158819,3.40452172567474,-0.735999999925844
61.515,3.01935574158819,3.40452172567474,-0.733999999925436
61.52,3.01935574158819,3.40452172567474,-0.731999999925029
61.525,3.01935574158819,3.40452172567474,-0.729999999924621
61.53,3.01935574158819,3.40452172567474,-0.727999999924214
61.535,3.01935574158819,3.40452172567474,-0.725999999923806
61.54,3.01935574158819,3.40452172567474,-0.723999999923399
61.545,3.01935574158819,3.40452172567474,-0.721999999922991
61.55,3.01935574158819,3.40452172567474,-0.719999999922584
61.555,3.01935574158819,3.40452172567474,-0.717999999922176
61.56,3.01935574158819,3.40452172567474,-0.715999999921769
61.565,3.01935574158819,3.40452172567474,-0.713999999921362
61.57,3.01935574158819,3.40452172567474,-0.711999999920954
61.575,3.01935574158819,3.40452172567474,-0.709999999920547
61.58,3.01935574158819,3.40452172567474,-0.707999999920139
61.585,3.01935574158819,3.40452172567474,-0.705999999919732
61.59,3.01935574158819,3.40452172567474,-0.703999999919324
61.595,3.01935574158819,3.40452172567474,-0.701999999918917
61.6,3.01935574158819,3.40452172567474,-0.699999999918509
61.605,3.01935574158819,3.40452172567474,-0.697999999918102
61.61,3.01935574158819,3.40452172567474,-0.695999999917694
61.615,3.01935574158819,3.40452172567474,-0.693999999917287
61.62,3.01935574158819,3.40452172567474,-0.69199999991688
61.625,3.01935574158819,3.40452172567474,-0.689999999916472
61.63,3.01935574158819,3.40452172567474,-0.687999999916065
61.635,3.01935574158819,3.40452172567474,-0.685999999915657
61.64,3.01935574158819,3.40452172567474,-0.68399999991525
61.645,3.01935574158819,3.40452172567474,-0.681999999914842
61.65,3.01935574158819,3.40452172567474,-0.679999999914435
61.655,3.01935574158819,3.40452172567474,-0.677999999914027
61.66,3.01935574158819,3.40452172567474,-0.67599999991362
61.665,3.01935574158819,3.40452172567474,-0.673999999913212
61.67,3.01935574158819,3.40452172567474,-0.671999999912805
61.675,3.01935574158819,3.40452172567474,-0.669999999912398
61.68,3.01935574158819,3.40452172567474,-0.66799999991199
61.685,3.01935574158819,3.40452172567474,-0.665999999911583
61.69,3.01935574158819,3.40452172567474,-0.663999999911175
61.695,3.01935574158819,3.40452172567474,-0.661999999910768
61.7,3.01935574158819,3.40452172567474,-0.65999999991036
61.705,3.01935574158819,3.40452172567474,-0.657999999909953
61.71,3.01935574158819,3.40452172567474,-0.655999999909545
61.715,3.01935574158819,3.40452172567474,-0.653999999909138
61.72,3.01935574158819,3.40452172567474,-0.65199999990873
61.725,3.01935574158819,3.40452172567474,-0.649999999908323
61.73,3.01935574158819,3.40452172567474,-0.647999999907916
61.735,3.01935574158819,3.40452172567474,-0.645999999907508
61.74,3.01935574158819,3.40452172567474,-0.643999999907101
61.745,3.01935574158819,3.40452172567474,-0.641999999906693
61.75,3.01935574158819,3.40452172567474,-0.639999999906286
61.755,3.01935574158819,3.40452172567474,-0.637999999905878
61.76,3.01935574158819,3.40452172567474,-0.635999999905471
61.765,3.01935574158819,3.40452172567474,-0.633999999905063
61.77,3.01935574158819,3.40452172567474,-0.631999999904656
61.775,3.01935574158819,3.40452172567474,-0.629999999904248
61.78,3.01935574158819,3.40452172567474,-0.627999999903841
61.785,3.01935574158819,3.40452172567474,-0.625999999903434
61.79,3.01935574158819,3.40452172567474,-0.623999999903026
61.795,3.01935574158819,3.40452172567474,-0.621999999902619
61.8,3.01935574158819,3.40452172567474,-0.619999999902211
61.805,3.01935574158819,3.40452172567474,-0.617999999901804
61.81,3.01935574158819,3.40452172567474,-0.615999999901396
61.815,3.01935574158819,3.40452172567474,-0.613999999900989
61.82,3.01935574158819,3.40452172567474,-0.611999999900581
61.825,3.01935574158819,3.40452172567474,-0.609999999900174
61.83,3.01935574158819,3.40452172567474,-0.607999999899766
61.835,3.01935574158819,3.40452172567474,-0.605999999899359
61.84,3.01935574158819,3.40452172567474,-0.603999999898952
61.845,3.01935574158819,3.40452172567474,-0.601999999898544
61.85,3.01935574158819,3.40452172567474,-0.599999999898137
61.855,3.01935574158819,3.40452172567474,-0.597999999897729
61.86,3.01935574158819,3.40452172567474,-0.595999999897322
61.865,3.01935574158819,3.40452172567474,-0.593999999896914
61.87,3.01935574158819,3.40452172567474,-0.591999999896507
61.875,3.01935574158819,3.40452172567474,-0.589999999896099
61.88,3.01935574158819,3.40452172567474,-0.587999999895692
61.885,3.01935574158819,3.40452172567474,-0.585999999895285
61.89,3.01935574158819,3.40452172567474,-0.583999999894877
61.895,3.01935574158819,3.40452172567474,-0.58199999989447
61.9,3.01935574158819,3.40452172567474,-0.579999999894062
61.905,3.01935574158819,3.40452172567474,-0.577999999893655
61.91,3.01935574158819,3.40452172567474,-0.575999999893247
61.915,3.01935574158819,3.40452172567474,-0.57399999989284
61.92,3.01935574158819,3.40452172567474,-0.571999999892432
61.925,3.01935574158819,3.40452172567474,-0.569999999892025
61.93,3.01935574158819,3.40452172567474,-0.567999999891617
61.935,3.01935574158819,3.40452172567474,-0.56599999989121
61.94,3.01935574158819,3.40452172567474,-0.563999999890803
61.945,3.01935574158819,3.40452172567474,-0.561999999890395
61.95,3.01935574158819,3.40452172567474,-0.559999999889988
61.955,3.01935574158819,3.40452172567474,-0.55799999988958
61.96,3.01935574158819,3.40452172567474,-0.555999999889173
61.965,3.01935574158819,3.40452172567474,-0.553999999888765
61.97,3.01935574158819,3.40452172567474,-0.551999999888358
61.975,3.01935574158819,3.40452172567474,-0.54999999988795
61.98,3.01935574158819,3.40452172567474,-0.547999999887543
61.985,3.01935574158819,3.40452172567474,-0.545999999887135
61.99,3.01935574158819,3.40452172567474,-0.543999999886728
61.995,3.01935574158819,3.40452172567474,-0.541999999886321
62,3.01935574158819,3.40452172567474,-0.539999999885913
62.005,3.01935574158819,3.40452172567474,-0.537999999885506
62.01,3.01935574158819,3.40452172567474,-0.535999999885098
62.015,3.01935574158819,3.40452172567474,-0.533999999884691
62.02,3.01935574158819,3.40452172567474,-0.531999999884283
62.025,3.01935574158819,3.40452172567474,-0.529999999883876
62.03,3.01935574158819,3.40452172567474,-0.527999999883468
62.035,3.01935574158819,3.40452172567474,-0.525999999883061
62.04,3.01935574158819,3.40452172567474,-0.523999999882653
62.045,3.01935574158819,3.40452172567474,-0.521999999882246
62.05,3.01935574158819,3.40452172567474,-0.519999999881839
62.055,3.01935574158819,3.40452172567474,-0.517999999881431
62.06,3.01935574158819,3.40452172567474,-0.515999999881024
62.065,3.01935574158819,3.40452172567474,-0.513999999880616
62.07,3.01935574158819,3.40452172567474,-0.511999999880209
62.075,3.01935574158819,3.40452172567474,-0.509999999879801
62.08,3.01935574158819,3.40452172567474,-0.507999999879394
62.085,3.01935574158819,3.40452172567474,-0.505999999878986
62.09,3.01935574158819,3.40452172567474,-0.503999999878579
62.095,3.01935574158819,3.40452172567474,-0.501999999878171
62.1,3.01935574158819,3.40452172567474,-0.499999999877764
62.105,3.01935574158819,3.40452172567474,-0.497999999877357
62.11,3.01935574158819,3.40452172567474,-0.495999999876949
62.115,3.01935574158819,3.40452172567474,-0.493999999876542
62.12,3.01935574158819,3.40452172567474,-0.491999999876134
62.125,3.01935574158819,3.40452172567474,-0.489999999875727
62.13,3.01935574158819,3.40452172567474,-0.487999999875319
62.135,3.01935574158819,3.40452172567474,-0.485999999874912
62.14,3.01935574158819,3.40452172567474,-0.483999999874504
62.145,3.01935574158819,3.40452172567474,-0.481999999874097
62.15,3.01935574158819,3.40452172567474,-0.479999999873689
62.155,3.01935574158819,3.40452172567474,-0.477999999873282
62.16,3.01935574158819,3.40452172567474,-0.475999999872875
62.165,3.01935574158819,3.40452172567474,-0.473999999872467
62.17,3.01935574158819,3.40452172567474,-0.47199999987206
62.175,3.01935574158819,3.40452172567474,-0.469999999871652
62.18,3.01935574158819,3.40452172567474,-0.467999999871245
62.185,3.01935574158819,3.40452172567474,-0.465999999870837
62.19,3.01935574158819,3.40452172567474,-0.46399999987043
62.195,3.01935574158819,3.40452172567474,-0.461999999870022
62.2,3.01935574158819,3.40452172567474,-0.459999999869615
62.205,3.01935574158819,3.40452172567474,-0.457999999869207
62.21,3.01935574158819,3.40452172567474,-0.4559999998688
62.215,3.01935574158819,3.40452172567474,-0.453999999868393
62.22,3.01935574158819,3.40452172567474,-0.451999999867985
62.225,3.01935574158819,3.40452172567474,-0.449999999867578
62.23,3.01935574158819,3.40452172567474,-0.44799999986717
62.235,3.01935574158819,3.40452172567474,-0.445999999866763
62.24,3.01935574158819,3.40452172567474,-0.443999999866355
62.245,3.01935574158819,3.40452172567474,-0.441999999865948
62.25,3.01935574158819,3.40452172567474,-0.43999999986554
62.255,3.01935574158819,3.40452172567474,-0.437999999865133
62.26,3.01935574158819,3.40452172567474,-0.435999999864725
62.265,3.01935574158819,3.40452172567474,-0.433999999864318
62.27,3.01935574158819,3.40452172567474,-0.431999999863911
62.275,3.01935574158819,3.40452172567474,-0.429999999863503
62.28,3.01935574158819,3.40452172567474,-0.427999999863096
62.285,3.01935574158819,3.40452172567474,-0.425999999862688
62.29,3.01935574158819,3.40452172567474,-0.423999999862281
62.295,3.01935574158819,3.40452172567474,-0.421999999861873
62.3,3.01935574158819,3.40452172567474,-0.419999999861466
62.305,3.01935574158819,3.40452172567474,-0.417999999861058
62.31,3.01935574158819,3.40452172567474,-0.415999999860651
62.315,3.01935574158819,3.40452172567474,-0.413999999860243
62.32,3.01935574158819,3.40452172567474,-0.411999999859836
62.325,3.01935574158819,3.40452172567474,-0.409999999859429
62.33,3.01935574158819,3.40452172567474,-0.407999999859021
62.335,3.01935574158819,3.40452172567474,-0.405999999858614
62.34,3.01935574158819,3.40452172567474,-0.403999999858206
62.345,3.01935574158819,3.40452172567474,-0.401999999857799
62.35,3.01935574158819,3.40452172567474,-0.399999999857391
62.355,3.01935574158819,3.40452172567474,-0.397999999856984
62.36,3.01935574158819,3.40452172567474,-0.395999999856576
62.365,3.01935574158819,3.40452172567474,-0.393999999856169
62.37,3.01935574158819,3.40452172567474,-0.391999999855762
62.375,3.01935574158819,3.40452172567474,-0.389999999855354
62.38,3.01935574158819,3.40452172567474,-0.387999999854947
62.385,3.01935574158819,3.40452172567474,-0.385999999854539
62.39,3.01935574158819,3.40452172567474,-0.383999999854132
62.395,3.01935574158819,3.40452172567474,-0.381999999853724
62.4,3.01935574158819,3.40452172567474,-0.379999999853317
62.405,3.01935574158819,3.40452172567474,-0.377999999852909
62.41,3.01935574158819,3.40452172567474,-0.375999999852502
62.415,3.01935574158819,3.40452172567474,-0.373999999852094
62.42,3.01935574158819,3.40452172567474,-0.371999999851687
62.425,3.01935574158819,3.40452172567474,-0.36999999985128
62.43,3.01935574158819,3.40452172567474,-0.367999999850872
62.435,3.01935574158819,3.40452172567474,-0.365999999850465
62.44,3.01935574158819,3.40452172567474,-0.363999999850057
62.445,3.01935574158819,3.40452172567474,-0.36199999984965
62.45,3.01935574158819,3.40452172567474,-0.359999999849242
62.455,3.01935574158819,3.40452172567474,-0.357999999848835
62.46,3.01935574158819,3.40452172567474,-0.355999999848427
62.465,3.01935574158819,3.40452172567474,-0.35399999984802
62.47,3.01935574158819,3.40452172567474,-0.351999999847612
62.475,3.01935574158819,3.40452172567474,-0.349999999847205
62.48,3.01935574158819,3.40452172567474,-0.347999999846798
62.485,3.01935574158819,3.40452172567474,-0.34599999984639
62.49,3.01935574158819,3.40452172567474,-0.343999999845983
62.495,3.01935574158819,3.40452172567474,-0.341999999845575
62.5,3.01935574158819,3.40452172567474,-0.339999999845168
62.505,3.01935574158819,3.40452172567474,-0.33799999984476
62.51,3.01935574158819,3.40452172567474,-0.335999999844353
62.515,3.01935574158819,3.40452172567474,-0.333999999843945
62.52,3.01935574158819,3.40452172567474,-0.331999999843538
62.525,3.01935574158819,3.40452172567474,-0.32999999984313
62.53,3.01935574158819,3.40452172567474,-0.327999999842723
62.535,3.01935574158819,3.40452172567474,-0.325999999842316
62.54,3.01935574158819,3.40452172567474,-0.323999999841908
62.545,3.01935574158819,3.40452172567474,-0.321999999841501
62.55,3.01935574158819,3.40452172567474,-0.319999999841093
62.555,3.01935574158819,3.40452172567474,-0.317999999840686
62.56,3.01935574158819,3.40452172567474,-0.315999999840278
62.565,3.01935574158819,3.40452172567474,-0.313999999839871
62.57,3.01935574158819,3.40452172567474,-0.311999999839463
62.575,3.01935574158819,3.40452172567474,-0.309999999839056
62.58,3.01935574158819,3.40452172567474,-0.307999999838648
62.585,3.01935574158819,3.40452172567474,-0.305999999838241
62.59,3.01935574158819,3.40452172567474,-0.303999999837834
62.595,3.01935574158819,3.40452172567474,-0.301999999837426
62.6,3.01935574158819,3.40452172567474,-0.299999999837019
62.605,3.01935574158819,3.40452172567474,-0.297999999836611
62.61,3.01935574158819,3.40452172567474,-0.295999999836204
62.615,3.01935574158819,3.40452172567474,-0.293999999835796
62.62,3.01935574158819,3.40452172567474,-0.291999999835389
62.625,3.01935574158819,3.40452172567474,-0.289999999834981
62.63,3.01935574158819,3.40452172567474,-0.287999999834574
62.635,3.01935574158819,3.40452172567474,-0.285999999834166
62.64,3.01935574158819,3.40452172567474,-0.283999999833759
62.645,3.01935574158819,3.40452172567474,-0.281999999833352
62.65,3.01935574158819,3.40452172567474,-0.279999999832944
62.655,3.01935574158819,3.40452172567474,-0.277999999832537
62.66,3.01935574158819,3.40452172567474,-0.275999999832129
62.665,3.01935574158819,3.40452172567474,-0.273999999831722
62.67,3.01935574158819,3.40452172567474,-0.271999999831314
62.675,3.01935574158819,3.40452172567474,-0.269999999830907
62.68,3.01935574158819,3.40452172567474,-0.267999999830499
62.685,3.01935574158819,3.40452172567474,-0.265999999830092
62.69,3.01935574158819,3.40452172567474,-0.263999999829684
62.695,3.01935574158819,3.40452172567474,-0.261999999829277
62.7,3.01935574158819,3.40452172567474,-0.25999999982887
62.705,3.01935574158819,3.40452172567474,-0.257999999828462
62.71,3.01935574158819,3.40452172567474,-0.255999999828055
62.715,3.01935574158819,3.40452172567474,-0.253999999827647
62.72,3.01935574158819,3.40452172567474,-0.25199999982724
62.725,3.01935574158819,3.40452172567474,-0.249999999826832
62.73,3.01935574158819,3.40452172567474,-0.247999999826425
62.735,3.01935574158819,3.40452172567474,-0.245999999826017
62.74,3.01935574158819,3.40452172567474,-0.24399999982561
62.745,3.01935574158819,3.40452172567474,-0.241999999825202
62.75,3.01935574158819,3.40452172567474,-0.239999999824795
62.755,3.01935574158819,3.40452172567474,-0.237999999824388
62.76,3.01935574158819,3.40452172567474,-0.23599999982398
62.765,3.01935574158819,3.40452172567474,-0.233999999823573
62.77,3.01935574158819,3.40452172567474,-0.231999999823165
62.775,3.01935574158819,3.40452172567474,-0.229999999822758
62.78,3.01935574158819,3.40452172567474,-0.22799999982235
62.785,3.01935574158819,3.40452172567474,-0.225999999821943
62.79,3.01935574158819,3.40452172567474,-0.223999999821535
62.795,3.01935574158819,3.40452172567474,-0.221999999821128
62.8,3.01935574158819,3.40452172567474,-0.21999999982072
62.805,3.01935574158819,3.40452172567474,-0.217999999820313
62.81,3.01935574158819,3.40452172567474,-0.215999999819906
62.815,3.01935574158819,3.40452172567474,-0.213999999819498
62.82,3.01935574158819,3.40452172567474,-0.211999999819091
62.825,3.01935574158819,3.40452172567474,-0.209999999818683
62.83,3.01935574158819,3.40452172567474,-0.207999999818276
62.835,3.01935574158819,3.40452172567474,-0.205999999817868
62.84,3.01935574158819,3.40452172567474,-0.203999999817461
62.845,3.01935574158819,3.40452172567474,-0.201999999817053
62.85,3.01935574158819,3.40452172567474,-0.199999999816646
62.855,3.01935574158819,3.40452172567474,-0.197999999816239
62.86,3.01935574158819,3.40452172567474,-0.195999999815831
62.865,3.01935574158819,3.40452172567474,-0.193999999815424
62.87,3.01935574158819,3.40452172567474,-0.191999999815016
62.875,3.01935574158819,3.40452172567474,-0.189999999814609
62.88,3.01935574158819,3.40452172567474,-0.187999999814201
62.885,3.01935574158819,3.40452172567474,-0.185999999813794
62.89,3.01935574158819,3.40452172567474,-0.183999999813386
62.895,3.01935574158819,3.40452172567474,-0.181999999812979
62.9,3.01935574158819,3.40452172567474,-0.179999999812571
62.905,3.01935574158819,3.40452172567474,-0.177999999812164
62.91,3.01935574158819,3.40452172567474,-0.175999999811757
62.915,3.01935574158819,3.40452172567474,-0.173999999811349
62.92,3.01935574158819,3.40452172567474,-0.171999999810942
62.925,3.01935574158819,3.40452172567474,-0.169999999810534
62.93,3.01935574158819,3.40452172567474,-0.167999999810127
62.935,3.01935574158819,3.40452172567474,-0.165999999809719
62.94,3.01935574158819,3.40452172567474,-0.163999999809312
62.945,3.01935574158819,3.40452172567474,-0.161999999808904
62.95,3.01935574158819,3.40452172567474,-0.159999999808497
62.955,3.01935574158819,3.40452172567474,-0.157999999808089
62.96,3.01935574158819,3.40452172567474,-0.155999999807682
62.965,3.01935574158819,3.40452172567474,-0.153999999807275
62.97,3.01935574158819,3.40452172567474,-0.151999999806867
62.975,3.01935574158819,3.40452172567474,-0.14999999980646
62.98,3.01935574158819,3.40452172567474,-0.147999999806052
62.985,3.01935574158819,3.40452172567474,-0.145999999805645
62.99,3.01935574158819,3.40452172567474,-0.143999999805237
62.995,3.01935574158819,3.40452172567474,-0.14199999980483
63,3.01935574158819,3.40452172567474,-0.139999999804422
63.005,3.01935574158819,3.40452172567474,-0.137999999804015
63.01,3.01935574158819,3.40452172567474,-0.135999999803607
63.015,3.01935574158819,3.40452172567474,-0.1339999998032
63.02,3.01935574158819,3.40452172567474,-0.131999999802793
63.025,3.01935574158819,3.40452172567474,-0.129999999802385
63.03,3.01935574158819,3.40452172567474,-0.127999999801978
63.035,3.01935574158819,3.40452172567474,-0.12599999980157
63.04,3.01935574158819,3.40452172567474,-0.123999999801163
63.045,3.01935574158819,3.40452172567474,-0.121999999800755
63.05,3.01935574158819,3.40452172567474,-0.119999999800348
63.055,3.01935574158819,3.40452172567474,-0.11799999979994
63.06,3.01935574158819,3.40452172567474,-0.115999999799533
63.065,3.01935574158819,3.40452172567474,-0.113999999799125
63.07,3.01935574158819,3.40452172567474,-0.111999999798718
63.075,3.01935574158819,3.40452172567474,-0.109999999798311
63.08,3.01935574158819,3.40452172567474,-0.107999999797903
63.085,3.01935574158819,3.40452172567474,-0.105999999797496
63.09,3.01935574158819,3.40452172567474,-0.103999999797088
63.095,3.01935574158819,3.40452172567474,-0.101999999796681
63.1,3.01935574158819,3.40452172567474,-0.0999999997962733
63.105,3.01935574158819,3.40452172567474,-0.0979999997958658
63.11,3.01935574158819,3.40452172567474,-0.0959999997954584
63.115,3.01935574158819,3.40452172567474,-0.0939999997950509
63.12,3.01935574158819,3.40452172567474,-0.0919999997946435
63.125,3.01935574158819,3.40452172567474,-0.089999999794236
63.13,3.01935574158819,3.40452172567474,-0.0879999997938286
63.135,3.01935574158819,3.40452172567474,-0.0859999997934211
63.14,3.01935574158819,3.40452172567474,-0.0839999997930136
63.145,3.01935574158819,3.40452172567474,-0.0819999997926062
63.15,3.01935574158819,3.40452172567474,-0.0799999997921987
63.155,3.01935574158819,3.40452172567474,-0.0779999997917913
63.16,3.01935574158819,3.40452172567474,-0.0759999997913838
63.165,3.01935574158819,3.40452172567474,-0.0739999997909764
63.17,3.01935574158819,3.40452172567474,-0.0719999997905689
63.175,3.01935574158819,3.40452172567474,-0.0699999997901615
63.18,3.01935574158819,3.40452172567474,-0.067999999789754
63.185,3.01935574158819,3.40452172567474,-0.0659999997893466
63.19,3.01935574158819,3.40452172567474,-0.0639999997889391
63.195,3.01935574158819,3.40452172567474,-0.0619999997885317
63.2,3.01935574158819,3.40452172567474,-0.0599999997881242
63.205,3.01935574158819,3.40452172567474,-0.0579999997877167
63.21,3.01935574158819,3.40452172567474,-0.0559999997873093
63.215,3.01935574158819,3.40452172567474,-0.0539999997869018
63.22,3.01935574158819,3.40452172567474,-0.0519999997864944
63.225,3.01935574158819,3.40452172567474,-0.0499999997860869
63.23,3.01935574158819,3.40452172567474,-0.0479999997856795
63.235,3.01935574158819,3.40452172567474,-0.045999999785272
63.24,3.01935574158819,3.40452172567474,-0.0439999997848646
63.245,3.01935574158819,3.40452172567474,-0.0419999997844571
63.25,3.01935574158819,3.40452172567474,-0.0399999997840497
63.255,3.01935574158819,3.40452172567474,-0.0379999997836422
63.26,3.01935574158819,3.40452172567474,-0.0359999997832348
63.265,3.01935574158819,3.40452172567474,-0.0339999997828273
63.27,3.01935574158819,3.40452172567474,-0.0319999997824199
63.275,3.01935574158819,3.40452172567474,-0.0299999997820124
63.28,3.01935574158819,3.40452172567474,-0.0279999997816049
63.285,3.01935574158819,3.40452172567474,-0.0259999997811975
63.29,3.01935574158819,3.40452172567474,-0.02399999978079
63.295,3.01935574158819,3.40452172567474,-0.0219999997803826
63.3,3.01935574158819,3.40452172567474,-0.0199999997799751
63.305,3.01935574158819,3.40452172567474,-0.0179999997795677
63.31,3.01935574158819,3.40452172567474,-0.0159999997791602
63.315,3.01935574158819,3.40452172567474,-0.0139999997787528
63.32,3.01935574158819,3.40452172567474,-0.0119999997783453
63.325,3.01935574158819,3.40452172567474,-0.00999999977793786
63.33,3.01935574158819,3.40452172567474,-0.00799999977753041
63.335,3.01935574158819,3.40452172567474,-0.00599999977712296
63.34,3.01935574158819,3.40452172567474,-0.005
63.345,3.01935574158819,3.40452172567474,-0.005
63.35,3.01935574158819,3.40452172567474,-0.005
63.355,3.01935574158819,3.40452172567474,-0.005
63.36,3.01935574158819,3.40452172567474,-0.005
63.365,3.01935574158819,3.40452172567474,-0.005
63.37,3.01935574158819,3.40452172567474,-0.005
63.375,3.01935574158819,3.40452172567474,-0.005
63.38,3.01935574158819,3.40452172567474,-0.005
63.385,3.01935574158819,3.40452172567474,-0.005
63.39,3.01935574158819,3.40452172567474,-0.005
63.395,3.01935574158819,3.40452172567474,-0.005
63.4,3.01935574158819,3.40452172567474,-0.005
63.405,3.01935574158819,3.40452172567474,-0.005
63.41,3.01935574158819,3.40452172567474,-0.005
63.415,3.01935574158819,3.40452172567474,-0.005
63.42,3.01935574158819,3.40452172567474,-0.005
63.425,3.01935574158819,3.40452172567474,-0.005
63.43,3.01935574158819,3.40452172567474,-0.005
63.435,3.01935574158819,3.40452172567474,-0.005
63.44,3.01935574158819,3.40452172567474,-0.005
63.445,3.01935574158819,3.40452172567474,-0.005
63.45,3.01935574158819,3.40452172567474,-0.005
63.455,3.01935574158819,3.40452172567474,-0.005
63.46,3.01935574158819,3.40452172567474,-0.005
63.465,3.01935574158819,3.40452172567474,-0.005
63.47,3.01935574158819,3.40452172567474,-0.005
63.475,3.01935574158819,3.40452172567474,-0.005
63.48,3.01935574158819,3.40452172567474,-0.005
63.485,3.01935574158819,3.40452172567474,-0.005
63.49,3.01935574158819,3.40452172567474,-0.005
63.495,3.01935574158819,3.40452172567474,-0.005
63.5,3.01935574158819,3.40452172567474,-0.005
63.505,3.01935574158819,3.40452172567474,-0.005
63.51,3.01935574158819,3.40452172567474,-0.005
63.515,3.01935574158819,3.40452172567474,-0.005
63.52,3.01935574158819,3.40452172567474,-0.005
63.525,3.01935574158819,3.40452172567474,-0.005
63.53,3.01935574158819,3.40452172567474,-0.005
63.535,3.01935574158819,3.40452172567474,-0.005
63.54,3.01935574158819,3.40452172567474,-0.005
63.545,3.01935574158819,3.40452172567474,-0.005
63.55,3.01935574158819,3.40452172567474,-0.005
63.555,3.01935574158819,3.40452172567474,-0.005
63.56,3.01935574158819,3.40452172567474,-0.005
63.565,3.01935574158819,3.40452172567474,-0.005
63.57,3.01935574158819,3.40452172567474,-0.005
63.575,3.01935574158819,3.40452172567474,-0.005
63.58,3.01935574158819,3.40452172567474,-0.005
63.585,3.01935574158819,3.40452172567474,-0.005
63.59,3.01935574158819,3.40452172567474,-0.005
63.595,3.01935574158819,3.40452172567474,-0.005
63.6,3.01935574158819,3.40452172567474,-0.005
63.605,3.01935574158819,3.40452172567474,-0.005
63.61,3.01935574158819,3.40452172567474,-0.005
63.615,3.01935574158819,3.40452172567474,-0.005
63.62,3.01935574158819,3.40452172567474,-0.005
63.625,3.01935574158819,3.40452172567474,-0.005
63.63,3.01935574158819,3.40452172567474,-0.005
63.635,3.01935574158819,3.40452172567474,-0.005
63.64,3.01935574158819,3.40452172567474,-0.005
63.645,3.01935574158819,3.40452172567474,-0.005
