(G-CODE GENERATED BY FLATCAM v8.994 - www.flatcam.org - Version Date: 2020/11/7)

(Name: preprototiposecadosv3-f_cu.gbr_iso_combined_cnc)
(Type: G-code from Geometry)
(Units: MM)

(Created on Tuesday, 05 September 2023 at 18:46)

(This preprocessor is the default preprocessor used by FlatCAM.)
(It is made to work with MACH3 compatible motion controllers.)

(TOOL DIAMETER: 0.1 mm)
(Feedrate_XY: 60.0 mm/min)
(Feedrate_Z: 60.0 mm/min)
(Feedrate rapids 1500.0 mm/min)

(Z_Cut: 0.0 mm)
(Z_Move: 2.0 mm)
(Z Start: None mm)
(Z End: 8.0 mm)
(X,Y End: None mm)
(Steps per circle: 64)
(Preprocessor Geometry: default)

(X range:    1.2017 ...   58.5017  mm)
(Y range:    0.8706 ...   60.1706  mm)

(Spindle Speed: 0.0 RPM)
G21
G90
G94

G01 F60.00

M5
G00 Z15.0000
G00 X0.0000 Y0.0000
T1
M6    
(MSG, Change to Tool Dia = 0.1000)
M0
G00 Z15.0000

M03
G01 F60.00
G00 X8.4568 Y5.9272
G01 F60.00
G01 Z0.0000
G01 F60.00
G01 X8.4473 Y5.9262
G01 X8.4379 Y5.9234
G01 X8.4292 Y5.9188
G01 X8.4217 Y5.9125
G01 X8.4154 Y5.9050
G01 X8.4113 Y5.8975
G01 X8.4082 Y5.8881
G01 X8.4070 Y5.8784
G01 X8.4070 Y4.7772
G01 X8.4080 Y4.7674
G01 X8.4108 Y4.7581
G01 X8.4148 Y4.7504
G01 X8.4208 Y4.7427
G01 X8.4282 Y4.7363
G01 X8.4368 Y4.7315
G01 X8.4425 Y4.7293
G01 X8.4473 Y4.7282
G01 X8.4570 Y4.7272
G01 X9.5570 Y4.7272
G01 X9.5668 Y4.7282
G01 X9.5762 Y4.7310
G01 X9.5838 Y4.7349
G01 X9.5915 Y4.7410
G01 X9.5979 Y4.7484
G01 X9.6027 Y4.7569
G01 X9.6058 Y4.7662
G01 X9.6070 Y4.7760
G01 X9.6070 Y5.8772
G01 X9.6061 Y5.8869
G01 X9.6032 Y5.8963
G01 X9.5986 Y5.9050
G01 X9.5924 Y5.9125
G01 X9.5848 Y5.9188
G01 X9.5762 Y5.9234
G01 X9.5668 Y5.9262
G01 X9.5573 Y5.9272
G01 X9.5573 Y8.8532
G01 X16.1440 Y8.8532
G01 X16.1968 Y8.8558
G01 X16.2502 Y8.8637
G01 X16.3025 Y8.8768
G01 X16.3511 Y8.8942
G01 X16.4043 Y8.9193
G01 X16.4485 Y8.9459
G01 X16.4909 Y8.9773
G01 X16.5319 Y9.0143
G01 X18.6399 Y11.1223
G01 X18.6768 Y11.1634
G01 X18.7074 Y11.2048
G01 X18.7340 Y11.2490
G01 X18.7583 Y11.2999
G01 X18.7765 Y11.3508
G01 X18.7900 Y11.4056
G01 X18.7975 Y11.4566
G01 X18.8002 Y11.5105
G01 X18.8002 Y16.3853
G01 X19.3989 Y16.9840
G01 X19.4343 Y17.0231
G01 X19.4650 Y17.0645
G01 X19.4698 Y17.0721
G01 X20.5027 Y17.0721
G01 X20.5037 Y17.0624
G01 X20.5065 Y17.0531
G01 X20.5111 Y17.0444
G01 X20.5174 Y17.0368
G01 X20.5249 Y17.0306
G01 X20.5336 Y17.0260
G01 X20.5430 Y17.0232
G01 X20.5527 Y17.0222
G01 X22.5039 Y17.0222
G01 X22.5113 Y17.0229
G01 X22.5184 Y17.0247
G01 X22.5252 Y17.0275
G01 X22.5315 Y17.0313
G01 X22.5372 Y17.0360
G01 X22.5421 Y17.0414
G01 X22.5462 Y17.0476
G01 X22.5494 Y17.0542
G01 X22.5520 Y17.0637
G01 X22.5527 Y17.0722
G01 X22.5527 Y17.6747
G01 X22.5515 Y17.6832
G01 X22.5494 Y17.6902
G01 X22.5456 Y17.6979
G01 X22.5406 Y17.7049
G01 X22.5344 Y17.7109
G01 X22.5284 Y17.7151
G01 X22.5207 Y17.7189
G01 X22.5125 Y17.7212
G01 X22.5027 Y17.7222
G01 X20.5515 Y17.7222
G01 X20.5418 Y17.7210
G01 X20.5336 Y17.7184
G01 X20.5249 Y17.7138
G01 X20.5174 Y17.7076
G01 X20.5111 Y17.7000
G01 X20.5065 Y17.6913
G01 X20.5037 Y17.6820
G01 X20.5027 Y17.6723
G01 X19.4698 Y17.6723
G01 X19.4650 Y17.6799
G01 X19.4343 Y17.7213
G01 X19.3980 Y17.7613
G01 X19.3580 Y17.7976
G01 X19.3146 Y17.8297
G01 X19.2683 Y17.8575
G01 X19.2195 Y17.8806
G01 X19.1686 Y17.8988
G01 X19.1163 Y17.9119
G01 X19.0629 Y17.9198
G01 X19.0089 Y17.9225
G01 X18.9550 Y17.9198
G01 X18.9016 Y17.9119
G01 X18.8492 Y17.8988
G01 X18.7983 Y17.8806
G01 X18.7495 Y17.8575
G01 X18.7032 Y17.8297
G01 X18.6598 Y17.7976
G01 X18.6198 Y17.7613
G01 X17.8608 Y17.0023
G01 X17.8262 Y16.9641
G01 X17.7924 Y16.9189
G01 X17.7635 Y16.8704
G01 X17.7416 Y16.8238
G01 X17.7241 Y16.7753
G01 X17.7100 Y16.7193
G01 X17.7023 Y16.6671
G01 X17.6997 Y16.6132
G01 X17.6997 Y11.7384
G01 X15.9149 Y9.9537
G01 X11.8675 Y9.9537
G01 X11.8675 Y21.3351
G01 X13.8687 Y23.3363
G01 X13.9041 Y23.3754
G01 X13.9362 Y23.4188
G01 X13.9640 Y23.4651
G01 X13.9875 Y23.5151
G01 X14.0053 Y23.5648
G01 X14.0184 Y23.6172
G01 X14.0263 Y23.6706
G01 X14.0290 Y23.7245
G01 X14.0290 Y27.0330
G01 X16.2544 Y29.2585
G01 X17.1678 Y29.2585
G01 X17.2206 Y29.2611
G01 X17.2752 Y29.2693
G01 X17.3275 Y29.2825
G01 X17.3760 Y29.2999
G01 X17.3950 Y29.3087
G01 X18.1678 Y29.3087
G01 X18.1752 Y29.3094
G01 X18.1835 Y29.3116
G01 X18.1913 Y29.3152
G01 X18.1974 Y29.3193
G01 X18.2011 Y29.3225
G01 X18.2053 Y29.3270
G01 X18.2089 Y29.3320
G01 X18.2113 Y29.3362
G01 X18.2137 Y29.3419
G01 X18.2151 Y29.3466
G01 X18.2161 Y29.3514
G01 X18.2166 Y29.3575
G01 X18.2166 Y30.2599
G01 X18.2159 Y30.2673
G01 X18.2141 Y30.2744
G01 X18.2113 Y30.2812
G01 X18.2075 Y30.2875
G01 X18.2028 Y30.2932
G01 X18.1974 Y30.2981
G01 X18.1913 Y30.3022
G01 X18.1846 Y30.3054
G01 X18.1752 Y30.3080
G01 X18.1666 Y30.3087
G01 X17.3950 Y30.3087
G01 X17.3760 Y30.3175
G01 X17.3275 Y30.3349
G01 X17.2752 Y30.3481
G01 X17.2206 Y30.3563
G01 X17.1678 Y30.3589
G01 X16.0265 Y30.3590
G01 X15.9701 Y30.3560
G01 X15.9192 Y30.3484
G01 X15.8692 Y30.3359
G01 X15.8159 Y30.3171
G01 X15.7671 Y30.2940
G01 X15.7208 Y30.2662
G01 X15.6794 Y30.2356
G01 X15.6374 Y30.1978
G01 X13.0896 Y27.6500
G01 X13.0534 Y27.6100
G01 X13.0212 Y27.5666
G01 X12.9934 Y27.5203
G01 X12.9699 Y27.4703
G01 X12.9522 Y27.4206
G01 X12.9390 Y27.3683
G01 X12.9311 Y27.3148
G01 X12.9285 Y27.2609
G01 X12.9285 Y23.9524
G01 X10.9263 Y21.9502
G01 X10.8918 Y21.9120
G01 X10.8596 Y21.8686
G01 X10.8318 Y21.8223
G01 X10.8097 Y21.7757
G01 X10.7899 Y21.7203
G01 X10.7774 Y21.6703
G01 X10.7697 Y21.6181
G01 X10.7669 Y21.5629
G01 X10.7670 Y9.9537
G01 X9.0070 Y9.9537
G01 X8.9519 Y9.9509
G01 X8.8973 Y9.9425
G01 X8.8473 Y9.9300
G01 X8.7987 Y9.9127
G01 X8.7476 Y9.8887
G01 X8.7013 Y9.8609
G01 X8.6579 Y9.8288
G01 X8.6162 Y9.7907
G01 X8.5817 Y9.7525
G01 X8.5509 Y9.7111
G01 X8.5223 Y9.6639
G01 X8.4987 Y9.6140
G01 X8.4798 Y9.5608
G01 X8.4673 Y9.5108
G01 X8.4597 Y9.4598
G01 X8.4568 Y9.4046
G01 X8.4568 Y5.9272
G00 Z2.0000
G00 X8.0906 Y9.6557
G01 F60.00
G01 Z0.0000
G01 F60.00
G01 X8.0756 Y9.5861
G01 X8.0668 Y9.5490
G01 X8.0658 Y9.5420
G01 X8.0634 Y9.5321
G01 X8.0586 Y9.4429
G01 X8.0567 Y9.4204
G01 X8.0567 Y9.3986
G01 X8.0558 Y9.3836
G01 X8.0567 Y9.3676
G01 X8.0567 Y6.3764
G01 X8.0555 Y6.3666
G01 X8.0524 Y6.3573
G01 X8.0476 Y6.3488
G01 X8.0412 Y6.3414
G01 X8.0335 Y6.3354
G01 X8.0247 Y6.3310
G01 X8.0153 Y6.3283
G01 X8.0067 Y6.3276
G01 X8.0067 Y4.3276
G01 X10.0067 Y4.3276
G01 X10.0067 Y6.3276
G01 X9.9970 Y6.3286
G01 X9.9876 Y6.3314
G01 X9.9789 Y6.3360
G01 X9.9714 Y6.3422
G01 X9.9651 Y6.3498
G01 X9.9605 Y6.3585
G01 X9.9577 Y6.3678
G01 X9.9567 Y6.3776
G01 X9.9567 Y8.4036
G01 X9.9571 Y8.4097
G01 X9.9579 Y8.4146
G01 X9.9596 Y8.4204
G01 X9.9621 Y8.4261
G01 X9.9645 Y8.4304
G01 X9.9681 Y8.4353
G01 X9.9722 Y8.4398
G01 X9.9769 Y8.4438
G01 X9.9842 Y8.4483
G01 X9.9910 Y8.4511
G01 X9.9982 Y8.4529
G01 X10.0067 Y8.4536
G01 X11.3177 Y8.4536
G01 X11.3401 Y8.4527
G01 X11.3557 Y8.4536
G01 X16.1357 Y8.4536
G01 X16.1532 Y8.4527
G01 X16.2974 Y8.4651
G01 X16.3132 Y8.4689
G01 X16.3267 Y8.4701
G01 X16.3506 Y8.4771
G01 X16.4403 Y8.4991
G01 X16.4484 Y8.5027
G01 X16.4628 Y8.5083
G01 X16.4713 Y8.5108
G01 X16.4834 Y8.5168
G01 X16.5024 Y8.5253
G01 X16.5803 Y8.5584
G01 X16.5918 Y8.5650
G01 X16.6070 Y8.5722
G01 X16.6567 Y8.6057
G01 X16.7016 Y8.6332
G01 X16.7110 Y8.6420
G01 X16.7256 Y8.6520
G01 X16.7667 Y8.6881
G01 X16.8017 Y8.7183
G01 X16.8162 Y8.7328
G01 X16.8359 Y8.7507
G01 X16.8444 Y8.7610
G01 X18.9424 Y10.8580
G01 X18.9809 Y10.9062
G01 X19.0279 Y10.9639
G01 X19.0404 Y10.9814
G01 X19.0688 Y11.0323
G01 X19.1014 Y11.0863
G01 X19.1056 Y11.0961
G01 X19.1122 Y11.1086
G01 X19.1570 Y11.2243
G01 X19.1589 Y11.2332
G01 X19.1654 Y11.2513
G01 X19.1748 Y11.3009
G01 X19.1904 Y11.3682
G01 X19.1927 Y11.3872
G01 X19.1958 Y11.4463
G01 X19.1997 Y11.4937
G01 X19.1998 Y11.5030
G01 X19.2016 Y11.5405
G01 X19.2000 Y11.5523
G01 X19.1997 Y11.5576
G01 X19.1997 Y16.1986
G01 X19.2007 Y16.2084
G01 X19.2026 Y16.2155
G01 X19.2056 Y16.2222
G01 X19.2096 Y16.2284
G01 X19.2144 Y16.2340
G01 X19.6394 Y16.6580
G01 X19.6449 Y16.6628
G01 X19.6511 Y16.6667
G01 X19.6567 Y16.6693
G01 X19.6626 Y16.6711
G01 X19.6686 Y16.6722
G01 X19.6735 Y16.6726
G01 X20.0527 Y16.6726
G01 X20.0601 Y16.6721
G01 X20.0672 Y16.6705
G01 X20.0741 Y16.6678
G01 X20.0795 Y16.6648
G01 X20.0844 Y16.6613
G01 X20.0898 Y16.6562
G01 X20.0936 Y16.6514
G01 X20.0968 Y16.6462
G01 X20.0994 Y16.6406
G01 X20.1012 Y16.6348
G01 X20.1023 Y16.6287
G01 X20.1027 Y16.6226
G01 X20.1027 Y11.5426
G01 X22.7689 Y11.5426
G01 X22.7787 Y11.5414
G01 X22.7869 Y11.5388
G01 X22.7945 Y11.5348
G01 X22.8022 Y11.5288
G01 X22.8079 Y11.5224
G01 X22.8129 Y11.5140
G01 X22.8162 Y11.5048
G01 X22.8177 Y11.4951
G01 X22.8176 Y6.7229
G01 X22.8162 Y6.7145
G01 X22.8134 Y6.7063
G01 X22.8093 Y6.6988
G01 X22.8039 Y6.6921
G01 X22.7975 Y6.6864
G01 X22.7902 Y6.6819
G01 X22.7822 Y6.6788
G01 X22.7738 Y6.6770
G01 X22.7677 Y6.6766
G01 X22.4357 Y6.6766
G01 X22.4357 Y5.5357
G01 X22.4343 Y5.5075
G01 X22.4297 Y5.4772
G01 X22.4224 Y5.4486
G01 X22.4134 Y5.4232
G01 X22.4106 Y5.4171
G01 X22.4106 Y4.8469
G01 X22.4102 Y4.8408
G01 X22.4091 Y4.8348
G01 X22.4073 Y4.8289
G01 X22.4047 Y4.8233
G01 X22.4008 Y4.8171
G01 X22.3968 Y4.8124
G01 X22.3923 Y4.8083
G01 X22.3874 Y4.8047
G01 X22.3809 Y4.8012
G01 X22.3751 Y4.7991
G01 X22.3692 Y4.7976
G01 X22.3631 Y4.7970
G01 X21.9094 Y4.7969
G01 X21.9009 Y4.7979
G01 X21.8938 Y4.7998
G01 X21.8860 Y4.8034
G01 X21.8799 Y4.8075
G01 X21.8744 Y4.8124
G01 X21.8697 Y4.8181
G01 X21.8660 Y4.8244
G01 X21.8628 Y4.8324
G01 X21.8612 Y4.8396
G01 X21.8606 Y4.8469
G01 X21.8606 Y5.4171
G01 X21.8579 Y5.4232
G01 X21.8488 Y5.4486
G01 X21.8415 Y5.4772
G01 X21.8369 Y5.5075
G01 X21.8355 Y5.5357
G01 X21.8355 Y6.6766
G01 X19.7857 Y6.6766
G01 X19.7857 Y4.0266
G01 X19.7850 Y4.0181
G01 X19.7828 Y4.0098
G01 X19.7798 Y4.0030
G01 X19.7759 Y3.9968
G01 X19.7711 Y3.9912
G01 X19.7645 Y3.9857
G01 X19.7582 Y3.9819
G01 X19.7514 Y3.9791
G01 X19.7443 Y3.9773
G01 X19.7369 Y3.9766
G01 X18.7857 Y3.9766
G01 X18.7857 Y1.7766
G01 X20.8857 Y1.7766
G01 X20.8931 Y1.7761
G01 X20.9002 Y1.7745
G01 X20.9082 Y1.7713
G01 X20.9155 Y1.7668
G01 X20.9211 Y1.7620
G01 X20.9266 Y1.7554
G01 X20.9304 Y1.7491
G01 X20.9332 Y1.7423
G01 X20.9352 Y1.7339
G01 X20.9357 Y1.7266
G01 X20.9357 Y1.4766
G01 X22.8357 Y1.4766
G01 X22.8357 Y4.3478
G01 X22.8369 Y4.3576
G01 X22.8395 Y4.3657
G01 X22.8435 Y4.3734
G01 X22.8495 Y4.3811
G01 X22.8569 Y4.3875
G01 X22.8655 Y4.3923
G01 X22.8748 Y4.3954
G01 X22.8833 Y4.3965
G01 X23.1857 Y4.3966
G01 X23.1918 Y4.3962
G01 X23.2002 Y4.3945
G01 X23.2082 Y4.3913
G01 X23.2145 Y4.3875
G01 X23.2211 Y4.3820
G01 X23.2266 Y4.3754
G01 X23.2309 Y4.3680
G01 X23.2339 Y4.3599
G01 X23.2353 Y4.3527
G01 X23.2357 Y4.3466
G01 X23.2357 Y1.4766
G01 X25.9357 Y1.4766
G01 X25.9357 Y1.7266
G01 X25.9363 Y1.7339
G01 X25.9379 Y1.7411
G01 X25.9411 Y1.7491
G01 X25.9448 Y1.7554
G01 X25.9504 Y1.7620
G01 X25.9569 Y1.7675
G01 X25.9632 Y1.7713
G01 X25.9712 Y1.7745
G01 X25.9784 Y1.7761
G01 X25.9857 Y1.7766
G01 X28.0857 Y1.7766
G01 X28.0857 Y2.3797
G01 X27.6856 Y2.3797
G01 X27.6856 Y2.2269
G01 X27.6854 Y2.2220
G01 X27.6844 Y2.2159
G01 X27.6823 Y2.2089
G01 X27.6785 Y2.2012
G01 X27.6743 Y2.1952
G01 X27.6683 Y2.1890
G01 X27.6624 Y2.1847
G01 X27.6548 Y2.1807
G01 X27.6466 Y2.1781
G01 X27.6393 Y2.1770
G01 X25.9844 Y2.1769
G01 X25.9759 Y2.1779
G01 X25.9688 Y2.1798
G01 X25.9610 Y2.1834
G01 X25.9549 Y2.1875
G01 X25.9494 Y2.1924
G01 X25.9440 Y2.1991
G01 X25.9404 Y2.2055
G01 X25.9374 Y2.2136
G01 X25.9362 Y2.2196
G01 X25.9356 Y2.2269
G01 X25.9356 Y3.5269
G01 X25.9359 Y3.5318
G01 X25.9368 Y3.5379
G01 X25.9385 Y3.5437
G01 X25.9404 Y3.5483
G01 X25.9427 Y3.5526
G01 X25.9462 Y3.5577
G01 X25.9494 Y3.5614
G01 X25.9539 Y3.5656
G01 X25.9610 Y3.5704
G01 X25.9688 Y3.5740
G01 X25.9771 Y3.5762
G01 X25.9856 Y3.5769
G01 X27.6381 Y3.5768
G01 X27.6454 Y3.5759
G01 X27.6513 Y3.5744
G01 X27.6570 Y3.5721
G01 X27.6624 Y3.5691
G01 X27.6673 Y3.5656
G01 X27.6727 Y3.5605
G01 X27.6772 Y3.5547
G01 X27.6803 Y3.5494
G01 X27.6838 Y3.5402
G01 X27.6855 Y3.5306
G01 X27.6856 Y3.4802
G01 X28.0857 Y3.4802
G01 X28.0857 Y3.9766
G01 X27.1345 Y3.9766
G01 X27.1272 Y3.9773
G01 X27.1200 Y3.9791
G01 X27.1132 Y3.9819
G01 X27.1059 Y3.9864
G01 X27.1004 Y3.9912
G01 X27.0956 Y3.9968
G01 X27.0916 Y4.0030
G01 X27.0886 Y4.0098
G01 X27.0865 Y4.0181
G01 X27.0857 Y4.0266
G01 X27.0857 Y6.6766
G01 X26.0215 Y6.6766
G01 X26.0130 Y6.6776
G01 X26.0047 Y6.6800
G01 X25.9970 Y6.6837
G01 X25.9901 Y6.6887
G01 X25.9841 Y6.6949
G01 X25.9792 Y6.7020
G01 X25.9756 Y6.7098
G01 X25.9737 Y6.7168
G01 X25.9727 Y6.7266
G01 X25.9735 Y6.7352
G01 X25.9761 Y6.7446
G01 X25.9805 Y6.7534
G01 X25.9841 Y6.7583
G01 X26.0836 Y6.8775
G01 X26.1600 Y7.0033
G01 X26.2149 Y7.1358
G01 X26.2482 Y7.2813
G01 X26.2587 Y7.4116
G01 X26.2587 Y8.1576
G01 X26.2597 Y8.1674
G01 X26.2609 Y8.1721
G01 X26.2630 Y8.1779
G01 X26.2679 Y8.1864
G01 X26.2734 Y8.1930
G01 X26.7834 Y8.7020
G01 X26.8832 Y8.8267
G01 X26.9572 Y8.9577
G01 X27.0094 Y9.0981
G01 X27.0379 Y9.2461
G01 X27.0456 Y9.3898
G01 X27.0274 Y9.5357
G01 X26.9904 Y9.6759
G01 X26.9305 Y9.8109
G01 X26.8525 Y9.9327
G01 X26.7511 Y10.0453
G01 X26.6353 Y10.1402
G01 X26.5907 Y10.1653
G01 X26.5106 Y10.2116
G01 X26.3748 Y10.2676
G01 X26.2754 Y10.2887
G01 X26.2305 Y10.2990
G01 X26.0832 Y10.3085
G01 X25.9387 Y10.2961
G01 X25.7954 Y10.2619
G01 X25.6600 Y10.2051
G01 X25.6350 Y10.1891
G01 X25.5332 Y10.1260
G01 X25.4346 Y10.0427
G01 X24.9150 Y9.5242
G01 X24.9103 Y9.5201
G01 X24.9051 Y9.5165
G01 X24.8938 Y9.5102
G01 X24.8630 Y9.4971
G01 X24.8535 Y9.4912
G01 X24.8452 Y9.4872
G01 X24.8384 Y9.4830
G01 X24.7748 Y9.4517
G01 X24.7680 Y9.4490
G01 X24.7621 Y9.4475
G01 X24.7536 Y9.4466
G01 X24.7451 Y9.4472
G01 X24.7356 Y9.4496
G01 X24.7279 Y9.4532
G01 X24.7199 Y9.4589
G01 X24.7140 Y9.4650
G01 X24.7086 Y9.4731
G01 X24.7052 Y9.4810
G01 X24.7034 Y9.4881
G01 X24.7027 Y9.4966
G01 X24.7029 Y13.1763
G01 X24.7042 Y13.1848
G01 X24.7070 Y13.1929
G01 X24.7111 Y13.2004
G01 X24.7165 Y13.2071
G01 X24.9674 Y13.4580
G01 X24.9749 Y13.4642
G01 X24.9836 Y13.4688
G01 X24.9894 Y13.4708
G01 X24.9954 Y13.4721
G01 X25.0015 Y13.4726
G01 X25.0076 Y13.4724
G01 X25.0137 Y13.4714
G01 X25.0196 Y13.4697
G01 X25.0252 Y13.4673
G01 X25.0295 Y13.4648
G01 X25.0344 Y13.4613
G01 X25.0389 Y13.4571
G01 X25.0429 Y13.4524
G01 X25.0462 Y13.4472
G01 X25.0489 Y13.4417
G01 X25.0509 Y13.4359
G01 X25.0522 Y13.4299
G01 X25.0527 Y13.4238
G01 X25.0527 Y11.5426
G01 X27.9027 Y11.5426
G01 X27.9037 Y11.5524
G01 X27.9065 Y11.5617
G01 X27.9111 Y11.5704
G01 X27.9174 Y11.5780
G01 X27.9249 Y11.5842
G01 X27.9336 Y11.5888
G01 X27.9430 Y11.5916
G01 X27.9527 Y11.5926
G01 X31.7497 Y11.5926
G01 X31.7558 Y11.5922
G01 X31.7630 Y11.5908
G01 X31.7688 Y11.5888
G01 X31.7743 Y11.5862
G01 X31.7794 Y11.5829
G01 X31.7849 Y11.5781
G01 X31.7890 Y11.5735
G01 X31.7925 Y11.5685
G01 X31.7963 Y11.5609
G01 X31.7984 Y11.5539
G01 X31.7996 Y11.5454
G01 X31.7994 Y11.5369
G01 X31.7977 Y11.5285
G01 X31.7946 Y11.5206
G01 X31.7909 Y11.5142
G01 X31.7855 Y11.5077
G01 X31.6499 Y11.3933
G01 X31.6442 Y11.3892
G01 X31.5466 Y11.3067
G01 X30.2421 Y10.0032
G01 X30.2375 Y9.9992
G01 X30.2324 Y9.9957
G01 X30.2270 Y9.9929
G01 X30.2212 Y9.9908
G01 X30.2116 Y9.9888
G01 X30.2055 Y9.9886
G01 X30.2006 Y9.9890
G01 X30.1958 Y9.9898
G01 X30.1899 Y9.9915
G01 X30.1810 Y9.9957
G01 X30.1731 Y10.0016
G01 X30.1697 Y10.0050
G01 X30.1658 Y10.0098
G01 X30.1610 Y10.0183
G01 X30.1579 Y10.0277
G01 X30.1570 Y10.0337
G01 X30.1567 Y10.0386
G01 X30.1567 Y10.3296
G01 X30.1586 Y10.3762
G01 X30.1443 Y10.5210
G01 X30.1083 Y10.6633
G01 X30.0483 Y10.7993
G01 X30.0415 Y10.8104
G01 X30.0383 Y10.8167
G01 X30.0225 Y10.8408
G01 X29.9706 Y10.9225
G01 X29.8727 Y11.0337
G01 X29.8659 Y11.0398
G01 X29.8591 Y11.0474
G01 X29.8199 Y11.0780
G01 X29.7594 Y11.1279
G01 X29.7521 Y11.1326
G01 X29.7438 Y11.1390
G01 X29.6875 Y11.1714
G01 X29.6313 Y11.2063
G01 X29.6159 Y11.2136
G01 X29.5874 Y11.2241
G01 X29.5680 Y11.2322
G01 X29.4978 Y11.2597
G01 X29.3578 Y11.2926
G01 X29.3493 Y11.2935
G01 X29.3359 Y11.2969
G01 X29.2651 Y11.3007
G01 X29.2421 Y11.3027
G01 X29.2254 Y11.3036
G01 X29.2046 Y11.3036
G01 X29.1833 Y11.3045
G01 X29.1677 Y11.3036
G01 X29.0973 Y11.3036
G01 X28.9374 Y11.2872
G01 X28.7918 Y11.2474
G01 X28.6562 Y11.1858
G01 X28.5365 Y11.1051
G01 X28.4252 Y11.0052
G01 X28.3352 Y10.8921
G01 X28.2591 Y10.7612
G01 X28.2136 Y10.6382
G01 X28.2086 Y10.6257
G01 X28.1764 Y10.4828
G01 X28.1687 Y10.3321
G01 X28.1831 Y10.1862
G01 X28.2191 Y10.0440
G01 X28.2534 Y9.9666
G01 X28.2558 Y9.9584
G01 X28.2567 Y9.9498
G01 X28.2567 Y9.5084
G01 X28.2558 Y9.4998
G01 X28.2534 Y9.4916
G01 X28.2496 Y9.4839
G01 X28.2447 Y9.4771
G01 X28.2447 Y7.1596
G01 X30.4779 Y7.1596
G01 X30.4853 Y7.1589
G01 X30.4924 Y7.1571
G01 X30.4992 Y7.1543
G01 X30.5055 Y7.1505
G01 X30.5121 Y7.1450
G01 X30.5464 Y7.1103
G01 X30.5506 Y7.1043
G01 X30.5544 Y7.0966
G01 X30.5568 Y7.0884
G01 X30.5577 Y7.0798
G01 X30.5577 Y6.3764
G01 X30.5568 Y6.3678
G01 X30.5548 Y6.3608
G01 X30.5518 Y6.3540
G01 X30.5471 Y6.3468
G01 X30.5413 Y6.3406
G01 X30.5355 Y6.3360
G01 X30.5280 Y6.3319
G01 X30.5207 Y6.3293
G01 X30.5207 Y4.3276
G01 X32.5207 Y4.3276
G01 X32.5207 Y6.3276
G01 X32.5053 Y6.3277
G01 X32.4968 Y6.3288
G01 X32.4909 Y6.3305
G01 X32.4863 Y6.3324
G01 X32.4779 Y6.3374
G01 X32.4741 Y6.3406
G01 X32.4699 Y6.3449
G01 X32.4661 Y6.3498
G01 X32.4636 Y6.3540
G01 X32.4611 Y6.3596
G01 X32.4595 Y6.3643
G01 X32.4583 Y6.3703
G01 X32.4578 Y6.3751
G01 X32.4577 Y7.4796
G01 X32.4586 Y7.4997
G01 X32.4462 Y7.6494
G01 X32.4435 Y7.6609
G01 X32.4423 Y7.6725
G01 X32.4342 Y7.7007
G01 X32.4111 Y7.7947
G01 X32.4032 Y7.8132
G01 X32.4011 Y7.8192
G01 X32.3846 Y7.8553
G01 X32.3532 Y7.9306
G01 X32.3485 Y7.9383
G01 X32.3409 Y7.9542
G01 X32.3060 Y8.0071
G01 X32.2763 Y8.0539
G01 X32.2661 Y8.0661
G01 X32.2582 Y8.0777
G01 X32.2295 Y8.1093
G01 X32.1929 Y8.1527
G01 X32.1754 Y8.1702
G01 X32.1605 Y8.1869
G01 X32.1504 Y8.1952
G01 X32.0085 Y8.3371
G01 X32.0053 Y8.3408
G01 X32.0018 Y8.3459
G01 X31.9995 Y8.3502
G01 X31.9972 Y8.3559
G01 X31.9953 Y8.3643
G01 X31.9947 Y8.3716
G01 X31.9947 Y9.0468
G01 X31.9957 Y9.0554
G01 X31.9985 Y9.0648
G01 X32.0032 Y9.0734
G01 X32.0094 Y9.0810
G01 X32.8954 Y9.9660
G01 X32.9944 Y10.0897
G01 X32.9985 Y10.0963
G01 X33.0692 Y10.2217
G01 X33.1214 Y10.3620
G01 X33.1376 Y10.4479
G01 X33.1500 Y10.5108
G01 X33.1575 Y10.6537
G01 X33.1401 Y10.7903
G01 X33.1393 Y10.8000
G01 X33.1223 Y10.8631
G01 X33.1014 Y10.9440
G01 X33.0446 Y11.0708
G01 X32.9648 Y11.1961
G01 X32.8631 Y11.3093
G01 X32.7498 Y11.4019
G01 X32.7439 Y11.4060
G01 X32.6249 Y11.5040
G01 X32.6204 Y11.5082
G01 X32.6165 Y11.5129
G01 X32.6115 Y11.5213
G01 X32.6092 Y11.5270
G01 X32.6079 Y11.5317
G01 X32.6071 Y11.5365
G01 X32.6067 Y11.5427
G01 X32.6070 Y11.5476
G01 X32.6079 Y11.5536
G01 X32.6097 Y11.5595
G01 X32.6115 Y11.5640
G01 X32.6145 Y11.5694
G01 X32.6173 Y11.5734
G01 X32.6241 Y11.5805
G01 X32.6290 Y11.5842
G01 X32.6332 Y11.5867
G01 X32.6387 Y11.5893
G01 X32.6446 Y11.5911
G01 X32.6506 Y11.5922
G01 X32.6567 Y11.5926
G01 X33.8499 Y11.5926
G01 X33.8573 Y11.5919
G01 X33.8656 Y11.5897
G01 X33.8723 Y11.5867
G01 X33.8785 Y11.5828
G01 X33.8841 Y11.5780
G01 X33.8896 Y11.5714
G01 X33.8934 Y11.5651
G01 X33.8962 Y11.5583
G01 X33.8983 Y11.5487
G01 X33.8987 Y11.5426
G01 X33.8985 Y11.5377
G01 X33.8975 Y11.5316
G01 X33.8962 Y11.5269
G01 X33.8939 Y11.5212
G01 X33.8916 Y11.5169
G01 X33.8881 Y11.5118
G01 X33.8257 Y11.4343
G01 X33.8009 Y11.4056
G01 X33.7940 Y11.3950
G01 X33.7824 Y11.3799
G01 X33.7500 Y11.3216
G01 X33.7233 Y11.2776
G01 X33.7178 Y11.2649
G01 X33.7114 Y11.2530
G01 X33.6873 Y11.1875
G01 X33.6673 Y11.1389
G01 X33.6643 Y11.1272
G01 X33.6590 Y11.1136
G01 X33.6449 Y11.0384
G01 X33.6360 Y10.9981
G01 X33.6349 Y10.9898
G01 X33.6305 Y10.9648
G01 X33.6266 Y10.8939
G01 X33.6247 Y10.8714
G01 X33.6247 Y10.8545
G01 X33.6228 Y10.8248
G01 X33.6247 Y10.7966
G01 X33.6247 Y8.3113
G01 X33.6324 Y8.2400
G01 X33.6372 Y8.1816
G01 X33.6393 Y8.1722
G01 X33.6411 Y8.1507
G01 X33.6580 Y8.0924
G01 X33.6725 Y8.0324
G01 X33.6750 Y8.0202
G01 X33.6756 Y8.0153
G01 X33.6757 Y7.6496
G01 X33.6803 Y7.5907
G01 X33.6941 Y7.5273
G01 X33.7171 Y7.4529
G01 X33.7546 Y7.3824
G01 X33.7868 Y7.3345
G01 X33.8382 Y7.2721
G01 X33.9005 Y7.2209
G01 X33.9550 Y7.1848
G01 X34.0156 Y7.1536
G01 X34.1001 Y7.1235
G01 X34.1712 Y7.1143
G01 X34.1917 Y7.1124
G01 X34.2184 Y7.1106
G01 X35.0340 Y7.1106
G01 X35.0607 Y7.1124
G01 X35.0810 Y7.1143
G01 X35.1602 Y7.1254
G01 X35.2336 Y7.1534
G01 X35.2924 Y7.1795
G01 X35.3594 Y7.2248
G01 X35.4114 Y7.2720
G01 X35.4580 Y7.3232
G01 X35.5069 Y7.3942
G01 X35.5385 Y7.4652
G01 X35.5573 Y7.5272
G01 X35.5711 Y7.5908
G01 X35.5757 Y7.6525
G01 X35.5757 Y8.2806
G01 X35.5766 Y8.2961
G01 X35.5757 Y8.3086
G01 X35.5757 Y8.9177
G01 X35.5711 Y8.9794
G01 X35.5573 Y9.0430
G01 X35.5388 Y9.1039
G01 X35.5297 Y9.1241
G01 X35.5280 Y9.1288
G01 X35.5263 Y9.1361
G01 X35.5257 Y9.1423
G01 X35.5257 Y10.4386
G01 X35.5261 Y10.4447
G01 X35.5272 Y10.4508
G01 X35.5295 Y10.4577
G01 X35.5322 Y10.4633
G01 X35.5363 Y10.4694
G01 X35.5404 Y10.4740
G01 X36.5024 Y11.4350
G01 X36.5100 Y11.4412
G01 X36.5142 Y11.4437
G01 X36.5197 Y11.4463
G01 X36.5256 Y11.4481
G01 X36.5316 Y11.4492
G01 X36.5377 Y11.4496
G01 X36.5439 Y11.4492
G01 X36.5487 Y11.4484
G01 X36.5546 Y11.4467
G01 X36.5602 Y11.4443
G01 X36.5655 Y11.4412
G01 X36.5694 Y11.4382
G01 X36.5739 Y11.4341
G01 X36.5779 Y11.4294
G01 X36.5812 Y11.4242
G01 X36.5839 Y11.4187
G01 X36.5859 Y11.4129
G01 X36.5872 Y11.4069
G01 X36.5877 Y11.4008
G01 X36.5877 Y9.2046
G01 X39.5877 Y9.2046
G01 X39.5877 Y15.7046
G01 X36.5877 Y15.7046
G01 X36.5877 Y13.4546
G01 X36.5873 Y13.4485
G01 X36.5865 Y13.4436
G01 X36.5834 Y13.4343
G01 X36.5806 Y13.4289
G01 X36.5764 Y13.4229
G01 X36.5722 Y13.4184
G01 X36.5675 Y13.4144
G01 X36.5624 Y13.4111
G01 X36.5557 Y13.4080
G01 X36.5499 Y13.4061
G01 X36.5426 Y13.4048
G01 X36.1847 Y13.4046
G01 X36.1662 Y13.4055
G01 X36.1569 Y13.4048
G01 X36.1499 Y13.4038
G01 X36.0211 Y13.3930
G01 X36.0080 Y13.3903
G01 X35.9995 Y13.3893
G01 X35.9643 Y13.3792
G01 X35.8799 Y13.3593
G01 X35.8568 Y13.3500
G01 X35.8490 Y13.3477
G01 X35.8262 Y13.3375
G01 X35.7402 Y13.3013
G01 X35.7219 Y13.2894
G01 X35.7175 Y13.2871
G01 X35.7104 Y13.2842
G01 X35.6760 Y13.2607
G01 X35.6196 Y13.2257
G01 X35.6009 Y13.2108
G01 X35.5932 Y13.2059
G01 X35.5651 Y13.1805
G01 X35.5197 Y13.1418
G01 X35.4883 Y13.1105
G01 X35.4815 Y13.1046
G01 X35.4741 Y13.0962
G01 X35.4061 Y13.0282
G01 X35.3823 Y13.0056
G01 X35.3775 Y13.0018
G01 X35.3734 Y12.9991
G01 X35.3679 Y12.9964
G01 X35.3633 Y12.9948
G01 X35.3561 Y12.9931
G01 X35.3487 Y12.9926
G01 X30.9105 Y12.9926
G01 X30.9044 Y12.9931
G01 X30.8984 Y12.9944
G01 X30.8937 Y12.9960
G01 X30.8881 Y12.9985
G01 X30.8839 Y13.0010
G01 X30.8790 Y13.0048
G01 X30.8755 Y13.0081
G01 X30.8715 Y13.0128
G01 X30.8682 Y13.0180
G01 X30.8655 Y13.0235
G01 X30.8635 Y13.0293
G01 X30.8624 Y13.0341
G01 X30.8618 Y13.0402
G01 X30.8619 Y13.0463
G01 X30.8627 Y13.0524
G01 X30.8639 Y13.0571
G01 X30.8660 Y13.0629
G01 X30.8688 Y13.0683
G01 X30.8723 Y13.0734
G01 X30.8764 Y13.0780
G01 X31.4830 Y13.6836
G01 X31.4868 Y13.6890
G01 X31.5288 Y13.7410
G01 X31.5733 Y13.7941
G01 X31.5838 Y13.8091
G01 X31.6153 Y13.8643
G01 X31.6461 Y13.9155
G01 X31.6517 Y13.9283
G01 X31.6580 Y13.9402
G01 X31.6793 Y13.9982
G01 X31.7011 Y14.0522
G01 X31.7041 Y14.0640
G01 X31.7096 Y14.0778
G01 X31.7217 Y14.1393
G01 X31.7334 Y14.1893
G01 X31.7352 Y14.2045
G01 X31.7389 Y14.2279
G01 X31.7418 Y14.2813
G01 X31.7447 Y14.3233
G01 X31.7447 Y14.3401
G01 X31.7465 Y14.3710
G01 X31.7450 Y14.3836
G01 X31.7447 Y14.3886
G01 X31.7448 Y14.6991
G01 X31.7453 Y14.7039
G01 X31.7465 Y14.7099
G01 X31.7501 Y14.7191
G01 X31.7553 Y14.7274
G01 X31.7621 Y14.7345
G01 X31.7690 Y14.7395
G01 X31.7767 Y14.7433
G01 X31.7850 Y14.7456
G01 X31.7947 Y14.7466
G01 X32.7843 Y14.7466
G01 X32.8528 Y14.7534
G01 X32.9144 Y14.7588
G01 X32.9253 Y14.7611
G01 X32.9436 Y14.7629
G01 X33.0056 Y14.7798
G01 X33.0596 Y14.7931
G01 X33.0752 Y14.7998
G01 X33.0897 Y14.8038
G01 X33.1590 Y14.8356
G01 X33.1739 Y14.8419
G01 X33.1974 Y14.8510
G01 X33.2113 Y14.8588
G01 X33.2266 Y14.8660
G01 X33.2897 Y14.9086
G01 X33.3207 Y14.9278
G01 X33.3302 Y14.9360
G01 X33.3452 Y14.9455
G01 X33.4013 Y14.9958
G01 X33.4208 Y15.0124
G01 X33.4261 Y15.0177
G01 X33.4558 Y15.0445
G01 X33.4684 Y15.0590
G01 X34.8294 Y16.4200
G01 X34.8405 Y16.4302
G01 X34.8492 Y16.4398
G01 X34.8592 Y16.4525
G01 X34.9350 Y16.5438
G01 X34.9426 Y16.5561
G01 X34.9489 Y16.5643
G01 X34.9630 Y16.5896
G01 X35.0118 Y16.6700
G01 X35.0192 Y16.6883
G01 X35.0236 Y16.6964
G01 X35.0333 Y16.7223
G01 X35.0687 Y16.8103
G01 X35.0714 Y16.8225
G01 X35.0745 Y16.8314
G01 X35.0800 Y16.8620
G01 X35.1002 Y16.9483
G01 X35.1107 Y17.0816
G01 X35.1107 Y17.1148
G01 X35.1115 Y17.1263
G01 X35.1107 Y17.1356
G01 X35.1107 Y19.3786
G01 X35.1113 Y19.3859
G01 X35.1132 Y19.3943
G01 X35.1155 Y19.4000
G01 X35.1185 Y19.4054
G01 X35.1213 Y19.4094
G01 X35.1254 Y19.4140
G01 X36.2024 Y20.4900
G01 X36.2070 Y20.4940
G01 X36.2120 Y20.4975
G01 X36.2175 Y20.5003
G01 X36.2232 Y20.5025
G01 X36.2292 Y20.5039
G01 X36.2365 Y20.5046
G01 X36.5426 Y20.5044
G01 X36.5499 Y20.5031
G01 X36.5580 Y20.5003
G01 X36.5655 Y20.4962
G01 X36.5722 Y20.4908
G01 X36.5771 Y20.4854
G01 X36.5818 Y20.4782
G01 X36.5852 Y20.4703
G01 X36.5870 Y20.4632
G01 X36.5877 Y20.4546
G01 X36.5877 Y18.2046
G01 X39.5877 Y18.2046
G01 X39.5877 Y23.8076
G01 X39.5881 Y23.8137
G01 X39.5892 Y23.8198
G01 X39.5911 Y23.8256
G01 X39.5936 Y23.8312
G01 X39.5968 Y23.8364
G01 X39.6007 Y23.8412
G01 X39.6041 Y23.8447
G01 X39.6089 Y23.8485
G01 X39.6152 Y23.8523
G01 X39.6232 Y23.8555
G01 X39.6304 Y23.8571
G01 X39.6377 Y23.8576
G01 X42.9267 Y23.8576
G01 X42.9442 Y23.8567
G01 X42.9601 Y23.8584
G01 X42.9900 Y23.8605
G01 X43.1139 Y23.8705
G01 X43.1225 Y23.8703
G01 X43.1310 Y23.8685
G01 X43.1379 Y23.8659
G01 X43.1454 Y23.8616
G01 X43.1511 Y23.8569
G01 X43.1561 Y23.8514
G01 X43.1608 Y23.8442
G01 X43.1638 Y23.8375
G01 X43.1660 Y23.8291
G01 X43.1667 Y23.8217
G01 X43.1665 Y23.8156
G01 X43.1655 Y23.8095
G01 X43.1304 Y23.6557
G01 X43.1228 Y23.5084
G01 X43.1265 Y23.4652
G01 X43.1371 Y23.3593
G01 X43.1732 Y23.2169
G01 X43.2330 Y23.0811
G01 X43.3089 Y22.9597
G01 X43.3701 Y22.8908
G01 X43.4088 Y22.8465
G01 X43.5219 Y22.7524
G01 X43.6493 Y22.6748
G01 X43.7808 Y22.6205
G01 X43.8625 Y22.6024
G01 X43.9266 Y22.5871
G01 X44.0567 Y22.5766
G01 X44.2856 Y22.5766
G01 X44.3000 Y22.5784
G01 X44.4291 Y22.5907
G01 X44.4350 Y22.5920
G01 X44.4451 Y22.5930
G01 X44.4520 Y22.5943
G01 X44.5693 Y22.6252
G01 X44.5930 Y22.6344
G01 X44.6800 Y22.6741
G01 X44.7115 Y22.6879
G01 X44.7270 Y22.6952
G01 X44.7976 Y22.7426
G01 X44.8314 Y22.7639
G01 X44.8441 Y22.7736
G01 X44.8503 Y22.7774
G01 X44.9581 Y22.8739
G01 X45.0492 Y22.9897
G01 X45.1250 Y23.1201
G01 X45.1443 Y23.1732
G01 X45.1697 Y23.2371
G01 X45.1732 Y23.2527
G01 X45.1751 Y23.2587
G01 X45.2070 Y23.3974
G01 X45.2098 Y23.4572
G01 X45.2137 Y23.5105
G01 X45.2137 Y23.5319
G01 X45.2146 Y23.5494
G01 X45.2137 Y23.5606
G01 X45.2137 Y26.1356
G01 X45.2155 Y26.1680
G01 X45.2140 Y26.1806
G01 X45.2137 Y26.1856
G01 X45.2137 Y28.1068
G01 X45.2145 Y28.1142
G01 X45.2162 Y28.1213
G01 X45.2185 Y28.1270
G01 X45.2221 Y28.1334
G01 X45.2259 Y28.1383
G01 X45.2311 Y28.1435
G01 X45.2359 Y28.1472
G01 X45.2423 Y28.1508
G01 X45.2516 Y28.1541
G01 X45.2600 Y28.1555
G01 X45.3177 Y28.1556
G01 X45.3177 Y28.8986
G01 X45.3183 Y28.9059
G01 X45.3202 Y28.9143
G01 X45.3231 Y28.9211
G01 X45.3269 Y28.9274
G01 X45.3315 Y28.9331
G01 X45.8320 Y29.4327
G01 X45.8358 Y29.4380
G01 X45.8778 Y29.4900
G01 X45.9175 Y29.5373
G01 X45.9221 Y29.5448
G01 X45.9328 Y29.5583
G01 X45.9550 Y29.5985
G01 X45.9953 Y29.6648
G01 X46.0007 Y29.6773
G01 X46.0070 Y29.6892
G01 X46.0281 Y29.7467
G01 X46.0495 Y29.7987
G01 X46.0531 Y29.8130
G01 X46.0586 Y29.8268
G01 X46.0707 Y29.8883
G01 X46.0824 Y29.9383
G01 X46.0842 Y29.9535
G01 X46.0879 Y29.9769
G01 X46.0908 Y30.0312
G01 X46.0937 Y30.0724
G01 X46.0937 Y30.0891
G01 X46.0955 Y30.1192
G01 X46.0941 Y30.1283
G01 X46.0937 Y30.1346
G01 X46.0937 Y39.3816
G01 X46.0941 Y39.3877
G01 X46.0955 Y39.3949
G01 X46.0975 Y39.4007
G01 X46.1002 Y39.4062
G01 X46.1036 Y39.4114
G01 X46.1075 Y39.4161
G01 X46.1120 Y39.4203
G01 X46.1170 Y39.4238
G01 X46.1223 Y39.4268
G01 X46.1269 Y39.4287
G01 X46.1364 Y39.4311
G01 X46.1425 Y39.4316
G01 X46.1717 Y39.4316
G01 X46.1717 Y41.7116
G01 X45.2873 Y41.7117
G01 X45.2788 Y41.7128
G01 X45.2718 Y41.7149
G01 X45.2651 Y41.7181
G01 X45.2590 Y41.7221
G01 X45.2536 Y41.7270
G01 X45.2489 Y41.7327
G01 X45.2451 Y41.7390
G01 X45.2423 Y41.7457
G01 X45.2401 Y41.7553
G01 X45.2398 Y41.7650
G01 X45.2415 Y41.7747
G01 X45.2449 Y41.7838
G01 X45.3471 Y41.9670
G01 X45.3722 Y42.0071
G01 X45.3741 Y42.0126
G01 X45.3765 Y42.0180
G01 X45.3856 Y42.0327
G01 X45.4071 Y42.0913
G01 X45.4088 Y42.0968
G01 X45.4279 Y42.1451
G01 X45.4358 Y42.1689
G01 X45.4488 Y42.2381
G01 X45.4600 Y42.2849
G01 X45.4611 Y42.3020
G01 X45.4641 Y42.3158
G01 X45.4668 Y42.3622
G01 X45.4707 Y42.4154
G01 X45.4707 Y42.4311
G01 X45.4725 Y42.4620
G01 X45.4710 Y42.4746
G01 X45.4707 Y42.4796
G01 X45.4707 Y43.8196
G01 X45.4715 Y43.8282
G01 X45.4732 Y43.8353
G01 X45.4761 Y43.8421
G01 X45.4798 Y43.8484
G01 X45.4854 Y43.8550
G01 X46.7644 Y45.1330
G01 X46.7690 Y45.1370
G01 X46.7730 Y45.1399
G01 X46.7772 Y45.1423
G01 X46.7829 Y45.1447
G01 X46.7912 Y45.1469
G01 X46.7997 Y45.1476
G01 X49.0567 Y45.1476
G01 X49.0567 Y47.2478
G01 X49.0575 Y47.2552
G01 X49.0596 Y47.2635
G01 X49.0632 Y47.2713
G01 X49.0673 Y47.2774
G01 X49.0722 Y47.2828
G01 X49.0779 Y47.2875
G01 X49.0843 Y47.2913
G01 X49.0922 Y47.2945
G01 X49.0994 Y47.2961
G01 X49.1055 Y47.2966
G01 X49.1129 Y47.2962
G01 X49.1189 Y47.2951
G01 X49.1259 Y47.2928
G01 X49.1314 Y47.2901
G01 X49.1365 Y47.2867
G01 X49.1412 Y47.2828
G01 X49.8101 Y46.6129
G01 X49.8149 Y46.6074
G01 X49.8188 Y46.6012
G01 X49.8218 Y46.5944
G01 X49.8235 Y46.5885
G01 X49.8243 Y46.5837
G01 X49.8247 Y46.5776
G01 X49.8247 Y44.2036
G01 X49.8237 Y44.1897
G01 X49.8362 Y44.0438
G01 X49.8399 Y44.0283
G01 X49.8412 Y44.0163
G01 X49.8554 Y43.9641
G01 X49.8704 Y43.9004
G01 X49.8795 Y43.8794
G01 X49.8821 Y43.8702
G01 X49.9027 Y43.8251
G01 X49.9167 Y43.7921
G01 X49.9287 Y43.7618
G01 X49.9363 Y43.7502
G01 X49.9471 Y43.7284
G01 X49.9845 Y43.6741
G01 X50.0046 Y43.6404
G01 X50.0195 Y43.6219
G01 X50.0249 Y43.6136
G01 X50.0592 Y43.5747
G01 X50.0894 Y43.5396
G01 X50.1070 Y43.5220
G01 X50.1227 Y43.5045
G01 X50.1361 Y43.4929
G01 X51.0781 Y42.5499
G01 X51.0836 Y42.5434
G01 X51.0874 Y42.5371
G01 X51.0906 Y42.5291
G01 X51.0922 Y42.5219
G01 X51.0927 Y42.5146
G01 X51.0926 Y41.0689
G01 X51.0909 Y41.0593
G01 X51.0874 Y41.0502
G01 X51.0748 Y41.0252
G01 X51.0488 Y40.9834
G01 X51.0465 Y40.9774
G01 X51.0368 Y40.9570
G01 X51.0105 Y40.8870
G01 X50.9943 Y40.8479
G01 X50.9881 Y40.8275
G01 X50.9866 Y40.8212
G01 X50.9845 Y40.8156
G01 X50.9706 Y40.7439
G01 X50.9612 Y40.7056
G01 X50.9593 Y40.6832
G01 X50.9573 Y40.6739
G01 X50.9526 Y40.5975
G01 X50.9507 Y40.5754
G01 X50.9507 Y40.5533
G01 X50.9489 Y40.5278
G01 X50.9507 Y40.5096
G01 X50.9507 Y37.0004
G01 X50.9495 Y36.9906
G01 X50.9482 Y36.9859
G01 X50.9459 Y36.9801
G01 X50.9422 Y36.9737
G01 X50.9272 Y36.9525
G01 X50.8956 Y36.8836
G01 X50.8894 Y36.8686
G01 X50.8682 Y36.8098
G01 X50.8535 Y36.7250
G01 X50.8507 Y36.6713
G01 X50.8507 Y35.1560
G01 X50.8535 Y35.1063
G01 X50.8691 Y35.0161
G01 X50.8930 Y34.9546
G01 X50.9245 Y34.8824
G01 X50.9723 Y34.8152
G01 X51.0192 Y34.7591
G01 X51.0753 Y34.7122
G01 X51.1424 Y34.6644
G01 X51.2160 Y34.6324
G01 X51.2761 Y34.6090
G01 X51.3626 Y34.5943
G01 X51.4184 Y34.5906
G01 X52.3831 Y34.5906
G01 X52.4388 Y34.5943
G01 X52.5234 Y34.6090
G01 X52.5658 Y34.6253
G01 X52.5939 Y34.6356
G01 X52.6564 Y34.6635
G01 X52.7250 Y34.7096
G01 X52.7794 Y34.7600
G01 X52.8311 Y34.8154
G01 X52.8742 Y34.8824
G01 X52.9093 Y34.9525
G01 X52.9305 Y35.0189
G01 X52.9470 Y35.0897
G01 X52.9507 Y35.1580
G01 X52.9507 Y36.6733
G01 X52.9470 Y36.7415
G01 X52.9305 Y36.8123
G01 X52.9074 Y36.8842
G01 X52.8714 Y36.9525
G01 X52.8561 Y36.9770
G01 X52.8541 Y36.9815
G01 X52.8522 Y36.9874
G01 X52.8513 Y36.9922
G01 X52.8507 Y36.9984
G01 X52.8508 Y39.5331
G01 X52.8517 Y39.5404
G01 X52.8541 Y39.5488
G01 X52.8573 Y39.5555
G01 X52.8623 Y39.5626
G01 X52.8656 Y39.5662
G01 X52.8825 Y39.5821
G01 X52.9095 Y39.6062
G01 X52.9572 Y39.6585
G01 X52.9974 Y39.7187
G01 X53.0307 Y39.7835
G01 X53.0597 Y39.8649
G01 X53.0700 Y39.9389
G01 X53.0737 Y39.9895
G01 X53.0737 Y40.6096
G01 X53.0745 Y40.6317
G01 X53.0737 Y40.6406
G01 X53.0737 Y41.2545
G01 X53.0700 Y41.2990
G01 X53.0590 Y41.3772
G01 X53.0315 Y41.4503
G01 X52.9964 Y41.5269
G01 X52.9939 Y41.5349
G01 X52.9928 Y41.5432
G01 X52.9927 Y42.9236
G01 X52.9936 Y42.9365
G01 X52.9813 Y43.0853
G01 X52.9784 Y43.0963
G01 X52.9773 Y43.1090
G01 X52.9674 Y43.1438
G01 X52.9460 Y43.2319
G01 X52.9412 Y43.2432
G01 X52.9368 Y43.2557
G01 X52.9227 Y43.2861
G01 X52.8885 Y43.3668
G01 X52.8820 Y43.3771
G01 X52.8746 Y43.3946
G01 X52.8406 Y43.4447
G01 X52.8111 Y43.4912
G01 X52.8011 Y43.5031
G01 X52.7931 Y43.5149
G01 X52.7606 Y43.5512
G01 X52.7279 Y43.5897
G01 X52.7104 Y43.6072
G01 X52.6958 Y43.6236
G01 X52.6899 Y43.6281
G01 X52.6864 Y43.6312
G01 X52.4045 Y43.9131
G01 X52.4006 Y43.9178
G01 X52.3972 Y43.9230
G01 X52.3945 Y43.9285
G01 X52.3927 Y43.9336
G01 X52.3864 Y43.9359
G01 X52.3810 Y43.9387
G01 X52.3759 Y43.9422
G01 X52.3713 Y43.9463
G01 X51.7393 Y44.5793
G01 X51.7353 Y44.5839
G01 X51.7325 Y44.5879
G01 X51.7295 Y44.5932
G01 X51.7272 Y44.5989
G01 X51.7253 Y44.6073
G01 X51.7247 Y44.6146
G01 X51.7247 Y46.9896
G01 X51.7256 Y47.0041
G01 X51.7133 Y47.1475
G01 X51.7114 Y47.1554
G01 X51.7095 Y47.1704
G01 X51.6993 Y47.2060
G01 X51.6798 Y47.2891
G01 X51.6700 Y47.3157
G01 X51.6213 Y47.4304
G01 X51.6102 Y47.4480
G01 X51.6039 Y47.4605
G01 X51.5820 Y47.4920
G01 X51.5433 Y47.5539
G01 X51.5322 Y47.5670
G01 X51.5253 Y47.5767
G01 X51.5048 Y47.6001
G01 X51.4580 Y47.6546
G01 X51.4344 Y47.6782
G01 X51.4265 Y47.6869
G01 X51.4184 Y47.6943
G01 X49.7777 Y49.3359
G01 X49.7723 Y49.3397
G01 X49.7203 Y49.3817
G01 X49.6706 Y49.4234
G01 X49.6521 Y49.4368
G01 X49.5958 Y49.4693
G01 X49.5474 Y49.4983
G01 X49.5314 Y49.5059
G01 X49.5244 Y49.5097
G01 X49.4636 Y49.5320
G01 X49.4093 Y49.5543
G01 X49.3984 Y49.5567
G01 X49.3879 Y49.5606
G01 X49.3821 Y49.5621
G01 X49.3776 Y49.5638
G01 X49.3189 Y49.5756
G01 X49.2632 Y49.5883
G01 X49.2421 Y49.5908
G01 X49.1379 Y49.5976
G01 X49.1206 Y49.5976
G01 X49.0987 Y49.5993
G01 X49.0915 Y49.6010
G01 X49.0846 Y49.6038
G01 X49.0792 Y49.6068
G01 X49.0734 Y49.6113
G01 X49.0667 Y49.6186
G01 X49.0621 Y49.6260
G01 X49.0586 Y49.6352
G01 X49.0569 Y49.6449
G01 X49.0567 Y49.8476
G01 X46.1567 Y49.8476
G01 X46.1567 Y47.1966
G01 X46.1558 Y47.1869
G01 X46.1534 Y47.1786
G01 X46.1490 Y47.1699
G01 X46.1438 Y47.1631
G01 X46.1394 Y47.1588
G01 X46.1346 Y47.1551
G01 X46.0896 Y47.1264
G01 X46.0751 Y47.1179
G01 X46.0607 Y47.1054
G01 X46.0506 Y47.0981
G01 X46.0306 Y47.0799
G01 X45.9755 Y47.0337
G01 X45.9491 Y47.0072
G01 X45.9411 Y47.0001
G01 X45.9361 Y46.9942
G01 X44.1561 Y45.2152
G01 X44.1495 Y45.2097
G01 X44.1421 Y45.2054
G01 X44.1376 Y45.2035
G01 X44.1317 Y45.2018
G01 X44.1268 Y45.2010
G01 X44.1207 Y45.2006
G01 X41.7697 Y45.2006
G01 X41.7697 Y45.0954
G01 X41.7690 Y45.0881
G01 X41.7676 Y45.0821
G01 X41.7644 Y45.0741
G01 X41.7606 Y45.0678
G01 X41.7551 Y45.0612
G01 X41.7495 Y45.0564
G01 X41.7433 Y45.0525
G01 X41.7366 Y45.0495
G01 X41.7283 Y45.0473
G01 X41.7209 Y45.0466
G01 X40.2527 Y45.0466
G01 X40.2462 Y45.0470
G01 X40.2267 Y45.0501
G01 X40.2124 Y45.0519
G01 X40.1917 Y45.0538
G01 X40.1650 Y45.0556
G01 X39.5557 Y45.0556
G01 X39.5222 Y45.0575
G01 X39.4957 Y45.0556
G01 X38.8994 Y45.0556
G01 X38.8727 Y45.0538
G01 X38.8521 Y45.0519
G01 X38.8377 Y45.0501
G01 X38.8182 Y45.0470
G01 X38.8117 Y45.0466
G01 X38.4667 Y45.0466
G01 X38.4606 Y45.0470
G01 X38.4546 Y45.0481
G01 X38.4487 Y45.0500
G01 X38.4421 Y45.0531
G01 X38.4359 Y45.0572
G01 X38.4313 Y45.0613
G01 X37.7534 Y45.7402
G01 X37.6787 Y45.7994
G01 X37.6561 Y45.8196
G01 X37.6499 Y45.8234
G01 X37.6448 Y45.8278
G01 X37.6294 Y45.8395
G01 X37.5888 Y45.8617
G01 X37.5651 Y45.8751
G01 X37.5423 Y45.8886
G01 X37.5241 Y45.9001
G01 X37.5187 Y45.9020
G01 X37.5133 Y45.9044
G01 X37.4988 Y45.9133
G01 X37.4314 Y45.9377
G01 X37.3894 Y45.9545
G01 X37.3819 Y45.9565
G01 X37.3755 Y45.9593
G01 X37.3610 Y45.9641
G01 X37.2922 Y45.9775
G01 X37.2467 Y45.9879
G01 X37.2293 Y45.9890
G01 X37.2153 Y45.9920
G01 X37.1768 Y45.9947
G01 X37.1552 Y45.9957
G01 X37.1159 Y45.9986
G01 X37.1023 Y45.9986
G01 X37.0694 Y46.0004
G01 X37.0567 Y45.9989
G01 X37.0517 Y45.9986
G01 X35.6667 Y45.9986
G01 X35.6582 Y45.9993
G01 X35.6510 Y46.0011
G01 X35.6431 Y46.0045
G01 X35.6360 Y46.0092
G01 X35.6314 Y46.0132
G01 X35.6281 Y46.0169
G01 X35.6245 Y46.0219
G01 X35.6221 Y46.0261
G01 X35.6201 Y46.0306
G01 X35.6182 Y46.0365
G01 X35.6171 Y46.0425
G01 X35.6167 Y46.0474
G01 X35.6167 Y47.2186
G01 X32.7167 Y47.2186
G01 X32.7167 Y28.9086
G01 X35.6167 Y28.9086
G01 X35.6167 Y33.6598
G01 X35.6171 Y33.6647
G01 X35.6182 Y33.6708
G01 X35.6196 Y33.6754
G01 X35.6221 Y33.6811
G01 X35.6245 Y33.6854
G01 X35.6281 Y33.6903
G01 X35.6314 Y33.6940
G01 X35.6360 Y33.6980
G01 X35.6410 Y33.7015
G01 X35.6453 Y33.7038
G01 X35.6510 Y33.7061
G01 X35.6558 Y33.7074
G01 X35.6618 Y33.7084
G01 X35.6667 Y33.7086
G01 X35.6716 Y33.7084
G01 X35.6777 Y33.7074
G01 X35.6847 Y33.7053
G01 X35.6914 Y33.7021
G01 X35.6965 Y33.6988
G01 X35.7021 Y33.6940
G01 X39.2931 Y30.1020
G01 X39.2979 Y30.0964
G01 X39.3024 Y30.0891
G01 X39.3052 Y30.0823
G01 X39.3070 Y30.0751
G01 X39.3077 Y30.0678
G01 X39.3076 Y29.6619
G01 X39.3062 Y29.6533
G01 X39.3033 Y29.6451
G01 X39.2853 Y29.6133
G01 X39.2147 Y29.3500
G01 X39.2147 Y29.0692
G01 X39.2859 Y28.8047
G01 X39.4247 Y28.5672
G01 X39.6195 Y28.3696
G01 X39.8600 Y28.2312
G01 X40.1233 Y28.1606
G01 X40.4041 Y28.1606
G01 X40.6675 Y28.2312
G01 X40.9079 Y28.3695
G01 X41.1018 Y28.5663
G01 X41.2206 Y28.7680
G01 X41.2256 Y28.7750
G01 X41.2298 Y28.7794
G01 X41.2345 Y28.7832
G01 X41.2386 Y28.7859
G01 X41.2441 Y28.7886
G01 X41.2499 Y28.7906
G01 X41.2558 Y28.7920
G01 X41.2619 Y28.7926
G01 X41.2680 Y28.7924
G01 X41.2740 Y28.7915
G01 X41.2787 Y28.7903
G01 X41.2844 Y28.7881
G01 X41.2888 Y28.7859
G01 X41.2929 Y28.7832
G01 X41.2976 Y28.7794
G01 X41.3010 Y28.7759
G01 X41.3048 Y28.7711
G01 X41.4257 Y28.5663
G01 X41.6196 Y28.3695
G01 X41.8600 Y28.2312
G01 X42.1233 Y28.1606
G01 X42.4041 Y28.1606
G01 X42.6675 Y28.2312
G01 X42.9079 Y28.3696
G01 X43.1242 Y28.5878
G01 X43.1318 Y28.5941
G01 X43.1393 Y28.5982
G01 X43.1474 Y28.6011
G01 X43.1559 Y28.6025
G01 X43.1645 Y28.6024
G01 X43.1729 Y28.6008
G01 X43.1810 Y28.5978
G01 X43.1874 Y28.5942
G01 X43.1941 Y28.5889
G01 X43.2006 Y28.5814
G01 X43.2054 Y28.5729
G01 X43.2085 Y28.5636
G01 X43.2097 Y28.5538
G01 X43.2097 Y28.1556
G01 X43.2662 Y28.1555
G01 X43.2759 Y28.1541
G01 X43.2840 Y28.1513
G01 X43.2894 Y28.1485
G01 X43.2954 Y28.1443
G01 X43.3008 Y28.1392
G01 X43.3053 Y28.1334
G01 X43.3084 Y28.1281
G01 X43.3112 Y28.1213
G01 X43.3128 Y28.1154
G01 X43.3137 Y28.1081
G01 X43.3137 Y26.5526
G01 X43.3132 Y26.5453
G01 X43.3119 Y26.5393
G01 X43.3099 Y26.5335
G01 X43.3072 Y26.5279
G01 X43.3039 Y26.5228
G01 X43.2990 Y26.5172
G01 X42.5530 Y25.7722
G01 X42.5465 Y25.7667
G01 X42.5391 Y25.7624
G01 X42.5310 Y25.7594
G01 X42.5214 Y25.7577
G01 X33.5051 Y25.7576
G01 X33.4546 Y25.7528
G01 X33.3558 Y25.7427
G01 X33.3468 Y25.7415
G01 X33.2711 Y25.7204
G01 X33.2192 Y25.7072
G01 X33.2105 Y25.7035
G01 X33.1972 Y25.6997
G01 X33.1943 Y25.6986
G01 X33.0661 Y25.6408
G01 X32.9747 Y25.5791
G01 X32.9610 Y25.5703
G01 X32.9553 Y25.5659
G01 X32.9420 Y25.5575
G01 X32.8333 Y25.4593
G01 X32.7441 Y25.3473
G01 X32.6671 Y25.2152
G01 X32.6286 Y25.1112
G01 X32.6221 Y25.0954
G01 X32.6193 Y25.0852
G01 X32.6167 Y25.0782
G01 X32.5844 Y24.9367
G01 X32.5768 Y24.7848
G01 X32.5787 Y24.7636
G01 X32.5787 Y23.3826
G01 X32.5780 Y23.3741
G01 X32.5754 Y23.3646
G01 X32.5710 Y23.3559
G01 X32.5658 Y23.3490
G01 X32.5492 Y23.3324
G01 X32.5034 Y23.2912
G01 X32.4984 Y23.2877
G01 X32.4918 Y23.2844
G01 X32.4849 Y23.2821
G01 X32.4776 Y23.2808
G01 X31.8567 Y23.2806
G01 X31.8506 Y23.2810
G01 X31.8434 Y23.2824
G01 X31.8376 Y23.2844
G01 X31.8321 Y23.2871
G01 X31.8260 Y23.2912
G01 X31.8214 Y23.2952
G01 X31.7519 Y23.3647
G01 X31.6729 Y23.4170
G01 X31.6029 Y23.4492
G01 X31.5403 Y23.4681
G01 X31.4747 Y23.4820
G01 X31.4129 Y23.4866
G01 X30.5996 Y23.4866
G01 X30.5380 Y23.4820
G01 X30.4795 Y23.4693
G01 X30.4099 Y23.4498
G01 X30.3320 Y23.4103
G01 X30.2714 Y23.3699
G01 X30.2186 Y23.3218
G01 X30.1723 Y23.2708
G01 X30.1328 Y23.2111
G01 X30.0991 Y23.1473
G01 X30.0752 Y23.0712
G01 X30.0677 Y23.0338
G01 X30.0613 Y23.0044
G01 X30.0567 Y22.9427
G01 X30.0567 Y22.3066
G01 X30.0549 Y22.2807
G01 X30.0567 Y22.2626
G01 X30.0567 Y21.5556
G01 X30.0562 Y21.5483
G01 X30.0546 Y21.5411
G01 X30.0519 Y21.5343
G01 X30.0483 Y21.5279
G01 X30.0422 Y21.5203
G01 X30.0346 Y21.5141
G01 X30.0260 Y21.5095
G01 X30.0167 Y21.5066
G01 X30.0107 Y21.5058
G01 X29.9727 Y21.5028
G01 X29.9659 Y21.5026
G01 X29.8196 Y21.4901
G01 X29.8051 Y21.4867
G01 X29.7957 Y21.4851
G01 X29.7890 Y21.4827
G01 X29.7788 Y21.4801
G01 X29.6763 Y21.4559
G01 X29.5379 Y21.3971
G01 X29.5231 Y21.3879
G01 X29.5110 Y21.3825
G01 X29.4844 Y21.3639
G01 X29.4142 Y21.3200
G01 X29.3971 Y21.3056
G01 X29.3870 Y21.2986
G01 X29.3139 Y21.2350
G01 X29.2893 Y21.2105
G01 X29.2838 Y21.2057
G01 X29.2771 Y21.1982
G01 X28.1909 Y20.1131
G01 X28.1048 Y20.0066
G01 X28.0870 Y19.9836
G01 X27.9903 Y19.8626
G01 X27.9841 Y19.8567
G01 X27.9759 Y19.8513
G01 X27.9680 Y19.8480
G01 X27.9597 Y19.8461
G01 X27.9548 Y19.8456
G01 X27.9487 Y19.8458
G01 X27.9391 Y19.8475
G01 X27.9345 Y19.8490
G01 X27.9290 Y19.8516
G01 X27.9209 Y19.8571
G01 X27.9140 Y19.8640
G01 X27.9104 Y19.8689
G01 X27.9080 Y19.8732
G01 X27.9045 Y19.8823
G01 X27.9029 Y19.8919
G01 X27.9027 Y20.6320
G01 X26.4765 Y20.6320
G01 X26.4238 Y20.6346
G01 X26.3716 Y20.6423
G01 X26.3192 Y20.6553
G01 X26.2984 Y20.6626
G01 X25.5717 Y20.6626
G01 X25.5656 Y20.6630
G01 X25.5572 Y20.6648
G01 X25.5503 Y20.6674
G01 X25.5439 Y20.6710
G01 X25.5372 Y20.6764
G01 X25.2534 Y20.9602
G01 X25.2486 Y20.9658
G01 X25.2446 Y20.9720
G01 X25.2421 Y20.9776
G01 X25.2402 Y20.9835
G01 X25.2391 Y20.9895
G01 X25.2387 Y20.9956
G01 X25.2390 Y24.0765
G01 X25.2405 Y24.0849
G01 X25.2440 Y24.0941
G01 X25.2493 Y24.1023
G01 X25.2551 Y24.1086
G01 X25.2589 Y24.1117
G01 X25.2640 Y24.1151
G01 X25.3461 Y24.1617
G01 X25.4858 Y24.3014
G01 X25.5851 Y24.4719
G01 X25.6357 Y24.6631
G01 X25.6357 Y24.8582
G01 X25.5861 Y25.0474
G01 X25.4858 Y25.2208
G01 X25.3451 Y25.3606
G01 X25.1782 Y25.4571
G01 X24.9910 Y25.5086
G01 X24.7855 Y25.5086
G01 X24.5983 Y25.4571
G01 X24.5609 Y25.4353
G01 X24.5554 Y25.4328
G01 X24.5496 Y25.4310
G01 X24.5401 Y25.4297
G01 X24.5141 Y25.4296
G01 X24.3584 Y25.4089
G01 X24.3479 Y25.4050
G01 X24.2154 Y25.3501
G01 X24.1963 Y25.3418
G01 X24.1477 Y25.3071
G01 X24.0645 Y25.2538
G01 X24.0579 Y25.2504
G01 X24.0520 Y25.2484
G01 X24.0460 Y25.2471
G01 X24.0386 Y25.2466
G01 X24.0324 Y25.2470
G01 X24.0263 Y25.2482
G01 X24.0204 Y25.2501
G01 X24.0148 Y25.2527
G01 X23.9526 Y25.2926
G01 X23.9452 Y25.2983
G01 X23.8820 Y25.3341
G01 X23.8318 Y25.3639
G01 X23.8222 Y25.3675
G01 X23.8098 Y25.3744
G01 X23.7707 Y25.3862
G01 X23.6921 Y25.4127
G01 X23.6766 Y25.4146
G01 X23.6618 Y25.4192
G01 X23.5759 Y25.4258
G01 X23.5598 Y25.4276
G01 X23.5488 Y25.4277
G01 X23.5087 Y25.4303
G01 X23.4936 Y25.4280
G01 X23.4877 Y25.4276
G01 X22.7590 Y25.4277
G01 X22.7492 Y25.4295
G01 X22.7399 Y25.4331
G01 X22.6464 Y25.4870
G01 X22.4611 Y25.5366
G01 X22.2593 Y25.5366
G01 X22.0739 Y25.4870
G01 X21.9024 Y25.3885
G01 X21.7633 Y25.2495
G01 X21.7497 Y25.2271
G01 X21.6633 Y25.0783
G01 X21.6127 Y24.8871
G01 X21.6127 Y24.6921
G01 X21.6624 Y24.5028
G01 X21.7627 Y24.3294
G01 X21.9033 Y24.1897
G01 X21.9226 Y24.1784
G01 X21.9273 Y24.1746
G01 X21.9317 Y24.1703
G01 X21.9404 Y24.1648
G01 X21.9500 Y24.1565
G01 X22.0291 Y24.1122
G01 X22.0632 Y24.0916
G01 X22.0728 Y24.0870
G01 X22.0820 Y24.0816
G01 X22.1597 Y24.0573
G01 X22.2050 Y24.0419
G01 X22.2169 Y24.0406
G01 X22.2321 Y24.0360
G01 X22.3089 Y24.0304
G01 X22.3219 Y24.0293
G01 X22.3358 Y24.0276
G01 X22.3457 Y24.0275
G01 X22.3857 Y24.0250
G01 X22.4004 Y24.0272
G01 X22.4067 Y24.0276
G01 X22.7884 Y24.0275
G01 X22.7957 Y24.0264
G01 X22.8027 Y24.0243
G01 X22.8104 Y24.0205
G01 X22.8164 Y24.0163
G01 X22.8218 Y24.0112
G01 X22.8263 Y24.0054
G01 X22.8299 Y23.9990
G01 X22.8326 Y23.9921
G01 X22.8342 Y23.9849
G01 X22.8347 Y23.9776
G01 X22.8347 Y21.9814
G01 X22.8338 Y21.9728
G01 X22.8318 Y21.9658
G01 X22.8282 Y21.9580
G01 X22.8241 Y21.9518
G01 X22.8192 Y21.9464
G01 X22.8135 Y21.9417
G01 X22.8061 Y21.9374
G01 X22.7992 Y21.9348
G01 X22.7921 Y21.9331
G01 X22.7847 Y21.9326
G01 X20.1027 Y21.9326
G01 X20.1018 Y21.9228
G01 X20.0994 Y21.9146
G01 X20.0956 Y21.9069
G01 X20.0898 Y21.8990
G01 X20.0825 Y21.8924
G01 X20.0752 Y21.8879
G01 X20.0672 Y21.8848
G01 X20.0588 Y21.8830
G01 X20.0527 Y21.8826
G01 X19.6857 Y21.8826
G01 X19.6784 Y21.8831
G01 X19.6700 Y21.8851
G01 X19.6632 Y21.8880
G01 X19.6559 Y21.8925
G01 X19.6503 Y21.8973
G01 X18.8373 Y22.7113
G01 X18.7126 Y22.8111
G01 X18.6300 Y22.8582
G01 X18.6088 Y22.8707
G01 X18.5820 Y22.8850
G01 X18.5091 Y22.9122
G01 X18.4881 Y22.9206
G01 X18.4696 Y22.9290
G01 X18.4520 Y22.9335
G01 X18.4414 Y22.9373
G01 X18.3673 Y22.9515
G01 X18.3265 Y22.9606
G01 X18.3050 Y22.9632
G01 X18.2969 Y22.9650
G01 X18.2587 Y22.9677
G01 X18.2380 Y22.9687
G01 X18.2029 Y22.9716
G01 X18.1843 Y22.9716
G01 X18.1514 Y22.9734
G01 X18.1387 Y22.9719
G01 X18.1337 Y22.9716
G01 X16.9317 Y22.9716
G01 X16.9157 Y22.9724
G01 X16.9103 Y22.9717
G01 X16.9008 Y22.9716
G01 X16.8910 Y22.9708
G01 X16.7690 Y22.9601
G01 X16.7532 Y22.9563
G01 X16.7397 Y22.9551
G01 X16.7158 Y22.9481
G01 X16.6264 Y22.9262
G01 X16.6127 Y22.9199
G01 X16.6003 Y22.9158
G01 X16.5945 Y22.9143
G01 X16.5482 Y22.8930
G01 X16.4870 Y22.8672
G01 X16.4755 Y22.8601
G01 X16.4595 Y22.8533
G01 X16.4068 Y22.8175
G01 X16.3648 Y22.7920
G01 X16.3553 Y22.7830
G01 X16.3392 Y22.7719
G01 X16.2998 Y22.7371
G01 X16.2648 Y22.7069
G01 X16.2453 Y22.6875
G01 X16.2295 Y22.6735
G01 X16.2181 Y22.6602
G01 X14.4159 Y20.8591
G01 X14.3626 Y20.7932
G01 X14.3279 Y20.7516
G01 X14.3129 Y20.7306
G01 X14.2818 Y20.6762
G01 X14.2588 Y20.6372
G01 X14.2517 Y20.6261
G01 X14.2495 Y20.6204
G01 X14.2398 Y20.6000
G01 X14.2175 Y20.5410
G01 X14.1974 Y20.4911
G01 X14.1936 Y20.4763
G01 X14.1880 Y20.4609
G01 X14.1748 Y20.3939
G01 X14.1645 Y20.3499
G01 X14.1627 Y20.3407
G01 X14.1614 Y20.3300
G01 X14.1606 Y20.3216
G01 X14.1556 Y20.2356
G01 X14.1537 Y20.2180
G01 X14.1537 Y20.1952
G01 X14.1525 Y20.1863
G01 X14.1519 Y20.1720
G01 X14.1537 Y20.1536
G01 X14.1537 Y17.0461
G01 X14.1567 Y16.9944
G01 X14.1683 Y16.9195
G01 X14.1979 Y16.8418
G01 X14.2245 Y16.7831
G01 X14.2755 Y16.7076
G01 X14.3585 Y16.6245
G01 X14.4415 Y16.5698
G01 X14.5076 Y16.5400
G01 X14.5738 Y16.5199
G01 X14.6347 Y16.5071
G01 X14.6956 Y16.5026
G01 X15.5109 Y16.5026
G01 X15.5717 Y16.5071
G01 X15.7182 Y16.5372
G01 X15.7244 Y16.5376
G01 X15.7317 Y16.5371
G01 X15.7390 Y16.5355
G01 X15.7447 Y16.5334
G01 X15.7513 Y16.5300
G01 X15.7563 Y16.5264
G01 X15.7617 Y16.5213
G01 X15.7655 Y16.5165
G01 X15.7693 Y16.5102
G01 X15.7718 Y16.5045
G01 X15.7735 Y16.4986
G01 X15.7745 Y16.4925
G01 X15.7747 Y16.2286
G01 X15.7738 Y16.2188
G01 X15.7709 Y16.2095
G01 X15.7663 Y16.2008
G01 X15.7601 Y16.1932
G01 X14.5732 Y15.0074
G01 X14.5666 Y15.0021
G01 X14.5582 Y14.9975
G01 X14.5100 Y14.9820
G01 X14.4370 Y14.9487
G01 X14.3585 Y14.8967
G01 X14.2756 Y14.8138
G01 X14.2414 Y14.7620
G01 X14.2206 Y14.7313
G01 X14.1960 Y14.6757
G01 X14.1684 Y14.6019
G01 X14.1565 Y14.5244
G01 X14.1537 Y14.4732
G01 X14.1537 Y14.2126
G01 X14.1508 Y14.1614
G01 X14.1537 Y14.1266
G01 X14.1537 Y13.2087
G01 X14.1574 Y13.1641
G01 X14.1675 Y13.0907
G01 X14.1960 Y13.0128
G01 X14.2278 Y12.9443
G01 X14.2766 Y12.8771
G01 X14.3182 Y12.8309
G01 X14.3699 Y12.7839
G01 X14.4293 Y12.7447
G01 X14.4934 Y12.7107
G01 X14.4980 Y12.7092
G01 X14.5738 Y12.6859
G01 X14.6287 Y12.6742
G01 X14.6347 Y12.6731
G01 X14.6956 Y12.6686
G01 X15.5109 Y12.6686
G01 X15.5724 Y12.6732
G01 X15.6340 Y12.6862
G01 X15.7139 Y12.7080
G01 X15.7870 Y12.7519
G01 X15.8289 Y12.7798
G01 X15.8913 Y12.8312
G01 X15.9371 Y12.8862
G01 X15.9783 Y12.9438
G01 X16.0114 Y13.0157
G01 X16.0335 Y13.0764
G01 X16.0491 Y13.1497
G01 X16.0537 Y13.2115
G01 X16.0537 Y13.7788
G01 X16.0545 Y13.7862
G01 X16.0562 Y13.7933
G01 X16.0591 Y13.8001
G01 X16.0628 Y13.8064
G01 X16.0684 Y13.8130
G01 X17.2153 Y14.9588
G01 X17.2209 Y14.9635
G01 X17.2273 Y14.9673
G01 X17.2340 Y14.9701
G01 X17.2412 Y14.9719
G01 X17.2473 Y14.9725
G01 X17.2546 Y14.9724
G01 X17.2619 Y14.9711
G01 X17.2689 Y14.9688
G01 X17.2754 Y14.9655
G01 X17.2814 Y14.9612
G01 X17.2868 Y14.9562
G01 X17.2913 Y14.9504
G01 X17.2949 Y14.9440
G01 X17.2976 Y14.9371
G01 X17.2992 Y14.9299
G01 X17.2997 Y14.9226
G01 X17.2997 Y11.9256
G01 X17.2990 Y11.9171
G01 X17.2972 Y11.9099
G01 X17.2949 Y11.9042
G01 X17.2926 Y11.8999
G01 X17.2891 Y11.8948
G01 X17.2851 Y11.8902
G01 X15.7621 Y10.3682
G01 X15.7575 Y10.3642
G01 X15.7524 Y10.3607
G01 X15.7470 Y10.3579
G01 X15.7412 Y10.3558
G01 X15.7341 Y10.3541
G01 X15.7267 Y10.3536
G01 X12.3118 Y10.3538
G01 X12.3034 Y10.3554
G01 X12.2942 Y10.3589
G01 X12.2860 Y10.3642
G01 X12.2797 Y10.3700
G01 X12.2745 Y10.3769
G01 X12.2701 Y10.3856
G01 X12.2675 Y10.3951
G01 X12.2667 Y10.4036
G01 X12.2667 Y21.1476
G01 X12.2673 Y21.1549
G01 X12.2692 Y21.1633
G01 X12.2710 Y21.1679
G01 X12.2738 Y21.1733
G01 X12.2773 Y21.1784
G01 X12.2814 Y21.1830
G01 X14.1670 Y23.0676
G01 X14.1708 Y23.0730
G01 X14.2128 Y23.1250
G01 X14.2569 Y23.1776
G01 X14.2614 Y23.1848
G01 X14.2690 Y23.1953
G01 X14.2950 Y23.2415
G01 X14.3300 Y23.2993
G01 X14.3345 Y23.3100
G01 X14.3419 Y23.3240
G01 X14.3580 Y23.3685
G01 X14.3844 Y23.4335
G01 X14.3881 Y23.4480
G01 X14.3936 Y23.4619
G01 X14.4049 Y23.5185
G01 X14.4194 Y23.5830
G01 X14.4217 Y23.6018
G01 X14.4248 Y23.6555
G01 X14.4287 Y23.7075
G01 X14.4287 Y23.7241
G01 X14.4305 Y23.7550
G01 X14.4290 Y23.7676
G01 X14.4287 Y23.7726
G01 X14.4287 Y26.8456
G01 X14.4295 Y26.8542
G01 X14.4316 Y26.8625
G01 X14.4352 Y26.8703
G01 X14.4401 Y26.8773
G01 X16.4074 Y28.8440
G01 X16.4139 Y28.8495
G01 X16.4213 Y28.8538
G01 X16.4270 Y28.8561
G01 X16.4318 Y28.8574
G01 X16.4366 Y28.8582
G01 X16.4427 Y28.8586
G01 X17.1892 Y28.8586
G01 X17.3484 Y28.8749
G01 X17.4623 Y28.9068
G01 X17.4683 Y28.9081
G01 X17.4745 Y28.9086
G01 X18.6167 Y28.9086
G01 X18.6167 Y47.2186
G01 X15.7167 Y47.2186
G01 X15.7167 Y43.5086
G01 X15.7163 Y43.5025
G01 X15.7149 Y43.4953
G01 X15.7124 Y43.4883
G01 X15.7096 Y43.4829
G01 X15.7061 Y43.4778
G01 X15.7021 Y43.4732
G01 X15.6965 Y43.4684
G01 X15.6914 Y43.4651
G01 X15.6859 Y43.4624
G01 X15.6801 Y43.4604
G01 X15.6741 Y43.4591
G01 X15.6679 Y43.4586
G01 X14.4427 Y43.4586
G01 X14.4213 Y43.4596
G01 X14.4154 Y43.4588
G01 X14.2800 Y43.4471
G01 X14.2642 Y43.4433
G01 X14.2507 Y43.4421
G01 X14.2268 Y43.4351
G01 X14.1374 Y43.4132
G01 X14.1237 Y43.4069
G01 X14.1064 Y43.4013
G01 X14.0701 Y43.3845
G01 X13.9980 Y43.3542
G01 X13.9865 Y43.3471
G01 X13.9706 Y43.3404
G01 X13.9140 Y43.3017
G01 X13.8742 Y43.2770
G01 X13.8622 Y43.2670
G01 X13.8502 Y43.2589
G01 X13.8108 Y43.2241
G01 X13.7758 Y43.1939
G01 X13.7573 Y43.1756
G01 X13.7424 Y43.1632
G01 X13.7291 Y43.1472
G01 X11.9790 Y41.3982
G01 X11.8791 Y41.2733
G01 X11.8552 Y41.2319
G01 X11.8053 Y41.1426
G01 X11.7529 Y41.0014
G01 X11.7256 Y40.8602
G01 X11.7244 Y40.8522
G01 X11.7169 Y40.7093
G01 X11.7339 Y40.5701
G01 X11.7740 Y40.4183
G01 X11.8318 Y40.2895
G01 X11.9095 Y40.1682
G01 X11.9290 Y40.1469
G01 X12.0114 Y40.0549
G01 X12.1285 Y39.9592
G01 X12.1837 Y39.9279
G01 X12.2518 Y39.8886
G01 X12.3876 Y39.8326
G01 X12.4871 Y39.8115
G01 X12.5320 Y39.8012
G01 X12.6792 Y39.7917
G01 X12.8237 Y39.8041
G01 X12.9671 Y39.8383
G01 X13.1021 Y39.8949
G01 X13.2279 Y39.9733
G01 X13.2342 Y39.9780
G01 X13.3963 Y40.1157
G01 X13.4013 Y40.1194
G01 X13.4055 Y40.1219
G01 X13.4111 Y40.1244
G01 X13.4170 Y40.1262
G01 X13.4218 Y40.1271
G01 X13.4280 Y40.1276
G01 X13.4341 Y40.1273
G01 X13.4402 Y40.1263
G01 X13.4449 Y40.1249
G01 X13.4506 Y40.1226
G01 X13.4549 Y40.1202
G01 X13.4599 Y40.1167
G01 X13.4636 Y40.1134
G01 X13.4677 Y40.1089
G01 X13.4706 Y40.1049
G01 X13.4737 Y40.0995
G01 X13.4756 Y40.0950
G01 X13.5440 Y39.8353
G01 X13.6048 Y39.6994
G01 X13.6826 Y39.5780
G01 X13.7844 Y39.4649
G01 X13.9015 Y39.3692
G01 X13.9567 Y39.3379
G01 X14.0248 Y39.2986
G01 X14.1606 Y39.2426
G01 X14.2601 Y39.2215
G01 X14.3050 Y39.2112
G01 X14.4522 Y39.2017
G01 X14.5967 Y39.2141
G01 X14.7400 Y39.2482
G01 X14.7715 Y39.2618
G01 X14.8751 Y39.3049
G01 X15.0009 Y39.3833
G01 X15.0073 Y39.3880
G01 X15.0988 Y39.4654
G01 X15.6350 Y40.0013
G01 X15.6400 Y40.0048
G01 X15.6453 Y40.0078
G01 X15.6510 Y40.0101
G01 X15.6558 Y40.0114
G01 X15.6606 Y40.0122
G01 X15.6667 Y40.0126
G01 X15.6728 Y40.0122
G01 X15.6789 Y40.0111
G01 X15.6836 Y40.0097
G01 X15.6892 Y40.0073
G01 X15.6945 Y40.0042
G01 X15.6994 Y40.0005
G01 X15.7029 Y39.9971
G01 X15.7069 Y39.9924
G01 X15.7102 Y39.9872
G01 X15.7129 Y39.9817
G01 X15.7158 Y39.9724
G01 X15.7167 Y39.9626
G01 X15.7167 Y30.7416
G01 X15.7157 Y30.7317
G01 X15.7141 Y30.7258
G01 X15.7123 Y30.7211
G01 X15.7074 Y30.7125
G01 X15.7009 Y30.7051
G01 X15.6930 Y30.6991
G01 X15.6875 Y30.6961
G01 X15.6621 Y30.6845
G01 X15.5900 Y30.6542
G01 X15.5785 Y30.6471
G01 X15.5625 Y30.6403
G01 X15.5098 Y30.6045
G01 X15.4678 Y30.5790
G01 X15.4583 Y30.5700
G01 X15.4422 Y30.5589
G01 X15.4028 Y30.5241
G01 X15.3678 Y30.4939
G01 X15.3493 Y30.4756
G01 X15.3344 Y30.4632
G01 X15.3211 Y30.4472
G01 X12.7904 Y27.9176
G01 X12.7866 Y27.9122
G01 X12.7446 Y27.8602
G01 X12.7009 Y27.8082
G01 X12.6877 Y27.7894
G01 X12.6567 Y27.7350
G01 X12.6259 Y27.6833
G01 X12.6211 Y27.6717
G01 X12.6155 Y27.6613
G01 X12.5943 Y27.6035
G01 X12.5727 Y27.5507
G01 X12.5694 Y27.5364
G01 X12.5638 Y27.5228
G01 X12.5518 Y27.4619
G01 X12.5380 Y27.4030
G01 X12.5355 Y27.3820
G01 X12.5287 Y27.2759
G01 X12.5287 Y27.2632
G01 X12.5269 Y27.2303
G01 X12.5285 Y27.2176
G01 X12.5287 Y27.2126
G01 X12.5287 Y24.1396
G01 X12.5280 Y24.1311
G01 X12.5254 Y24.1216
G01 X12.5210 Y24.1128
G01 X12.5174 Y24.1079
G01 X12.5141 Y24.1042
G01 X10.6431 Y22.2342
G01 X10.6352 Y22.2276
G01 X10.6315 Y22.2228
G01 X10.6272 Y22.2184
G01 X10.6030 Y22.1874
G01 X10.5424 Y22.1153
G01 X10.5350 Y22.1033
G01 X10.5270 Y22.0931
G01 X10.4660 Y21.9909
G01 X10.4592 Y21.9728
G01 X10.4524 Y21.9603
G01 X10.4340 Y21.9106
G01 X10.4103 Y21.8530
G01 X10.4066 Y21.8382
G01 X10.4010 Y21.8223
G01 X10.3877 Y21.7558
G01 X10.3771 Y21.7103
G01 X10.3753 Y21.6931
G01 X10.3725 Y21.6755
G01 X10.3697 Y21.6143
G01 X10.3667 Y21.5785
G01 X10.3667 Y21.5631
G01 X10.3648 Y21.5313
G01 X10.3664 Y21.5205
G01 X10.3667 Y21.5146
G01 X10.3667 Y10.4036
G01 X10.3658 Y10.3938
G01 X10.3638 Y10.3868
G01 X10.3602 Y10.3790
G01 X10.3554 Y10.3719
G01 X10.3494 Y10.3657
G01 X10.3435 Y10.3614
G01 X10.3359 Y10.3574
G01 X10.3277 Y10.3548
G01 X10.3192 Y10.3537
G01 X9.0057 Y10.3536
G01 X8.9846 Y10.3546
G01 X8.8381 Y10.3401
G01 X8.8273 Y10.3379
G01 X8.7920 Y10.3281
G01 X8.6964 Y10.3040
G01 X8.6628 Y10.2899
G01 X8.6001 Y10.2620
G01 X8.5614 Y10.2444
G01 X8.5528 Y10.2393
G01 X8.5396 Y10.2332
G01 X8.4409 Y10.1692
G01 X8.4285 Y10.1580
G01 X8.4215 Y10.1532
G01 X8.3216 Y10.0639
G01 X8.3127 Y10.0565
G01 X8.2401 Y9.9647
G01 X8.2223 Y9.9417
G01 X8.1738 Y9.8593
G01 X8.1562 Y9.8302
G01 X8.1519 Y9.8211
G01 X8.1442 Y9.8081
G01 X8.1165 Y9.7310
G01 X8.1002 Y9.6925
G01 X8.0944 Y9.6700
G01 X8.0932 Y9.6635
G01 X8.0906 Y9.6557
G00 Z2.0000
G00 X9.3697 Y14.0162
G01 F60.00
G01 Z0.0000
G01 F60.00
G01 X9.3697 Y14.8700
G01 X9.1501 Y15.6873
G01 X8.7247 Y16.4239
G01 X8.1240 Y17.0246
G01 X7.3874 Y17.4500
G01 X6.5701 Y17.6696
G01 X5.7163 Y17.6696
G01 X4.8990 Y17.4500
G01 X4.1624 Y17.0246
G01 X3.5617 Y16.4239
G01 X3.1363 Y15.6873
G01 X2.9177 Y14.8700
G01 X2.9177 Y14.0162
G01 X3.1363 Y13.1989
G01 X3.5617 Y12.4623
G01 X4.1624 Y11.8616
G01 X4.8990 Y11.4362
G01 X5.7163 Y11.2166
G01 X6.5701 Y11.2166
G01 X7.3874 Y11.4362
G01 X8.1240 Y11.8616
G01 X8.7247 Y12.4623
G01 X9.1501 Y13.1989
G01 X9.3697 Y14.0162
G00 Z2.0000
G00 X14.5749 Y13.1477
G01 F60.00
G01 Z0.0000
G01 F60.00
G01 X14.5803 Y13.1390
G01 X14.5865 Y13.1304
G01 X14.5930 Y13.1225
G01 X14.5997 Y13.1153
G01 X14.6072 Y13.1083
G01 X14.6151 Y13.1018
G01 X14.6237 Y13.0956
G01 X14.6324 Y13.0902
G01 X14.6414 Y13.0853
G01 X14.6506 Y13.0811
G01 X14.6603 Y13.0774
G01 X14.6705 Y13.0743
G01 X14.6801 Y13.0720
G01 X14.6899 Y13.0703
G01 X14.7003 Y13.0691
G01 X14.7103 Y13.0687
G01 X15.4947 Y13.0687
G01 X15.5065 Y13.0691
G01 X15.5241 Y13.0714
G01 X15.5330 Y13.0734
G01 X15.5414 Y13.0757
G01 X15.5575 Y13.0817
G01 X15.5655 Y13.0853
G01 X15.5739 Y13.0899
G01 X15.5818 Y13.0947
G01 X15.5890 Y13.0997
G01 X15.6026 Y13.1110
G01 X15.6091 Y13.1174
G01 X15.6150 Y13.1239
G01 X15.6258 Y13.1379
G01 X15.6317 Y13.1472
G01 X15.6370 Y13.1571
G01 X15.6415 Y13.1670
G01 X15.6455 Y13.1778
G01 X15.6486 Y13.1887
G01 X15.6509 Y13.1995
G01 X15.6525 Y13.2102
G01 X15.6533 Y13.2222
G01 X15.6537 Y13.9638
G01 X17.1147 Y15.4247
G01 X17.1501 Y15.4638
G01 X17.1822 Y15.5072
G01 X17.2100 Y15.5535
G01 X17.2340 Y15.6046
G01 X17.2513 Y15.6532
G01 X17.2644 Y15.7056
G01 X17.2723 Y15.7590
G01 X17.2750 Y15.8117
G01 X17.2750 Y17.6101
G01 X18.3011 Y18.6362
G01 X18.6842 Y18.2531
G01 X18.7262 Y18.2153
G01 X18.7676 Y18.1847
G01 X18.8118 Y18.1581
G01 X18.8627 Y18.1338
G01 X18.9136 Y18.1156
G01 X18.9636 Y18.1031
G01 X19.0206 Y18.0945
G01 X19.0733 Y18.0920
G01 X19.1248 Y18.0944
G01 X19.1807 Y18.1025
G01 X19.2354 Y18.1164
G01 X19.2839 Y18.1338
G01 X19.3305 Y18.1558
G01 X19.3810 Y18.1861
G01 X19.4224 Y18.2169
G01 X19.4606 Y18.2514
G01 X19.4987 Y18.2931
G01 X19.5294 Y18.3345
G01 X19.5342 Y18.3421
G01 X20.5027 Y18.3421
G01 X20.5037 Y18.3324
G01 X20.5065 Y18.3231
G01 X20.5111 Y18.3144
G01 X20.5174 Y18.3068
G01 X20.5249 Y18.3006
G01 X20.5336 Y18.2960
G01 X20.5418 Y18.2934
G01 X20.5515 Y18.2922
G01 X22.5064 Y18.2923
G01 X22.5161 Y18.2940
G01 X22.5241 Y18.2970
G01 X22.5325 Y18.3020
G01 X22.5389 Y18.3077
G01 X22.5450 Y18.3155
G01 X22.5489 Y18.3231
G01 X22.5515 Y18.3312
G01 X22.5527 Y18.3397
G01 X22.5527 Y18.9434
G01 X22.5520 Y18.9508
G01 X22.5502 Y18.9579
G01 X22.5474 Y18.9647
G01 X22.5429 Y18.9720
G01 X22.5389 Y18.9767
G01 X22.5344 Y18.9809
G01 X22.5295 Y18.9844
G01 X22.5252 Y18.9869
G01 X22.5196 Y18.9893
G01 X22.5137 Y18.9910
G01 X22.5076 Y18.9920
G01 X22.5027 Y18.9922
G01 X20.5527 Y18.9922
G01 X20.5430 Y18.9912
G01 X20.5336 Y18.9884
G01 X20.5249 Y18.9838
G01 X20.5174 Y18.9776
G01 X20.5111 Y18.9700
G01 X20.5065 Y18.9613
G01 X20.5037 Y18.9520
G01 X20.5027 Y18.9423
G01 X19.5342 Y18.9423
G01 X19.5294 Y18.9499
G01 X19.4987 Y18.9913
G01 X19.4624 Y19.0313
G01 X18.7384 Y19.7553
G01 X18.6965 Y19.7931
G01 X18.6550 Y19.8237
G01 X18.6098 Y19.8509
G01 X18.5576 Y19.8755
G01 X18.5090 Y19.8928
G01 X18.4555 Y19.9061
G01 X18.4008 Y19.9140
G01 X18.3505 Y19.9164
G01 X18.2505 Y19.9164
G01 X18.1990 Y19.9138
G01 X18.1480 Y19.9063
G01 X18.0932 Y19.8928
G01 X18.0423 Y19.8746
G01 X17.9957 Y19.8526
G01 X17.9452 Y19.8223
G01 X17.9038 Y19.7916
G01 X17.8638 Y19.7553
G01 X16.3356 Y18.2271
G01 X16.2994 Y18.1871
G01 X16.2686 Y18.1457
G01 X16.2389 Y18.0963
G01 X16.2155 Y18.0463
G01 X16.1982 Y17.9977
G01 X16.1856 Y17.9477
G01 X16.1771 Y17.8919
G01 X16.1745 Y17.8392
G01 X16.1745 Y16.0409
G01 X14.7522 Y14.6187
G01 X14.7089 Y14.6187
G01 X14.6996 Y14.6182
G01 X14.6909 Y14.6173
G01 X14.6794 Y14.6153
G01 X14.6680 Y14.6125
G01 X14.6571 Y14.6089
G01 X14.6463 Y14.6044
G01 X14.6349 Y14.5986
G01 X14.6240 Y14.5920
G01 X14.6142 Y14.5849
G01 X14.6042 Y14.5764
G01 X14.5953 Y14.5674
G01 X14.5871 Y14.5578
G01 X14.5797 Y14.5475
G01 X14.5732 Y14.5367
G01 X14.5687 Y14.5280
G01 X14.5649 Y14.5192
G01 X14.5615 Y14.5099
G01 X14.5587 Y14.5006
G01 X14.5565 Y14.4911
G01 X14.5549 Y14.4815
G01 X14.5539 Y14.4725
G01 X14.5534 Y14.4628
G01 X14.5532 Y14.1917
G01 X14.5534 Y13.2274
G01 X14.5538 Y13.2168
G01 X14.5548 Y13.2068
G01 X14.5565 Y13.1963
G01 X14.5589 Y13.1862
G01 X14.5618 Y13.1765
G01 X14.5656 Y13.1665
G01 X14.5699 Y13.1571
G01 X14.5749 Y13.1477
G00 Z2.0000
G00 X14.5749 Y16.9815
G01 F60.00
G01 Z0.0000
G01 F60.00
G01 X14.5797 Y16.9737
G01 X14.5854 Y16.9656
G01 X14.5914 Y16.9582
G01 X14.5978 Y16.9512
G01 X14.6047 Y16.9444
G01 X14.6120 Y16.9381
G01 X14.6193 Y16.9325
G01 X14.6271 Y16.9272
G01 X14.6354 Y16.9223
G01 X14.6435 Y16.9181
G01 X14.6517 Y16.9145
G01 X14.6613 Y16.9109
G01 X14.6705 Y16.9081
G01 X14.6794 Y16.9059
G01 X14.6882 Y16.9043
G01 X14.6984 Y16.9031
G01 X14.7121 Y16.9025
G01 X15.4947 Y16.9025
G01 X15.5053 Y16.9029
G01 X15.5153 Y16.9038
G01 X15.5258 Y16.9056
G01 X15.5360 Y16.9080
G01 X15.5456 Y16.9109
G01 X15.5556 Y16.9146
G01 X15.5651 Y16.9189
G01 X15.5745 Y16.9240
G01 X15.5831 Y16.9294
G01 X15.5917 Y16.9356
G01 X15.6000 Y16.9424
G01 X15.6072 Y16.9492
G01 X15.6138 Y16.9563
G01 X15.6206 Y16.9646
G01 X15.6267 Y16.9731
G01 X15.6323 Y16.9820
G01 X15.6370 Y16.9909
G01 X15.6413 Y17.0003
G01 X15.6450 Y17.0103
G01 X15.6480 Y17.0200
G01 X15.6503 Y17.0301
G01 X15.6520 Y17.0400
G01 X15.6530 Y17.0497
G01 X15.6534 Y17.0601
G01 X15.6537 Y19.9732
G01 X17.1513 Y21.4709
G01 X17.9539 Y21.4709
G01 X18.6317 Y20.7930
G01 X18.6727 Y20.7560
G01 X18.7151 Y20.7246
G01 X18.7614 Y20.6968
G01 X18.8102 Y20.6737
G01 X18.8588 Y20.6563
G01 X18.9159 Y20.6420
G01 X18.9669 Y20.6345
G01 X19.0208 Y20.6319
G01 X19.0748 Y20.6345
G01 X19.1306 Y20.6430
G01 X19.1805 Y20.6555
G01 X19.2291 Y20.6729
G01 X19.2802 Y20.6968
G01 X19.3285 Y20.7260
G01 X19.3699 Y20.7568
G01 X19.4081 Y20.7913
G01 X19.4462 Y20.8330
G01 X19.4769 Y20.8744
G01 X19.4818 Y20.8821
G01 X20.5027 Y20.8821
G01 X20.5037 Y20.8724
G01 X20.5065 Y20.8631
G01 X20.5111 Y20.8544
G01 X20.5174 Y20.8468
G01 X20.5249 Y20.8406
G01 X20.5336 Y20.8360
G01 X20.5418 Y20.8334
G01 X20.5515 Y20.8322
G01 X22.5027 Y20.8322
G01 X22.5088 Y20.8326
G01 X22.5149 Y20.8337
G01 X22.5219 Y20.8360
G01 X22.5295 Y20.8400
G01 X22.5363 Y20.8452
G01 X22.5414 Y20.8505
G01 X22.5456 Y20.8565
G01 X22.5494 Y20.8642
G01 X22.5515 Y20.8712
G01 X22.5527 Y20.8797
G01 X22.5527 Y21.4822
G01 X22.5522 Y21.4895
G01 X22.5509 Y21.4955
G01 X22.5489 Y21.5013
G01 X22.5462 Y21.5068
G01 X22.5429 Y21.5120
G01 X22.5389 Y21.5167
G01 X22.5344 Y21.5209
G01 X22.5284 Y21.5251
G01 X22.5230 Y21.5279
G01 X22.5172 Y21.5301
G01 X22.5101 Y21.5317
G01 X22.5039 Y21.5322
G01 X20.5527 Y21.5322
G01 X20.5430 Y21.5312
G01 X20.5336 Y21.5284
G01 X20.5249 Y21.5238
G01 X20.5174 Y21.5176
G01 X20.5111 Y21.5100
G01 X20.5065 Y21.5013
G01 X20.5037 Y21.4920
G01 X20.5027 Y21.4823
G01 X19.4817 Y21.4823
G01 X19.4769 Y21.4898
G01 X19.4462 Y21.5312
G01 X19.4099 Y21.5712
G01 X18.5700 Y22.4110
G01 X18.5309 Y22.4465
G01 X18.4875 Y22.4786
G01 X18.4412 Y22.5064
G01 X18.3901 Y22.5304
G01 X18.3415 Y22.5477
G01 X18.2892 Y22.5608
G01 X18.2358 Y22.5687
G01 X18.1830 Y22.5713
G01 X16.9222 Y22.5713
G01 X16.8670 Y22.5684
G01 X16.8161 Y22.5608
G01 X16.7661 Y22.5483
G01 X16.7128 Y22.5295
G01 X16.6630 Y22.5058
G01 X16.6177 Y22.4786
G01 X16.5763 Y22.4480
G01 X16.5343 Y22.4102
G01 X14.7143 Y20.5902
G01 X14.6781 Y20.5502
G01 X14.6459 Y20.5068
G01 X14.6181 Y20.4605
G01 X14.5946 Y20.4105
G01 X14.5769 Y20.3608
G01 X14.5637 Y20.3085
G01 X14.5558 Y20.2550
G01 X14.5532 Y20.2011
G01 X14.5534 Y17.0601
G01 X14.5538 Y17.0497
G01 X14.5549 Y17.0397
G01 X14.5566 Y17.0295
G01 X14.5590 Y17.0196
G01 X14.5621 Y17.0094
G01 X14.5658 Y16.9997
G01 X14.5701 Y16.9904
G01 X14.5749 Y16.9815
G00 Z2.0000
G00 X17.7879 Y20.1973
G01 F60.00
G01 Z0.0000
G01 F60.00
G01 X17.8023 Y20.2045
G01 X17.8149 Y20.2117
G01 X17.8881 Y20.2425
G01 X17.9244 Y20.2593
G01 X17.9417 Y20.2649
G01 X17.9554 Y20.2712
G01 X18.0448 Y20.2931
G01 X18.0687 Y20.3001
G01 X18.0822 Y20.3013
G01 X18.0980 Y20.3051
G01 X18.2200 Y20.3158
G01 X18.4120 Y20.3287
G01 X18.4181 Y20.3295
G01 X18.4229 Y20.3307
G01 X18.4320 Y20.3344
G01 X18.4402 Y20.3398
G01 X18.4472 Y20.3467
G01 X18.4527 Y20.3549
G01 X18.4565 Y20.3639
G01 X18.4585 Y20.3736
G01 X18.4585 Y20.3834
G01 X18.4566 Y20.3930
G01 X18.4545 Y20.3988
G01 X18.4516 Y20.4043
G01 X18.4481 Y20.4093
G01 X18.4441 Y20.4140
G01 X18.0831 Y20.7760
G01 X17.8021 Y21.0570
G01 X17.7975 Y21.0610
G01 X17.7924 Y21.0645
G01 X17.7859 Y21.0678
G01 X17.7801 Y21.0698
G01 X17.7741 Y21.0711
G01 X17.7667 Y21.0716
G01 X17.3385 Y21.0716
G01 X17.3324 Y21.0711
G01 X17.3264 Y21.0698
G01 X17.3206 Y21.0678
G01 X17.3162 Y21.0657
G01 X17.3099 Y21.0618
G01 X17.3044 Y21.0570
G01 X16.0684 Y19.8220
G01 X16.0628 Y19.8154
G01 X16.0591 Y19.8091
G01 X16.0571 Y19.8046
G01 X16.0552 Y19.7988
G01 X16.0541 Y19.7927
G01 X16.0537 Y19.7866
G01 X16.0537 Y18.6316
G01 X16.0547 Y18.6218
G01 X16.0575 Y18.6125
G01 X16.0621 Y18.6038
G01 X16.0675 Y18.5971
G01 X16.0749 Y18.5907
G01 X16.0835 Y18.5859
G01 X16.0928 Y18.5828
G01 X16.1025 Y18.5816
G01 X16.1123 Y18.5823
G01 X16.1217 Y18.5850
G01 X16.1305 Y18.5894
G01 X16.1382 Y18.5954
G01 X17.5411 Y19.9982
G01 X17.5585 Y20.0186
G01 X17.5829 Y20.0402
G01 X17.5910 Y20.0481
G01 X17.6694 Y20.1180
G01 X17.6784 Y20.1241
G01 X17.6880 Y20.1326
G01 X17.7414 Y20.1663
G01 X17.7879 Y20.1973
G00 Z2.0000
G00 X19.1919 Y20.2477
G01 F60.00
G01 Z0.0000
G01 F60.00
G01 X18.9577 Y20.2192
G01 X18.9481 Y20.2171
G01 X18.9392 Y20.2132
G01 X18.9311 Y20.2075
G01 X18.9244 Y20.2004
G01 X18.9191 Y20.1922
G01 X18.9155 Y20.1830
G01 X18.9139 Y20.1734
G01 X18.9141 Y20.1636
G01 X18.9162 Y20.1540
G01 X18.9185 Y20.1483
G01 X18.9214 Y20.1429
G01 X18.9243 Y20.1389
G01 X18.9283 Y20.1343
G01 X19.7033 Y19.3573
G01 X19.7109 Y19.3511
G01 X19.7173 Y19.3474
G01 X19.7242 Y19.3448
G01 X19.7302 Y19.3433
G01 X19.7375 Y19.3426
G01 X20.0539 Y19.3426
G01 X20.0637 Y19.3438
G01 X20.0719 Y19.3464
G01 X20.0805 Y19.3510
G01 X20.0881 Y19.3572
G01 X20.0943 Y19.3648
G01 X20.0989 Y19.3735
G01 X20.1018 Y19.3828
G01 X20.1027 Y19.3926
G01 X20.1027 Y20.4338
G01 X20.1015 Y20.4436
G01 X20.0989 Y20.4517
G01 X20.0943 Y20.4604
G01 X20.0881 Y20.4680
G01 X20.0805 Y20.4742
G01 X20.0719 Y20.4788
G01 X20.0637 Y20.4814
G01 X20.0539 Y20.4826
G01 X19.6797 Y20.4826
G01 X19.6736 Y20.4822
G01 X19.6675 Y20.4811
G01 X19.6583 Y20.4778
G01 X19.6529 Y20.4748
G01 X19.6489 Y20.4720
G01 X19.5942 Y20.4225
G01 X19.4739 Y20.3457
G01 X19.3430 Y20.2869
G01 X19.2000 Y20.2493
G01 X19.1919 Y20.2477
G00 Z2.0000
G00 X22.5027 Y19.5622
G01 F60.00
G01 Z0.0000
G01 F60.00
G01 X22.5113 Y19.5629
G01 X22.5207 Y19.5656
G01 X22.5295 Y19.5700
G01 X22.5372 Y19.5760
G01 X22.5436 Y19.5834
G01 X22.5484 Y19.5919
G01 X22.5515 Y19.6012
G01 X22.5527 Y19.6110
G01 X22.5527 Y20.2147
G01 X22.5518 Y20.2220
G01 X22.5498 Y20.2290
G01 X22.5468 Y20.2358
G01 X22.5429 Y20.2420
G01 X22.5381 Y20.2476
G01 X22.5325 Y20.2524
G01 X22.5252 Y20.2569
G01 X22.5184 Y20.2597
G01 X22.5101 Y20.2617
G01 X22.5027 Y20.2622
G01 X20.5515 Y20.2622
G01 X20.5442 Y20.2615
G01 X20.5370 Y20.2597
G01 X20.5302 Y20.2569
G01 X20.5229 Y20.2524
G01 X20.5174 Y20.2476
G01 X20.5126 Y20.2420
G01 X20.5081 Y20.2347
G01 X20.5052 Y20.2279
G01 X20.5033 Y20.2195
G01 X20.5027 Y20.2122
G01 X20.5028 Y19.6097
G01 X20.5037 Y19.6024
G01 X20.5056 Y19.5954
G01 X20.5086 Y19.5886
G01 X20.5126 Y19.5824
G01 X20.5174 Y19.5768
G01 X20.5229 Y19.5720
G01 X20.5302 Y19.5675
G01 X20.5370 Y19.5647
G01 X20.5454 Y19.5627
G01 X20.5527 Y19.5622
G01 X22.5027 Y19.5622
G00 Z2.0000
G00 X24.5547 Y16.6754
G01 F60.00
G01 Z0.0000
G01 F60.00
G01 X24.6382 Y16.7130
G01 X24.7041 Y16.7432
G01 X24.7783 Y16.7544
G01 X24.7939 Y16.7574
G01 X24.8530 Y16.7676
G01 X25.0027 Y16.7676
G01 X25.0113 Y16.7683
G01 X25.0172 Y16.7698
G01 X25.0230 Y16.7719
G01 X25.0295 Y16.7754
G01 X25.0344 Y16.7790
G01 X25.0398 Y16.7840
G01 X25.0436 Y16.7888
G01 X25.0468 Y16.7940
G01 X25.0494 Y16.7996
G01 X25.0520 Y16.8091
G01 X25.0527 Y16.8176
G01 X25.0527 Y17.8856
G01 X25.0523 Y17.8918
G01 X25.0512 Y17.8979
G01 X25.0493 Y17.9037
G01 X25.0467 Y17.9094
G01 X25.0412 Y17.9175
G01 X25.0378 Y17.9212
G01 X25.0332 Y17.9253
G01 X25.0248 Y17.9305
G01 X25.0155 Y17.9339
G01 X24.9197 Y17.9520
G01 X24.8775 Y17.9567
G01 X24.8655 Y17.9604
G01 X24.8387 Y17.9650
G01 X24.7738 Y17.9922
G01 X24.7352 Y18.0060
G01 X24.7154 Y18.0176
G01 X24.6930 Y18.0267
G01 X24.6561 Y18.0534
G01 X24.6032 Y18.0847
G01 X24.5756 Y18.1114
G01 X24.5626 Y18.1215
G01 X23.0372 Y19.6468
G01 X23.0315 Y19.6515
G01 X23.0252 Y19.6553
G01 X23.0172 Y19.6584
G01 X23.0101 Y19.6601
G01 X23.0015 Y19.6606
G01 X22.9942 Y19.6599
G01 X22.9870 Y19.6581
G01 X22.9791 Y19.6547
G01 X22.9739 Y19.6515
G01 X22.9682 Y19.6468
G01 X22.9633 Y19.6414
G01 X22.9598 Y19.6363
G01 X22.9565 Y19.6297
G01 X22.9545 Y19.6239
G01 X22.9533 Y19.6179
G01 X22.9527 Y19.6106
G01 X22.9527 Y15.2156
G01 X22.9537 Y15.2058
G01 X22.9565 Y15.1965
G01 X22.9605 Y15.1889
G01 X22.9665 Y15.1811
G01 X22.9739 Y15.1747
G01 X22.9825 Y15.1699
G01 X22.9918 Y15.1668
G01 X23.0015 Y15.1656
G01 X23.0113 Y15.1663
G01 X23.0207 Y15.1690
G01 X23.0295 Y15.1734
G01 X23.0372 Y15.1794
G01 X24.4001 Y16.5422
G01 X24.4335 Y16.5813
G01 X24.5547 Y16.6754
G00 Z2.0000
G00 X22.5027 Y15.7522
G01 F60.00
G01 Z0.0000
G01 F60.00
G01 X22.5125 Y15.7532
G01 X22.5207 Y15.7556
G01 X22.5295 Y15.7600
G01 X22.5372 Y15.7660
G01 X22.5436 Y15.7734
G01 X22.5484 Y15.7819
G01 X22.5515 Y15.7912
G01 X22.5527 Y15.8010
G01 X22.5527 Y16.4047
G01 X22.5518 Y16.4120
G01 X22.5498 Y16.4190
G01 X22.5468 Y16.4258
G01 X22.5429 Y16.4320
G01 X22.5381 Y16.4376
G01 X22.5325 Y16.4424
G01 X22.5252 Y16.4469
G01 X22.5184 Y16.4497
G01 X22.5101 Y16.4517
G01 X22.5027 Y16.4522
G01 X20.5515 Y16.4522
G01 X20.5442 Y16.4515
G01 X20.5370 Y16.4497
G01 X20.5302 Y16.4469
G01 X20.5229 Y16.4424
G01 X20.5174 Y16.4376
G01 X20.5126 Y16.4320
G01 X20.5081 Y16.4247
G01 X20.5052 Y16.4179
G01 X20.5033 Y16.4095
G01 X20.5027 Y16.4022
G01 X20.5028 Y15.7997
G01 X20.5039 Y15.7912
G01 X20.5061 Y15.7842
G01 X20.5092 Y15.7776
G01 X20.5133 Y15.7714
G01 X20.5182 Y15.7660
G01 X20.5239 Y15.7613
G01 X20.5302 Y15.7575
G01 X20.5370 Y15.7547
G01 X20.5442 Y15.7529
G01 X20.5527 Y15.7522
G01 X22.5027 Y15.7522
G00 Z2.0000
G00 X22.5027 Y14.4822
G01 F60.00
G01 Z0.0000
G01 F60.00
G01 X22.5125 Y14.4832
G01 X22.5207 Y14.4856
G01 X22.5295 Y14.4900
G01 X22.5372 Y14.4960
G01 X22.5436 Y14.5034
G01 X22.5484 Y14.5119
G01 X22.5515 Y14.5212
G01 X22.5527 Y14.5310
G01 X22.5527 Y15.1347
G01 X22.5518 Y15.1420
G01 X22.5498 Y15.1490
G01 X22.5462 Y15.1568
G01 X22.5421 Y15.1630
G01 X22.5372 Y15.1684
G01 X22.5315 Y15.1731
G01 X22.5252 Y15.1769
G01 X22.5184 Y15.1797
G01 X22.5113 Y15.1815
G01 X22.5027 Y15.1822
G01 X20.5515 Y15.1822
G01 X20.5442 Y15.1815
G01 X20.5370 Y15.1797
G01 X20.5302 Y15.1769
G01 X20.5229 Y15.1724
G01 X20.5174 Y15.1676
G01 X20.5126 Y15.1620
G01 X20.5081 Y15.1547
G01 X20.5052 Y15.1479
G01 X20.5033 Y15.1395
G01 X20.5027 Y15.1322
G01 X20.5028 Y14.5297
G01 X20.5039 Y14.5212
G01 X20.5061 Y14.5142
G01 X20.5092 Y14.5076
G01 X20.5133 Y14.5014
G01 X20.5182 Y14.4960
G01 X20.5239 Y14.4913
G01 X20.5302 Y14.4875
G01 X20.5370 Y14.4847
G01 X20.5442 Y14.4829
G01 X20.5527 Y14.4822
G01 X22.5027 Y14.4822
G00 Z2.0000
G00 X22.5027 Y13.2122
G01 F60.00
G01 Z0.0000
G01 F60.00
G01 X22.5125 Y13.2132
G01 X22.5207 Y13.2156
G01 X22.5295 Y13.2200
G01 X22.5372 Y13.2260
G01 X22.5436 Y13.2334
G01 X22.5484 Y13.2419
G01 X22.5515 Y13.2512
G01 X22.5527 Y13.2610
G01 X22.5527 Y13.8647
G01 X22.5518 Y13.8720
G01 X22.5498 Y13.8790
G01 X22.5462 Y13.8868
G01 X22.5421 Y13.8930
G01 X22.5372 Y13.8984
G01 X22.5315 Y13.9031
G01 X22.5252 Y13.9069
G01 X22.5184 Y13.9097
G01 X22.5113 Y13.9115
G01 X22.5027 Y13.9122
G01 X20.5515 Y13.9122
G01 X20.5442 Y13.9115
G01 X20.5370 Y13.9097
G01 X20.5302 Y13.9069
G01 X20.5229 Y13.9024
G01 X20.5174 Y13.8976
G01 X20.5126 Y13.8920
G01 X20.5081 Y13.8847
G01 X20.5052 Y13.8779
G01 X20.5033 Y13.8695
G01 X20.5027 Y13.8622
G01 X20.5028 Y13.2597
G01 X20.5039 Y13.2512
G01 X20.5061 Y13.2442
G01 X20.5092 Y13.2376
G01 X20.5133 Y13.2314
G01 X20.5182 Y13.2260
G01 X20.5239 Y13.2213
G01 X20.5302 Y13.2175
G01 X20.5370 Y13.2147
G01 X20.5442 Y13.2129
G01 X20.5527 Y13.2122
G01 X22.5027 Y13.2122
G00 Z2.0000
G00 X22.5027 Y11.9422
G01 F60.00
G01 Z0.0000
G01 F60.00
G01 X22.5125 Y11.9432
G01 X22.5207 Y11.9456
G01 X22.5295 Y11.9500
G01 X22.5372 Y11.9560
G01 X22.5436 Y11.9634
G01 X22.5484 Y11.9719
G01 X22.5515 Y11.9812
G01 X22.5527 Y11.9910
G01 X22.5527 Y12.5947
G01 X22.5518 Y12.6020
G01 X22.5498 Y12.6090
G01 X22.5462 Y12.6168
G01 X22.5421 Y12.6230
G01 X22.5372 Y12.6284
G01 X22.5315 Y12.6331
G01 X22.5252 Y12.6369
G01 X22.5184 Y12.6397
G01 X22.5113 Y12.6415
G01 X22.5027 Y12.6422
G01 X20.5515 Y12.6422
G01 X20.5442 Y12.6415
G01 X20.5370 Y12.6397
G01 X20.5302 Y12.6369
G01 X20.5229 Y12.6324
G01 X20.5174 Y12.6276
G01 X20.5126 Y12.6220
G01 X20.5081 Y12.6147
G01 X20.5052 Y12.6079
G01 X20.5033 Y12.5995
G01 X20.5027 Y12.5922
G01 X20.5028 Y11.9897
G01 X20.5039 Y11.9812
G01 X20.5061 Y11.9742
G01 X20.5092 Y11.9676
G01 X20.5133 Y11.9614
G01 X20.5182 Y11.9560
G01 X20.5239 Y11.9513
G01 X20.5302 Y11.9475
G01 X20.5370 Y11.9447
G01 X20.5442 Y11.9429
G01 X20.5527 Y11.9422
G01 X22.5027 Y11.9422
G00 Z2.0000
G00 X27.5027 Y11.9921
G01 F60.00
G01 Z0.0000
G01 F60.00
G01 X34.9365 Y11.9921
G01 X34.1861 Y11.2417
G01 X34.1507 Y11.2026
G01 X34.1177 Y11.1583
G01 X34.0888 Y11.1098
G01 X34.0660 Y11.0609
G01 X34.0487 Y11.0123
G01 X34.0361 Y10.9623
G01 X34.0276 Y10.9065
G01 X34.0250 Y10.8526
G01 X34.0250 Y8.3346
G01 X34.0276 Y8.2819
G01 X34.0358 Y8.2273
G01 X34.0490 Y8.1749
G01 X34.0664 Y8.1264
G01 X34.0759 Y8.1059
G01 X34.0759 Y7.6681
G01 X34.0763 Y7.6574
G01 X34.0775 Y7.6467
G01 X34.0803 Y7.6319
G01 X34.0845 Y7.6174
G01 X34.0902 Y7.6031
G01 X34.0971 Y7.5897
G01 X34.1053 Y7.5770
G01 X34.1144 Y7.5653
G01 X34.1251 Y7.5541
G01 X34.1363 Y7.5443
G01 X34.1465 Y7.5369
G01 X34.1574 Y7.5303
G01 X34.1688 Y7.5245
G01 X34.1809 Y7.5196
G01 X34.1930 Y7.5158
G01 X34.2052 Y7.5129
G01 X34.2174 Y7.5111
G01 X34.2300 Y7.5103
G01 X35.0183 Y7.5102
G01 X35.0290 Y7.5106
G01 X35.0394 Y7.5118
G01 X35.0499 Y7.5136
G01 X35.0602 Y7.5161
G01 X35.0722 Y7.5200
G01 X35.0836 Y7.5247
G01 X35.0949 Y7.5305
G01 X35.1056 Y7.5371
G01 X35.1161 Y7.5448
G01 X35.1258 Y7.5532
G01 X35.1343 Y7.5618
G01 X35.1428 Y7.5719
G01 X35.1499 Y7.5818
G01 X35.1566 Y7.5931
G01 X35.1622 Y7.6043
G01 X35.1669 Y7.6162
G01 X35.1706 Y7.6283
G01 X35.1734 Y7.6407
G01 X35.1751 Y7.6530
G01 X35.1759 Y7.6657
G01 X35.1762 Y8.2852
G01 X35.1758 Y8.9080
G01 X35.1745 Y8.9230
G01 X35.1715 Y8.9385
G01 X35.1672 Y8.9533
G01 X35.1614 Y8.9679
G01 X35.1544 Y8.9813
G01 X35.1459 Y8.9943
G01 X35.1363 Y9.0064
G01 X35.1255 Y9.0175
G01 X35.1255 Y10.6247
G01 X36.4050 Y11.9042
G01 X36.9875 Y11.9042
G01 X36.9875 Y9.6544
G01 X36.9878 Y9.6495
G01 X36.9887 Y9.6434
G01 X36.9900 Y9.6387
G01 X36.9923 Y9.6330
G01 X36.9946 Y9.6287
G01 X36.9981 Y9.6236
G01 X37.0022 Y9.6190
G01 X37.0058 Y9.6158
G01 X37.0129 Y9.6109
G01 X37.0207 Y9.6073
G01 X37.0290 Y9.6051
G01 X37.0375 Y9.6044
G01 X39.1375 Y9.6044
G01 X39.1436 Y9.6048
G01 X39.1508 Y9.6062
G01 X39.1578 Y9.6087
G01 X39.1632 Y9.6115
G01 X39.1692 Y9.6158
G01 X39.1737 Y9.6199
G01 X39.1784 Y9.6256
G01 X39.1816 Y9.6308
G01 X39.1842 Y9.6364
G01 X39.1860 Y9.6423
G01 X39.1871 Y9.6483
G01 X39.1875 Y9.6544
G01 X39.1875 Y15.2544
G01 X39.1871 Y15.2605
G01 X39.1857 Y15.2677
G01 X39.1832 Y15.2747
G01 X39.1791 Y15.2822
G01 X39.1746 Y15.2880
G01 X39.1683 Y15.2938
G01 X39.1622 Y15.2979
G01 X39.1544 Y15.3015
G01 X39.1461 Y15.3037
G01 X39.1387 Y15.3044
G01 X37.0375 Y15.3044
G01 X37.0290 Y15.3037
G01 X37.0218 Y15.3019
G01 X37.0150 Y15.2991
G01 X37.0077 Y15.2946
G01 X37.0039 Y15.2915
G01 X36.9997 Y15.2871
G01 X36.9959 Y15.2822
G01 X36.9929 Y15.2769
G01 X36.9904 Y15.2712
G01 X36.9887 Y15.2654
G01 X36.9879 Y15.2605
G01 X36.9875 Y15.2544
G01 X36.9875 Y13.0047
G01 X36.1758 Y13.0046
G01 X36.1231 Y13.0020
G01 X36.0721 Y12.9945
G01 X36.0185 Y12.9813
G01 X35.9664 Y12.9628
G01 X35.9176 Y12.9397
G01 X35.8713 Y12.9119
G01 X35.8279 Y12.8798
G01 X35.7879 Y12.8435
G01 X35.5368 Y12.5923
G01 X27.5027 Y12.5923
G01 X27.5018 Y12.6020
G01 X27.4989 Y12.6113
G01 X27.4943 Y12.6200
G01 X27.4881 Y12.6276
G01 X27.4805 Y12.6338
G01 X27.4719 Y12.6384
G01 X27.4625 Y12.6412
G01 X27.4527 Y12.6422
G01 X25.5015 Y12.6422
G01 X25.4942 Y12.6415
G01 X25.4870 Y12.6397
G01 X25.4802 Y12.6369
G01 X25.4729 Y12.6324
G01 X25.4665 Y12.6267
G01 X25.4618 Y12.6210
G01 X25.4581 Y12.6147
G01 X25.4549 Y12.6067
G01 X25.4533 Y12.5995
G01 X25.4527 Y12.5922
G01 X25.4528 Y11.9897
G01 X25.4539 Y11.9812
G01 X25.4561 Y11.9742
G01 X25.4592 Y11.9676
G01 X25.4633 Y11.9614
G01 X25.4682 Y11.9560
G01 X25.4749 Y11.9506
G01 X25.4813 Y11.9470
G01 X25.4882 Y11.9444
G01 X25.4954 Y11.9427
G01 X25.5027 Y11.9422
G01 X27.4539 Y11.9422
G01 X27.4637 Y11.9434
G01 X27.4730 Y11.9465
G01 X27.4805 Y11.9506
G01 X27.4881 Y11.9568
G01 X27.4943 Y11.9644
G01 X27.4989 Y11.9731
G01 X27.5018 Y11.9824
G01 X27.5027 Y11.9921
G00 Z2.0000
G00 X27.5027 Y13.2621
G01 F60.00
G01 Z0.0000
G01 F60.00
G01 X28.8408 Y13.2621
G01 X28.8456 Y13.2545
G01 X28.8764 Y13.2131
G01 X28.9126 Y13.1731
G01 X28.9526 Y13.1369
G01 X28.9981 Y13.1034
G01 X29.0423 Y13.0769
G01 X29.0889 Y13.0548
G01 X29.1397 Y13.0364
G01 X29.1944 Y13.0225
G01 X29.2490 Y13.0145
G01 X29.3017 Y13.0120
G01 X30.0188 Y13.0120
G01 X30.0703 Y13.0146
G01 X30.1237 Y13.0225
G01 X30.1760 Y13.0356
G01 X30.2246 Y13.0530
G01 X30.2757 Y13.0769
G01 X30.3220 Y13.1047
G01 X30.3654 Y13.1369
G01 X30.4045 Y13.1723
G01 X31.1849 Y13.9526
G01 X31.2203 Y13.9917
G01 X31.2510 Y14.0331
G01 X31.2802 Y14.0814
G01 X31.3033 Y14.1302
G01 X31.3215 Y14.1811
G01 X31.3346 Y14.2335
G01 X31.3426 Y14.2881
G01 X31.3452 Y14.3408
G01 X31.3452 Y15.1049
G01 X31.3896 Y15.1049
G01 X31.3991 Y15.1053
G01 X31.4148 Y15.1071
G01 X31.4302 Y15.1105
G01 X31.4391 Y15.1132
G01 X31.4477 Y15.1164
G01 X31.4565 Y15.1202
G01 X31.4649 Y15.1245
G01 X31.4727 Y15.1291
G01 X31.4808 Y15.1345
G01 X31.4883 Y15.1402
G01 X31.4953 Y15.1462
G01 X32.7617 Y15.1466
G01 X32.8157 Y15.1492
G01 X32.8715 Y15.1577
G01 X32.9214 Y15.1702
G01 X32.9723 Y15.1884
G01 X33.0211 Y15.2115
G01 X33.0653 Y15.2380
G01 X33.1127 Y15.2731
G01 X33.1508 Y15.3077
G01 X34.5497 Y16.7066
G01 X34.5860 Y16.7466
G01 X34.6167 Y16.7880
G01 X34.6459 Y16.8363
G01 X34.6690 Y16.8851
G01 X34.6878 Y16.9383
G01 X34.7003 Y16.9884
G01 X34.7079 Y17.0393
G01 X34.7109 Y17.0945
G01 X34.7109 Y19.5657
G01 X36.0493 Y20.9042
G01 X36.9875 Y20.9042
G01 X36.9875 Y18.6544
G01 X36.9878 Y18.6495
G01 X36.9887 Y18.6434
G01 X36.9904 Y18.6376
G01 X36.9929 Y18.6319
G01 X36.9959 Y18.6266
G01 X36.9989 Y18.6227
G01 X37.0030 Y18.6182
G01 X37.0077 Y18.6142
G01 X37.0150 Y18.6097
G01 X37.0218 Y18.6069
G01 X37.0290 Y18.6051
G01 X37.0375 Y18.6044
G01 X39.1375 Y18.6044
G01 X39.1461 Y18.6051
G01 X39.1555 Y18.6078
G01 X39.1643 Y18.6122
G01 X39.1720 Y18.6182
G01 X39.1784 Y18.6256
G01 X39.1832 Y18.6341
G01 X39.1863 Y18.6434
G01 X39.1871 Y18.6483
G01 X39.1875 Y18.6544
G01 X39.1875 Y24.2570
G01 X42.9334 Y24.2570
G01 X42.9886 Y24.2597
G01 X43.0408 Y24.2675
G01 X43.0908 Y24.2800
G01 X43.1440 Y24.2988
G01 X43.1949 Y24.3231
G01 X43.2391 Y24.3497
G01 X43.2805 Y24.3803
G01 X43.3225 Y24.4181
G01 X43.7134 Y24.8090
G01 X43.7134 Y23.9417
G01 X43.6851 Y23.9160
G01 X43.6481 Y23.8750
G01 X43.6167 Y23.8326
G01 X43.5884 Y23.7852
G01 X43.5659 Y23.7375
G01 X43.5477 Y23.6866
G01 X43.5345 Y23.6343
G01 X43.5264 Y23.5784
G01 X43.5240 Y23.5269
G01 X43.5266 Y23.4730
G01 X43.5345 Y23.4196
G01 X43.5470 Y23.3695
G01 X43.5668 Y23.3141
G01 X43.5889 Y23.2675
G01 X43.6160 Y23.2222
G01 X43.6489 Y23.1778
G01 X43.6869 Y23.1361
G01 X43.7251 Y23.1016
G01 X43.7665 Y23.0708
G01 X43.8148 Y23.0416
G01 X43.8659 Y23.0177
G01 X43.9145 Y23.0003
G01 X43.9645 Y22.9878
G01 X44.0203 Y22.9793
G01 X44.0742 Y22.9767
G01 X44.2636 Y22.9767
G01 X44.3176 Y22.9793
G01 X44.3734 Y22.9878
G01 X44.4233 Y23.0003
G01 X44.4730 Y23.0181
G01 X44.5251 Y23.0428
G01 X44.5693 Y23.0694
G01 X44.6127 Y23.1016
G01 X44.6527 Y23.1378
G01 X44.6874 Y23.1760
G01 X44.7218 Y23.2222
G01 X44.7489 Y23.2675
G01 X44.7710 Y23.3141
G01 X44.7902 Y23.3672
G01 X44.8037 Y23.4220
G01 X44.8112 Y23.4730
G01 X44.8139 Y23.5257
G01 X44.8139 Y28.5559
G01 X44.8701 Y28.5560
G01 X44.8774 Y28.5569
G01 X44.8856 Y28.5593
G01 X44.8912 Y28.5618
G01 X44.8964 Y28.5650
G01 X44.9012 Y28.5689
G01 X44.9055 Y28.5733
G01 X44.9092 Y28.5781
G01 X44.9128 Y28.5845
G01 X44.9151 Y28.5902
G01 X44.9167 Y28.5962
G01 X44.9176 Y28.6059
G01 X44.9176 Y29.0858
G01 X45.5324 Y29.7005
G01 X45.5687 Y29.7405
G01 X45.6021 Y29.7860
G01 X45.6286 Y29.8302
G01 X45.6517 Y29.8790
G01 X45.6699 Y29.9299
G01 X45.6825 Y29.9799
G01 X45.6911 Y30.0381
G01 X45.6936 Y30.0896
G01 X45.6936 Y39.8312
G01 X45.7221 Y39.8312
G01 X45.7282 Y39.8316
G01 X45.7343 Y39.8327
G01 X45.7390 Y39.8341
G01 X45.7478 Y39.8383
G01 X45.7529 Y39.8418
G01 X45.7575 Y39.8458
G01 X45.7615 Y39.8504
G01 X45.7650 Y39.8555
G01 X45.7678 Y39.8609
G01 X45.7700 Y39.8667
G01 X45.7714 Y39.8727
G01 X45.7721 Y39.8787
G01 X45.7720 Y41.2649
G01 X45.7706 Y41.2734
G01 X45.7678 Y41.2815
G01 X45.7630 Y41.2900
G01 X45.7575 Y41.2966
G01 X45.7509 Y41.3021
G01 X45.7424 Y41.3069
G01 X45.7331 Y41.3100
G01 X45.7246 Y41.3111
G01 X44.6184 Y41.3111
G01 X44.6112 Y41.3100
G01 X44.6041 Y41.3079
G01 X44.5975 Y41.3047
G01 X44.5904 Y41.2999
G01 X44.5851 Y41.2948
G01 X44.5805 Y41.2890
G01 X44.5764 Y41.2815
G01 X44.5739 Y41.2745
G01 X44.5727 Y41.2685
G01 X44.5721 Y41.2624
G01 X44.5721 Y41.1503
G01 X44.0168 Y41.1503
G01 X44.9103 Y42.0438
G01 X44.9458 Y42.0829
G01 X44.9779 Y42.1263
G01 X45.0057 Y42.1726
G01 X45.0297 Y42.2237
G01 X45.0470 Y42.2723
G01 X45.0601 Y42.3246
G01 X45.0680 Y42.3781
G01 X45.0707 Y42.4308
G01 X45.0707 Y44.0049
G01 X46.6136 Y45.5478
G01 X48.6064 Y45.5478
G01 X48.6125 Y45.5482
G01 X48.6174 Y45.5490
G01 X48.6233 Y45.5507
G01 X48.6289 Y45.5531
G01 X48.6342 Y45.5562
G01 X48.6381 Y45.5591
G01 X48.6418 Y45.5624
G01 X48.6458 Y45.5670
G01 X48.6499 Y45.5732
G01 X48.6535 Y45.5810
G01 X48.6557 Y45.5892
G01 X48.6564 Y45.5978
G01 X48.6564 Y47.0978
G01 X48.6560 Y47.1039
G01 X48.6546 Y47.1111
G01 X48.6526 Y47.1169
G01 X48.6499 Y47.1224
G01 X48.6466 Y47.1276
G01 X48.6426 Y47.1323
G01 X48.6381 Y47.1364
G01 X48.6332 Y47.1400
G01 X48.6267 Y47.1435
G01 X48.6198 Y47.1460
G01 X48.6125 Y47.1474
G01 X48.6064 Y47.1478
G01 X46.6064 Y47.1478
G01 X46.6003 Y47.1474
G01 X46.5943 Y47.1463
G01 X46.5884 Y47.1444
G01 X46.5828 Y47.1419
G01 X46.5776 Y47.1387
G01 X46.5728 Y47.1348
G01 X46.5686 Y47.1305
G01 X46.5648 Y47.1256
G01 X46.5618 Y47.1203
G01 X46.5593 Y47.1146
G01 X46.5576 Y47.1088
G01 X46.5567 Y47.1027
G01 X46.5564 Y46.8917
G01 X46.5269 Y46.8872
G01 X46.4745 Y46.8740
G01 X46.4248 Y46.8562
G01 X46.3771 Y46.8336
G01 X46.3277 Y46.8039
G01 X46.2863 Y46.7732
G01 X46.2472 Y46.7377
G01 X44.2925 Y44.7831
G01 X43.6377 Y44.7831
G01 X43.6336 Y44.7873
G01 X43.6298 Y44.7904
G01 X43.6247 Y44.7937
G01 X43.6203 Y44.7959
G01 X43.6110 Y44.7990
G01 X43.6061 Y44.7998
G01 X43.6000 Y44.8002
G01 X42.2163 Y44.8001
G01 X42.2091 Y44.7990
G01 X42.2020 Y44.7969
G01 X42.1954 Y44.7937
G01 X42.1883 Y44.7889
G01 X42.1830 Y44.7838
G01 X42.1784 Y44.7780
G01 X42.1748 Y44.7716
G01 X42.1722 Y44.7647
G01 X42.1708 Y44.7588
G01 X42.1700 Y44.7514
G01 X42.1700 Y44.6469
G01 X40.2016 Y44.6469
G01 X40.1891 Y44.6507
G01 X40.1765 Y44.6535
G01 X40.1639 Y44.6553
G01 X40.1506 Y44.6560
G01 X39.5322 Y44.6563
G01 X38.9148 Y44.6560
G01 X38.9012 Y44.6553
G01 X38.8880 Y44.6535
G01 X38.8753 Y44.6507
G01 X38.8625 Y44.6468
G01 X38.2796 Y44.6468
G01 X37.4886 Y45.4378
G01 X37.4495 Y45.4733
G01 X37.4031 Y45.5075
G01 X37.3589 Y45.5340
G01 X37.3123 Y45.5561
G01 X37.2592 Y45.5753
G01 X37.2057 Y45.5886
G01 X37.1535 Y45.5963
G01 X37.0995 Y45.5990
G01 X34.1654 Y45.5989
G01 X34.1127 Y45.5963
G01 X34.0581 Y45.5881
G01 X34.0057 Y45.5749
G01 X33.9572 Y45.5575
G01 X33.9382 Y45.5487
G01 X33.1654 Y45.5487
G01 X33.1593 Y45.5482
G01 X33.1533 Y45.5469
G01 X33.1475 Y45.5449
G01 X33.1420 Y45.5422
G01 X33.1368 Y45.5389
G01 X33.1321 Y45.5349
G01 X33.1280 Y45.5304
G01 X33.1244 Y45.5255
G01 X33.1209 Y45.5190
G01 X33.1188 Y45.5132
G01 X33.1172 Y45.5060
G01 X33.1166 Y45.4987
G01 X33.1166 Y44.5975
G01 X33.1174 Y44.5902
G01 X33.1191 Y44.5830
G01 X33.1220 Y44.5762
G01 X33.1257 Y44.5699
G01 X33.1296 Y44.5651
G01 X33.1349 Y44.5601
G01 X33.1409 Y44.5558
G01 X33.1475 Y44.5525
G01 X33.1569 Y44.5497
G01 X33.1666 Y44.5487
G01 X33.9382 Y44.5487
G01 X33.9572 Y44.5399
G01 X34.0057 Y44.5225
G01 X34.0581 Y44.5093
G01 X34.1127 Y44.5011
G01 X34.1654 Y44.4985
G01 X36.8716 Y44.4985
G01 X37.6626 Y43.7074
G01 X37.7017 Y43.6719
G01 X37.7481 Y43.6377
G01 X37.7923 Y43.6112
G01 X37.8389 Y43.5891
G01 X37.8920 Y43.5699
G01 X37.9456 Y43.5566
G01 X37.9978 Y43.5489
G01 X38.0517 Y43.5463
G01 X42.8076 Y43.5464
G01 X42.8604 Y43.5490
G01 X42.9150 Y43.5572
G01 X42.9673 Y43.5704
G01 X43.0158 Y43.5878
G01 X43.0424 Y43.6002
G01 X43.6000 Y43.6002
G01 X43.6061 Y43.6006
G01 X43.6110 Y43.6014
G01 X43.6169 Y43.6031
G01 X43.6225 Y43.6055
G01 X43.6278 Y43.6086
G01 X43.6327 Y43.6123
G01 X43.6371 Y43.6166
G01 X43.6409 Y43.6214
G01 X43.6441 Y43.6266
G01 X43.6479 Y43.6357
G01 X43.6498 Y43.6453
G01 X43.6500 Y43.6826
G01 X43.9702 Y43.6826
G01 X43.9702 Y42.6599
G01 X42.6602 Y41.3500
G01 X42.1734 Y41.3499
G01 X42.1673 Y41.3493
G01 X42.1601 Y41.3475
G01 X42.1544 Y41.3452
G01 X42.1480 Y41.3416
G01 X42.1422 Y41.3371
G01 X42.1380 Y41.3327
G01 X42.1336 Y41.3268
G01 X42.1306 Y41.3214
G01 X42.1283 Y41.3157
G01 X42.1270 Y41.3110
G01 X42.1261 Y41.3049
G01 X42.1258 Y41.3000
G01 X42.1259 Y39.8975
G01 X42.1270 Y39.8890
G01 X42.1301 Y39.8797
G01 X42.1349 Y39.8712
G01 X42.1405 Y39.8646
G01 X42.1470 Y39.8591
G01 X42.1556 Y39.8543
G01 X42.1649 Y39.8512
G01 X42.1734 Y39.8501
G01 X43.2045 Y39.8501
G01 X43.2118 Y39.8512
G01 X43.2200 Y39.8538
G01 X43.2265 Y39.8571
G01 X43.2335 Y39.8621
G01 X43.2387 Y39.8673
G01 X43.2437 Y39.8743
G01 X43.2475 Y39.8820
G01 X43.2496 Y39.8890
G01 X43.2504 Y39.8939
G01 X43.2508 Y39.9000
G01 X43.2508 Y40.0498
G01 X44.5721 Y40.0498
G01 X44.5724 Y39.8763
G01 X44.5743 Y39.8667
G01 X44.5759 Y39.8621
G01 X44.5786 Y39.8566
G01 X44.5812 Y39.8524
G01 X44.5851 Y39.8476
G01 X44.5885 Y39.8442
G01 X44.5931 Y39.8405
G01 X44.5931 Y30.3176
G01 X44.1394 Y29.8639
G01 X43.6572 Y29.8639
G01 X43.6499 Y29.8630
G01 X43.6439 Y29.8614
G01 X43.6371 Y29.8586
G01 X43.6308 Y29.8548
G01 X43.6251 Y29.8501
G01 X43.6202 Y29.8447
G01 X43.6161 Y29.8386
G01 X43.6130 Y29.8319
G01 X43.6104 Y29.8225
G01 X43.6096 Y29.8139
G01 X43.6098 Y28.6022
G01 X43.6108 Y28.5950
G01 X43.6125 Y28.5891
G01 X43.6150 Y28.5834
G01 X43.6187 Y28.5771
G01 X43.6226 Y28.5723
G01 X43.6279 Y28.5673
G01 X43.6339 Y28.5630
G01 X43.6394 Y28.5602
G01 X43.6487 Y28.5571
G01 X43.6572 Y28.5560
G01 X43.7134 Y28.5559
G01 X43.7134 Y26.3652
G01 X42.7055 Y25.3575
G01 X33.5284 Y25.3575
G01 X33.4745 Y25.3548
G01 X33.4211 Y25.3469
G01 X33.3664 Y25.3330
G01 X33.3178 Y25.3156
G01 X33.2712 Y25.2936
G01 X33.2227 Y25.2647
G01 X33.1775 Y25.2309
G01 X33.1393 Y25.1963
G01 X33.1047 Y25.1581
G01 X33.0709 Y25.1129
G01 X33.0431 Y25.0666
G01 X33.0210 Y25.0200
G01 X33.0019 Y24.9669
G01 X32.9883 Y24.9121
G01 X32.9808 Y24.8611
G01 X32.9782 Y24.8084
G01 X32.9782 Y23.1937
G01 X32.6655 Y22.8811
G01 X31.5569 Y22.8811
G01 X31.5568 Y22.9350
G01 X31.5556 Y22.9483
G01 X31.5534 Y22.9610
G01 X31.5492 Y22.9770
G01 X31.5434 Y22.9920
G01 X31.5360 Y23.0068
G01 X31.5273 Y23.0203
G01 X31.5166 Y23.0337
G01 X31.5106 Y23.0401
G01 X31.5040 Y23.0463
G01 X31.4905 Y23.0571
G01 X31.4759 Y23.0664
G01 X31.4600 Y23.0742
G01 X31.4436 Y23.0801
G01 X31.4271 Y23.0841
G01 X31.4100 Y23.0863
G01 X31.3982 Y23.0867
G01 X30.6077 Y23.0865
G01 X30.5934 Y23.0851
G01 X30.5791 Y23.0824
G01 X30.5651 Y23.0784
G01 X30.5516 Y23.0732
G01 X30.5384 Y23.0666
G01 X30.5257 Y23.0588
G01 X30.5144 Y23.0503
G01 X30.5035 Y23.0404
G01 X30.4934 Y23.0292
G01 X30.4846 Y23.0175
G01 X30.4765 Y23.0044
G01 X30.4697 Y22.9904
G01 X30.4645 Y22.9766
G01 X30.4605 Y22.9617
G01 X30.4581 Y22.9471
G01 X30.4570 Y22.9312
G01 X30.4567 Y21.1117
G01 X30.4462 Y21.1013
G01 X29.9745 Y21.1013
G01 X29.9194 Y21.0985
G01 X29.8648 Y21.0901
G01 X29.8148 Y21.0776
G01 X29.7662 Y21.0603
G01 X29.7151 Y21.0363
G01 X29.6678 Y21.0078
G01 X29.6254 Y20.9764
G01 X29.5854 Y20.9401
G01 X28.4894 Y19.8440
G01 X28.4540 Y19.8049
G01 X28.4218 Y19.7615
G01 X28.3940 Y19.7152
G01 X28.3710 Y19.6664
G01 X28.3528 Y19.6155
G01 X28.3396 Y19.5632
G01 X28.3317 Y19.5097
G01 X28.3291 Y19.4570
G01 X28.3291 Y17.6723
G01 X27.5027 Y17.6723
G01 X27.5018 Y17.6820
G01 X27.4989 Y17.6913
G01 X27.4943 Y17.7000
G01 X27.4881 Y17.7076
G01 X27.4805 Y17.7138
G01 X27.4719 Y17.7184
G01 X27.4637 Y17.7210
G01 X27.4539 Y17.7222
G01 X25.5027 Y17.7222
G01 X25.4978 Y17.7220
G01 X25.4918 Y17.7210
G01 X25.4847 Y17.7189
G01 X25.4770 Y17.7151
G01 X25.4701 Y17.7101
G01 X25.4641 Y17.7039
G01 X25.4598 Y17.6979
G01 X25.4561 Y17.6902
G01 X25.4537 Y17.6820
G01 X25.4527 Y17.6734
G01 X25.4527 Y17.0710
G01 X25.4533 Y17.0649
G01 X25.4542 Y17.0601
G01 X25.4561 Y17.0542
G01 X25.4581 Y17.0497
G01 X25.4605 Y17.0455
G01 X25.4641 Y17.0405
G01 X25.4710 Y17.0336
G01 X25.4781 Y17.0287
G01 X25.4859 Y17.0251
G01 X25.4942 Y17.0229
G01 X25.5027 Y17.0222
G01 X27.4539 Y17.0222
G01 X27.4637 Y17.0234
G01 X27.4719 Y17.0260
G01 X27.4805 Y17.0306
G01 X27.4881 Y17.0368
G01 X27.4943 Y17.0444
G01 X27.4989 Y17.0531
G01 X27.5018 Y17.0624
G01 X27.5027 Y17.0721
G01 X28.3766 Y17.0721
G01 X28.3814 Y17.0645
G01 X28.4122 Y17.0231
G01 X28.4484 Y16.9831
G01 X28.4884 Y16.9469
G01 X28.5318 Y16.9147
G01 X28.5781 Y16.8869
G01 X28.6269 Y16.8638
G01 X28.6778 Y16.8456
G01 X28.7302 Y16.8325
G01 X28.7836 Y16.8246
G01 X28.8375 Y16.8220
G01 X28.8915 Y16.8246
G01 X28.9449 Y16.8325
G01 X28.9972 Y16.8456
G01 X29.0481 Y16.8638
G01 X29.0969 Y16.8869
G01 X29.1422 Y16.9140
G01 X29.1875 Y16.9476
G01 X29.2257 Y16.9823
G01 X29.2684 Y17.0249
G01 X29.3047 Y17.0649
G01 X29.3375 Y17.1093
G01 X29.3646 Y17.1546
G01 X29.3886 Y17.2057
G01 X29.4059 Y17.2543
G01 X29.4185 Y17.3043
G01 X29.4268 Y17.3588
G01 X29.4296 Y17.4140
G01 X29.4296 Y19.2279
G01 X30.2024 Y20.0008
G01 X30.6741 Y20.0008
G01 X30.7268 Y20.0033
G01 X30.7839 Y20.0119
G01 X30.8338 Y20.0244
G01 X30.8858 Y20.0431
G01 X30.9335 Y20.0657
G01 X30.9777 Y20.0922
G01 X31.0251 Y20.1273
G01 X31.0632 Y20.1619
G01 X31.3960 Y20.4946
G01 X31.4323 Y20.5346
G01 X31.4657 Y20.5801
G01 X31.4922 Y20.6243
G01 X31.5153 Y20.6731
G01 X31.5335 Y20.7240
G01 X31.5461 Y20.7740
G01 X31.5545 Y20.8298
G01 X31.5572 Y20.8837
G01 X31.5572 Y21.7806
G01 X32.8946 Y21.7806
G01 X32.9474 Y21.7832
G01 X32.9983 Y21.7907
G01 X33.0543 Y21.8046
G01 X33.1040 Y21.8224
G01 X33.1528 Y21.8455
G01 X33.1991 Y21.8733
G01 X33.2444 Y21.9071
G01 X33.2825 Y21.9417
G01 X33.9192 Y22.5785
G01 X33.9538 Y22.6167
G01 X33.9859 Y22.6601
G01 X34.0137 Y22.7064
G01 X34.0358 Y22.7530
G01 X34.0556 Y22.8084
G01 X34.0681 Y22.8585
G01 X34.0760 Y22.9119
G01 X34.0787 Y22.9658
G01 X34.0787 Y24.2570
G01 X36.9876 Y24.2570
G01 X36.9875 Y22.0047
G01 X35.8190 Y22.0046
G01 X35.7675 Y22.0020
G01 X35.7165 Y21.9945
G01 X35.6641 Y21.9816
G01 X35.6108 Y21.9628
G01 X35.5610 Y21.9391
G01 X35.5157 Y21.9119
G01 X35.4743 Y21.8813
G01 X35.4323 Y21.8435
G01 X33.7715 Y20.1827
G01 X33.7345 Y20.1417
G01 X33.7031 Y20.0993
G01 X33.6765 Y20.0551
G01 X33.6514 Y20.0019
G01 X33.6341 Y19.9533
G01 X33.6209 Y19.9010
G01 X33.6130 Y19.8475
G01 X33.6104 Y19.7961
G01 X33.6104 Y17.3236
G01 X32.5338 Y16.2471
G01 X30.8583 Y16.2470
G01 X30.8056 Y16.2444
G01 X30.7522 Y16.2365
G01 X30.6998 Y16.2234
G01 X30.6483 Y16.2049
G01 X30.1559 Y16.2049
G01 X30.1412 Y16.2042
G01 X30.1299 Y16.2028
G01 X30.1189 Y16.2005
G01 X30.1086 Y16.1977
G01 X30.0973 Y16.1937
G01 X30.0870 Y16.1892
G01 X30.0767 Y16.1837
G01 X30.0675 Y16.1780
G01 X30.0584 Y16.1714
G01 X30.0459 Y16.1606
G01 X30.0341 Y16.1479
G01 X30.0241 Y16.1346
G01 X30.0158 Y16.1207
G01 X30.0087 Y16.1054
G01 X30.0033 Y16.0896
G01 X29.9996 Y16.0735
G01 X29.9976 Y16.0568
G01 X29.9972 Y16.0462
G01 X29.9972 Y15.2636
G01 X29.9982 Y15.2458
G01 X29.9995 Y15.2366
G01 X30.0013 Y15.2277
G01 X30.0037 Y15.2186
G01 X30.0066 Y15.2099
G01 X30.0100 Y15.2012
G01 X30.0139 Y15.1928
G01 X30.0184 Y15.1844
G01 X30.0235 Y15.1761
G01 X30.0290 Y15.1684
G01 X30.0349 Y15.1609
G01 X30.0409 Y15.1543
G01 X30.0473 Y15.1479
G01 X30.0543 Y15.1417
G01 X30.0616 Y15.1359
G01 X30.0688 Y15.1309
G01 X30.0771 Y15.1258
G01 X30.0913 Y15.1186
G01 X30.1060 Y15.1130
G01 X30.1210 Y15.1088
G01 X30.1363 Y15.1061
G01 X30.1454 Y15.1053
G01 X30.1541 Y15.1049
G01 X30.2447 Y15.1049
G01 X30.2447 Y14.5687
G01 X29.7884 Y14.1125
G01 X29.3005 Y14.1124
G01 X29.2478 Y14.1098
G01 X29.1968 Y14.1023
G01 X29.1432 Y14.0891
G01 X29.0911 Y14.0706
G01 X29.0423 Y14.0475
G01 X28.9960 Y14.0197
G01 X28.9546 Y13.9891
G01 X28.9126 Y13.9513
G01 X28.8780 Y13.9131
G01 X28.8456 Y13.8699
G01 X28.8408 Y13.8623
G01 X27.5027 Y13.8623
G01 X27.5018 Y13.8720
G01 X27.4989 Y13.8813
G01 X27.4943 Y13.8900
G01 X27.4881 Y13.8976
G01 X27.4805 Y13.9038
G01 X27.4719 Y13.9084
G01 X27.4625 Y13.9112
G01 X27.4527 Y13.9122
G01 X25.5015 Y13.9122
G01 X25.4942 Y13.9115
G01 X25.4870 Y13.9097
G01 X25.4802 Y13.9069
G01 X25.4729 Y13.9024
G01 X25.4665 Y13.8967
G01 X25.4618 Y13.8910
G01 X25.4581 Y13.8847
G01 X25.4549 Y13.8767
G01 X25.4533 Y13.8695
G01 X25.4527 Y13.8622
G01 X25.4528 Y13.2597
G01 X25.4539 Y13.2512
G01 X25.4561 Y13.2442
G01 X25.4592 Y13.2376
G01 X25.4633 Y13.2314
G01 X25.4682 Y13.2260
G01 X25.4749 Y13.2206
G01 X25.4813 Y13.2170
G01 X25.4882 Y13.2144
G01 X25.4954 Y13.2127
G01 X25.5027 Y13.2122
G01 X27.4539 Y13.2122
G01 X27.4637 Y13.2134
G01 X27.4730 Y13.2165
G01 X27.4805 Y13.2206
G01 X27.4881 Y13.2268
G01 X27.4943 Y13.2344
G01 X27.4989 Y13.2431
G01 X27.5018 Y13.2524
G01 X27.5027 Y13.2621
G00 Z2.0000
G00 X28.5563 Y16.4633
G01 F60.00
G01 Z0.0000
G01 F60.00
G01 X28.4170 Y16.5200
G01 X28.2943 Y16.5899
G01 X28.2064 Y16.6621
G01 X28.1982 Y16.6673
G01 X28.1890 Y16.6708
G01 X28.1818 Y16.6722
G01 X28.1757 Y16.6726
G01 X27.9527 Y16.6726
G01 X27.9466 Y16.6722
G01 X27.9394 Y16.6708
G01 X27.9325 Y16.6683
G01 X27.9260 Y16.6648
G01 X27.9201 Y16.6605
G01 X27.9149 Y16.6553
G01 X27.9105 Y16.6494
G01 X27.9070 Y16.6429
G01 X27.9045 Y16.6359
G01 X27.9033 Y16.6299
G01 X27.9027 Y16.6226
G01 X27.9027 Y14.3114
G01 X27.9035 Y14.3041
G01 X27.9056 Y14.2958
G01 X27.9092 Y14.2880
G01 X27.9133 Y14.2818
G01 X27.9182 Y14.2764
G01 X27.9249 Y14.2710
G01 X27.9313 Y14.2674
G01 X27.9394 Y14.2644
G01 X27.9466 Y14.2630
G01 X27.9527 Y14.2626
G01 X28.6417 Y14.2626
G01 X28.6479 Y14.2630
G01 X28.6540 Y14.2641
G01 X28.6633 Y14.2675
G01 X28.6718 Y14.2727
G01 X28.7197 Y14.3148
G01 X28.8382 Y14.3948
G01 X28.9738 Y14.4564
G01 X29.1194 Y14.4962
G01 X29.2793 Y14.5126
G01 X29.6007 Y14.5126
G01 X29.6093 Y14.5133
G01 X29.6187 Y14.5160
G01 X29.6275 Y14.5204
G01 X29.6352 Y14.5264
G01 X29.8326 Y14.7239
G01 X29.8376 Y14.7309
G01 X29.8409 Y14.7375
G01 X29.8432 Y14.7445
G01 X29.8445 Y14.7517
G01 X29.8447 Y14.7736
G01 X29.8443 Y14.7797
G01 X29.8426 Y14.7881
G01 X29.8394 Y14.7961
G01 X29.8341 Y14.8044
G01 X29.8283 Y14.8107
G01 X29.8216 Y14.8158
G01 X29.7592 Y14.8672
G01 X29.7104 Y14.9261
G01 X29.6740 Y14.9798
G01 X29.6407 Y15.0444
G01 X29.6170 Y15.1121
G01 X29.6013 Y15.1857
G01 X29.5967 Y15.2475
G01 X29.5967 Y16.0627
G01 X29.6013 Y16.1248
G01 X29.6159 Y16.1978
G01 X29.6400 Y16.2616
G01 X29.6656 Y16.3192
G01 X29.7132 Y16.3897
G01 X29.7591 Y16.4402
G01 X29.8116 Y16.4881
G01 X29.8820 Y16.5357
G01 X29.9391 Y16.5615
G01 X30.0132 Y16.5899
G01 X30.0925 Y16.6009
G01 X30.1127 Y16.6028
G01 X30.1394 Y16.6046
G01 X30.5723 Y16.6047
G01 X30.5811 Y16.6059
G01 X30.6451 Y16.6209
G01 X30.6813 Y16.6313
G01 X30.6900 Y16.6323
G01 X30.7031 Y16.6350
G01 X30.8319 Y16.6458
G01 X30.8389 Y16.6468
G01 X30.8482 Y16.6475
G01 X30.8667 Y16.6466
G01 X32.3447 Y16.6466
G01 X32.3545 Y16.6476
G01 X32.3627 Y16.6499
G01 X32.3704 Y16.6537
G01 X32.3783 Y16.6595
G01 X33.1961 Y17.4762
G01 X33.2001 Y17.4808
G01 X33.2042 Y17.4869
G01 X33.2069 Y17.4925
G01 X33.2092 Y17.4994
G01 X33.2103 Y17.5055
G01 X33.2107 Y17.5116
G01 X33.2107 Y19.7426
G01 X33.2089 Y19.7628
G01 X33.2107 Y19.7941
G01 X33.2107 Y19.8108
G01 X33.2173 Y19.9089
G01 X33.2193 Y19.9182
G01 X33.2212 Y19.9406
G01 X33.2326 Y19.9881
G01 X33.2446 Y20.0507
G01 X33.2466 Y20.0562
G01 X33.2481 Y20.0625
G01 X33.2540 Y20.0821
G01 X33.2724 Y20.1267
G01 X33.2779 Y20.1410
G01 X33.2905 Y20.1770
G01 X33.2967 Y20.1923
G01 X33.3029 Y20.2033
G01 X33.3095 Y20.2189
G01 X33.3331 Y20.2578
G01 X33.3709 Y20.3240
G01 X33.3805 Y20.3357
G01 X33.3866 Y20.3456
G01 X33.4241 Y20.3906
G01 X33.4546 Y20.4291
G01 X33.4727 Y20.4508
G01 X35.1151 Y22.0922
G01 X35.1273 Y22.1070
G01 X35.1405 Y22.1177
G01 X35.1617 Y22.1388
G01 X35.1949 Y22.1672
G01 X35.2387 Y22.2061
G01 X35.2596 Y22.2217
G01 X35.2998 Y22.2466
G01 X35.3580 Y22.2857
G01 X35.3653 Y22.2890
G01 X35.3835 Y22.2990
G01 X35.4565 Y22.3301
G01 X35.4915 Y22.3472
G01 X35.5039 Y22.3503
G01 X35.5218 Y22.3578
G01 X35.5832 Y22.3722
G01 X35.6454 Y22.3895
G01 X35.6589 Y22.3910
G01 X35.6646 Y22.3920
G01 X35.7268 Y22.3969
G01 X35.7993 Y22.4046
G01 X36.5389 Y22.4046
G01 X36.5487 Y22.4058
G01 X36.5580 Y22.4089
G01 X36.5624 Y22.4111
G01 X36.5675 Y22.4144
G01 X36.5748 Y22.4210
G01 X36.5806 Y22.4289
G01 X36.5844 Y22.4366
G01 X36.5868 Y22.4448
G01 X36.5877 Y22.4546
G01 X36.5877 Y23.8076
G01 X36.5868 Y23.8174
G01 X36.5844 Y23.8256
G01 X36.5806 Y23.8333
G01 X36.5748 Y23.8412
G01 X36.5675 Y23.8478
G01 X36.5634 Y23.8505
G01 X36.5580 Y23.8533
G01 X36.5522 Y23.8555
G01 X36.5475 Y23.8566
G01 X36.5377 Y23.8576
G01 X34.5287 Y23.8576
G01 X34.5202 Y23.8569
G01 X34.5107 Y23.8543
G01 X34.5030 Y23.8505
G01 X34.4951 Y23.8447
G01 X34.4917 Y23.8412
G01 X34.4878 Y23.8364
G01 X34.4830 Y23.8279
G01 X34.4799 Y23.8186
G01 X34.4787 Y23.8088
G01 X34.4787 Y23.0046
G01 X34.4794 Y22.9964
G01 X34.4787 Y22.9869
G01 X34.4787 Y22.9534
G01 X34.4778 Y22.9452
G01 X34.4718 Y22.8622
G01 X34.4717 Y22.8539
G01 X34.4700 Y22.8409
G01 X34.4697 Y22.8341
G01 X34.4683 Y22.8197
G01 X34.4490 Y22.7358
G01 X34.4434 Y22.7070
G01 X34.4395 Y22.6960
G01 X34.4370 Y22.6857
G01 X34.4355 Y22.6777
G01 X34.4004 Y22.5913
G01 X34.3908 Y22.5655
G01 X34.3787 Y22.5392
G01 X34.3345 Y22.4668
G01 X34.3169 Y22.4352
G01 X34.3076 Y22.4231
G01 X34.3023 Y22.4141
G01 X34.2368 Y22.3360
G01 X34.2105 Y22.3025
G01 X34.1994 Y22.2930
G01 X33.6024 Y21.6970
G01 X33.5982 Y21.6923
G01 X33.5866 Y21.6765
G01 X33.4767 Y21.5788
G01 X33.4583 Y21.5674
G01 X33.4516 Y21.5622
G01 X33.4422 Y21.5564
G01 X33.3982 Y21.5274
G01 X33.3589 Y21.5002
G01 X33.3374 Y21.4904
G01 X33.3303 Y21.4861
G01 X33.3093 Y21.4777
G01 X33.2994 Y21.4733
G01 X33.2219 Y21.4374
G01 X33.2071 Y21.4341
G01 X33.1888 Y21.4263
G01 X33.1424 Y21.4158
G01 X33.1125 Y21.4076
G01 X33.0731 Y21.3959
G01 X33.0602 Y21.3946
G01 X33.0538 Y21.3944
G01 X33.0463 Y21.3930
G01 X32.9987 Y21.3894
G01 X32.9161 Y21.3806
G01 X32.0055 Y21.3806
G01 X31.9958 Y21.3794
G01 X31.9865 Y21.3763
G01 X31.9779 Y21.3715
G01 X31.9705 Y21.3651
G01 X31.9651 Y21.3584
G01 X31.9605 Y21.3497
G01 X31.9579 Y21.3416
G01 X31.9567 Y21.3318
G01 X31.9567 Y20.9316
G01 X31.9570 Y20.9266
G01 X31.9586 Y20.9138
G01 X31.9568 Y20.8792
G01 X31.9567 Y20.8665
G01 X31.9519 Y20.8013
G01 X31.9497 Y20.7621
G01 X31.9472 Y20.7479
G01 X31.9454 Y20.7320
G01 X31.9319 Y20.6714
G01 X31.9216 Y20.6210
G01 X31.9161 Y20.6068
G01 X31.9140 Y20.5973
G01 X31.9042 Y20.5720
G01 X31.8849 Y20.5242
G01 X31.8755 Y20.4990
G01 X31.8697 Y20.4810
G01 X31.8640 Y20.4709
G01 X31.8566 Y20.4553
G01 X31.8214 Y20.3975
G01 X31.7971 Y20.3528
G01 X31.7845 Y20.3376
G01 X31.7785 Y20.3288
G01 X31.7051 Y20.2393
G01 X31.6961 Y20.2277
G01 X31.3794 Y19.9120
G01 X31.3759 Y19.9081
G01 X31.3678 Y19.8976
G01 X31.3391 Y19.8717
G01 X31.3337 Y19.8663
G01 X31.3063 Y19.8428
G01 X31.2582 Y19.7995
G01 X31.2431 Y19.7899
G01 X31.2329 Y19.7810
G01 X31.2099 Y19.7671
G01 X31.1399 Y19.7202
G01 X31.1205 Y19.7114
G01 X31.1103 Y19.7051
G01 X31.0718 Y19.6895
G01 X31.0027 Y19.6578
G01 X30.9882 Y19.6538
G01 X30.9726 Y19.6471
G01 X30.9187 Y19.6339
G01 X30.8537 Y19.6157
G01 X30.8445 Y19.6146
G01 X30.8358 Y19.6144
G01 X30.8279 Y19.6129
G01 X30.7658 Y19.6074
G01 X30.6973 Y19.6006
G01 X30.3885 Y19.6006
G01 X30.3812 Y19.5999
G01 X30.3752 Y19.5985
G01 X30.3684 Y19.5958
G01 X30.3630 Y19.5929
G01 X30.3580 Y19.5893
G01 X30.3544 Y19.5860
G01 X29.8444 Y19.0770
G01 X29.8389 Y19.0704
G01 X29.8351 Y19.0641
G01 X29.8331 Y19.0596
G01 X29.8312 Y19.0538
G01 X29.8301 Y19.0477
G01 X29.8297 Y19.0416
G01 X29.8297 Y17.4626
G01 X29.8300 Y17.4576
G01 X29.8316 Y17.4446
G01 X29.8298 Y17.4059
G01 X29.8297 Y17.3966
G01 X29.8249 Y17.3366
G01 X29.8229 Y17.2969
G01 X29.8211 Y17.2855
G01 X29.8193 Y17.2667
G01 X29.8038 Y17.1999
G01 X29.7944 Y17.1497
G01 X29.7889 Y17.1351
G01 X29.7871 Y17.1265
G01 X29.7554 Y17.0473
G01 X29.7435 Y17.0154
G01 X29.7376 Y17.0051
G01 X29.7307 Y16.9878
G01 X29.6869 Y16.9155
G01 X29.6684 Y16.8824
G01 X29.6605 Y16.8729
G01 X29.6536 Y16.8614
G01 X29.5882 Y16.7825
G01 X29.5694 Y16.7590
G01 X29.5625 Y16.7521
G01 X29.5586 Y16.7474
G01 X29.5497 Y16.7393
G01 X29.4959 Y16.6865
G01 X29.4033 Y16.6080
G01 X29.3969 Y16.6033
G01 X29.2711 Y16.5249
G01 X29.1361 Y16.4683
G01 X28.9927 Y16.4341
G01 X28.8482 Y16.4217
G01 X28.7008 Y16.4313
G01 X28.5563 Y16.4633
G00 Z2.0000
G00 X28.6568 Y10.0569
G01 F60.00
G01 Z0.0000
G01 F60.00
G01 X28.6568 Y9.0423
G01 X28.6516 Y9.0352
G01 X28.6479 Y9.0275
G01 X28.6453 Y9.0180
G01 X28.6445 Y9.0095
G01 X28.6445 Y7.6095
G01 X28.6448 Y7.6046
G01 X28.6457 Y7.5985
G01 X28.6488 Y7.5892
G01 X28.6516 Y7.5838
G01 X28.6559 Y7.5778
G01 X28.6609 Y7.5725
G01 X28.6667 Y7.5679
G01 X28.6720 Y7.5648
G01 X28.6788 Y7.5620
G01 X28.6860 Y7.5602
G01 X28.6933 Y7.5595
G01 X29.7195 Y7.5595
G01 X29.7293 Y7.5605
G01 X29.7352 Y7.5620
G01 X29.7398 Y7.5638
G01 X29.7463 Y7.5673
G01 X29.7522 Y7.5716
G01 X29.7574 Y7.5768
G01 X29.7618 Y7.5828
G01 X29.7647 Y7.5881
G01 X29.7674 Y7.5950
G01 X29.7690 Y7.6022
G01 X29.7695 Y7.6095
G01 X29.7695 Y9.0095
G01 X29.7688 Y9.0180
G01 X29.7662 Y9.0275
G01 X29.7624 Y9.0352
G01 X29.7573 Y9.0423
G01 X29.7573 Y10.3551
G01 X29.7543 Y10.4103
G01 X29.7467 Y10.4613
G01 X29.7342 Y10.5113
G01 X29.7154 Y10.5645
G01 X29.6923 Y10.6133
G01 X29.6645 Y10.6596
G01 X29.6324 Y10.7030
G01 X29.5961 Y10.7430
G01 X29.5561 Y10.7793
G01 X29.5127 Y10.8114
G01 X29.4664 Y10.8392
G01 X29.4176 Y10.8623
G01 X29.3656 Y10.8808
G01 X29.3144 Y10.8936
G01 X29.2597 Y10.9016
G01 X29.2070 Y10.9042
G01 X29.1184 Y10.9040
G01 X29.0669 Y10.9015
G01 X29.0123 Y10.8935
G01 X28.9599 Y10.8804
G01 X28.9090 Y10.8622
G01 X28.8602 Y10.8391
G01 X28.8139 Y10.8113
G01 X28.7705 Y10.7792
G01 X28.7305 Y10.7429
G01 X28.6943 Y10.7029
G01 X28.6621 Y10.6595
G01 X28.6343 Y10.6132
G01 X28.6113 Y10.5644
G01 X28.5924 Y10.5112
G01 X28.5799 Y10.4612
G01 X28.5720 Y10.4077
G01 X28.5694 Y10.3538
G01 X28.5723 Y10.2974
G01 X28.5799 Y10.2465
G01 X28.5938 Y10.1917
G01 X28.6122 Y10.1410
G01 X28.6343 Y10.0944
G01 X28.6568 Y10.0569
G00 Z2.0000
G00 X30.4818 Y9.0423
G01 F60.00
G01 Z0.0000
G01 F60.00
G01 X30.4766 Y9.0352
G01 X30.4729 Y9.0275
G01 X30.4703 Y9.0181
G01 X30.4695 Y9.0095
G01 X30.4695 Y7.6095
G01 X30.4701 Y7.6022
G01 X30.4713 Y7.5962
G01 X30.4733 Y7.5904
G01 X30.4766 Y7.5838
G01 X30.4809 Y7.5778
G01 X30.4850 Y7.5733
G01 X30.4897 Y7.5693
G01 X30.4959 Y7.5654
G01 X30.5027 Y7.5624
G01 X30.5098 Y7.5605
G01 X30.5195 Y7.5595
G01 X30.6633 Y7.5595
G01 X30.9574 Y7.2655
G01 X30.9574 Y5.9254
G01 X30.9493 Y5.9224
G01 X30.9429 Y5.9188
G01 X30.9362 Y5.9134
G01 X30.9313 Y5.9080
G01 X30.9272 Y5.9018
G01 X30.9236 Y5.8940
G01 X30.9215 Y5.8858
G01 X30.9207 Y5.8784
G01 X30.9207 Y4.7772
G01 X30.9215 Y4.7687
G01 X30.9241 Y4.7592
G01 X30.9272 Y4.7526
G01 X30.9313 Y4.7464
G01 X30.9362 Y4.7410
G01 X30.9419 Y4.7363
G01 X30.9482 Y4.7325
G01 X30.9550 Y4.7297
G01 X30.9622 Y4.7279
G01 X30.9695 Y4.7272
G01 X32.0707 Y4.7272
G01 X32.0793 Y4.7279
G01 X32.0887 Y4.7306
G01 X32.0954 Y4.7337
G01 X32.1015 Y4.7378
G01 X32.1069 Y4.7427
G01 X32.1116 Y4.7484
G01 X32.1154 Y4.7547
G01 X32.1182 Y4.7615
G01 X32.1200 Y4.7687
G01 X32.1207 Y4.7760
G01 X32.1207 Y5.8772
G01 X32.1203 Y5.8833
G01 X32.1195 Y5.8882
G01 X32.1178 Y5.8940
G01 X32.1154 Y5.8997
G01 X32.1123 Y5.9050
G01 X32.1094 Y5.9089
G01 X32.1061 Y5.9126
G01 X32.1015 Y5.9166
G01 X32.0932 Y5.9219
G01 X32.0876 Y5.9243
G01 X32.0829 Y5.9257
G01 X32.0732 Y5.9271
G01 X32.0579 Y5.9272
G01 X32.0579 Y7.4934
G01 X32.0551 Y7.5486
G01 X32.0468 Y7.6031
G01 X32.0342 Y7.6531
G01 X32.0169 Y7.7017
G01 X31.9929 Y7.7528
G01 X31.9637 Y7.8011
G01 X31.9330 Y7.8425
G01 X31.8976 Y7.8816
G01 X31.5945 Y8.1847
G01 X31.5945 Y9.0095
G01 X31.5938 Y9.0181
G01 X31.5912 Y9.0275
G01 X31.5874 Y9.0352
G01 X31.5823 Y9.0423
G01 X31.5823 Y9.2199
G01 X32.5959 Y10.2335
G01 X32.6328 Y10.2746
G01 X32.6634 Y10.3160
G01 X32.6906 Y10.3612
G01 X32.7152 Y10.4134
G01 X32.7325 Y10.4620
G01 X32.7456 Y10.5144
G01 X32.7535 Y10.5678
G01 X32.7561 Y10.6192
G01 X32.7532 Y10.6781
G01 X32.7456 Y10.7291
G01 X32.7325 Y10.7814
G01 X32.7143 Y10.8323
G01 X32.6923 Y10.8789
G01 X32.6620 Y10.9294
G01 X32.6313 Y10.9708
G01 X32.5959 Y11.0099
G01 X32.5550 Y11.0471
G01 X32.5116 Y11.0792
G01 X32.4653 Y11.1070
G01 X32.4165 Y11.1301
G01 X32.3656 Y11.1483
G01 X32.3133 Y11.1614
G01 X32.2599 Y11.1693
G01 X32.2059 Y11.1720
G01 X32.1520 Y11.1693
G01 X32.0986 Y11.1614
G01 X32.0462 Y11.1483
G01 X31.9953 Y11.1301
G01 X31.9465 Y11.1070
G01 X31.9002 Y11.0792
G01 X31.8568 Y11.0471
G01 X31.8177 Y11.0116
G01 X30.6428 Y9.8368
G01 X30.6066 Y9.7968
G01 X30.5744 Y9.7534
G01 X30.5466 Y9.7071
G01 X30.5227 Y9.6560
G01 X30.5054 Y9.6074
G01 X30.4928 Y9.5574
G01 X30.4845 Y9.5029
G01 X30.4817 Y9.4477
G01 X30.4818 Y9.0423
G00 Z2.0000
G00 X24.4593 Y6.9723
G01 F60.00
G01 Z0.0000
G01 F60.00
G01 X24.4484 Y6.9423
G01 X24.4413 Y6.9138
G01 X24.4369 Y6.8846
G01 X24.4355 Y6.8564
G01 X24.4355 Y5.5368
G01 X24.4369 Y5.5074
G01 X24.4413 Y5.4783
G01 X24.4484 Y5.4497
G01 X24.4579 Y5.4231
G01 X24.4606 Y5.4170
G01 X24.4606 Y4.8469
G01 X24.4610 Y4.8408
G01 X24.4618 Y4.8359
G01 X24.4644 Y4.8278
G01 X24.4677 Y4.8212
G01 X24.4728 Y4.8142
G01 X24.4780 Y4.8090
G01 X24.4839 Y4.8047
G01 X24.4915 Y4.8007
G01 X24.4997 Y4.7981
G01 X24.5069 Y4.7970
G01 X24.9606 Y4.7969
G01 X24.9667 Y4.7973
G01 X24.9716 Y4.7981
G01 X24.9786 Y4.8003
G01 X24.9863 Y4.8040
G01 X24.9923 Y4.8083
G01 X24.9977 Y4.8133
G01 X25.0029 Y4.8202
G01 X25.0063 Y4.8266
G01 X25.0088 Y4.8336
G01 X25.0104 Y4.8420
G01 X25.0106 Y5.4170
G01 X25.0134 Y5.4231
G01 X25.0224 Y5.4485
G01 X25.0297 Y5.4771
G01 X25.0343 Y5.5074
G01 X25.0357 Y5.5356
G01 X25.0357 Y6.7309
G01 X25.1949 Y6.8901
G01 X25.2037 Y6.8881
G01 X25.2547 Y6.8806
G01 X25.3086 Y6.8780
G01 X25.3626 Y6.8806
G01 X25.4160 Y6.8885
G01 X25.4683 Y6.9016
G01 X25.5192 Y6.9198
G01 X25.5680 Y6.9429
G01 X25.6133 Y6.9700
G01 X25.6596 Y7.0045
G01 X25.6977 Y7.0391
G01 X25.7340 Y7.0791
G01 X25.7674 Y7.1246
G01 X25.7939 Y7.1688
G01 X25.8165 Y7.2165
G01 X25.8352 Y7.2685
G01 X25.8483 Y7.3209
G01 X25.8562 Y7.3743
G01 X25.8588 Y7.4257
G01 X25.8589 Y8.3450
G01 X26.4829 Y8.9690
G01 X26.5184 Y9.0081
G01 X26.5513 Y9.0524
G01 X26.5802 Y9.1009
G01 X26.6022 Y9.1475
G01 X26.6196 Y9.1960
G01 X26.6332 Y9.2496
G01 X26.6416 Y9.3066
G01 X26.6441 Y9.3581
G01 X26.6414 Y9.4120
G01 X26.6330 Y9.4678
G01 X26.6204 Y9.5178
G01 X26.6022 Y9.5687
G01 X26.5791 Y9.6175
G01 X26.5526 Y9.6617
G01 X26.5192 Y9.7072
G01 X26.4829 Y9.7472
G01 X26.4448 Y9.7818
G01 X26.3995 Y9.8156
G01 X26.3532 Y9.8434
G01 X26.3066 Y9.8655
G01 X26.2535 Y9.8847
G01 X26.1987 Y9.8982
G01 X26.1478 Y9.9057
G01 X26.0963 Y9.9083
G01 X26.0399 Y9.9057
G01 X25.9841 Y9.8972
G01 X25.9341 Y9.8847
G01 X25.8855 Y9.8674
G01 X25.8334 Y9.8428
G01 X25.7881 Y9.8156
G01 X25.7467 Y9.7850
G01 X25.7056 Y9.7480
G01 X25.1353 Y9.1778
G01 X25.0980 Y9.1644
G01 X25.0492 Y9.1413
G01 X25.0029 Y9.1135
G01 X24.9615 Y9.0829
G01 X24.9178 Y9.0433
G01 X24.8833 Y9.0051
G01 X24.8511 Y8.9617
G01 X24.8233 Y8.9154
G01 X24.8012 Y8.8688
G01 X24.7821 Y8.8157
G01 X24.7685 Y8.7609
G01 X24.7610 Y8.7099
G01 X24.7584 Y8.6585
G01 X24.7584 Y7.4282
G01 X24.7610 Y7.3743
G01 X24.7685 Y7.3233
G01 X24.7705 Y7.3145
G01 X24.5217 Y7.0656
G01 X24.5036 Y7.0456
G01 X24.4861 Y7.0219
G01 X24.4709 Y6.9967
G01 X24.4593 Y6.9723
G00 Z2.0000
G00 X23.8106 Y5.4485
G01 F60.00
G01 Z0.0000
G01 F60.00
G01 X23.8106 Y4.8457
G01 X23.8114 Y4.8384
G01 X23.8135 Y4.8301
G01 X23.8171 Y4.8223
G01 X23.8220 Y4.8152
G01 X23.8261 Y4.8107
G01 X23.8299 Y4.8075
G01 X23.8381 Y4.8022
G01 X23.8438 Y4.7998
G01 X23.8485 Y4.7984
G01 X23.8545 Y4.7973
G01 X23.8594 Y4.7969
G01 X24.3118 Y4.7969
G01 X24.3204 Y4.7979
G01 X24.3286 Y4.8003
G01 X24.3363 Y4.8040
G01 X24.3423 Y4.8083
G01 X24.3468 Y4.8124
G01 X24.3500 Y4.8161
G01 X24.3535 Y4.8212
G01 X24.3558 Y4.8255
G01 X24.3577 Y4.8301
G01 X24.3594 Y4.8359
G01 X24.3606 Y4.8457
G01 X24.3606 Y6.2281
G01 X24.3594 Y6.2379
G01 X24.3577 Y6.2437
G01 X24.3558 Y6.2483
G01 X24.3508 Y6.2567
G01 X24.3468 Y6.2614
G01 X24.3433 Y6.2648
G01 X24.3384 Y6.2685
G01 X24.3342 Y6.2710
G01 X24.3251 Y6.2748
G01 X24.3155 Y6.2767
G01 X24.3032 Y6.2769
G01 X24.3032 Y13.3588
G01 X25.4568 Y14.5124
G01 X25.4598 Y14.5065
G01 X25.4641 Y14.5005
G01 X25.4691 Y14.4952
G01 X25.4749 Y14.4906
G01 X25.4813 Y14.4870
G01 X25.4882 Y14.4844
G01 X25.4954 Y14.4827
G01 X25.5027 Y14.4822
G01 X27.4527 Y14.4822
G01 X27.4588 Y14.4826
G01 X27.4661 Y14.4840
G01 X27.4719 Y14.4860
G01 X27.4774 Y14.4887
G01 X27.4825 Y14.4920
G01 X27.4872 Y14.4960
G01 X27.4914 Y14.5005
G01 X27.4956 Y14.5065
G01 X27.4984 Y14.5119
G01 X27.5006 Y14.5177
G01 X27.5020 Y14.5237
G01 X27.5027 Y14.5297
G01 X27.5027 Y15.1322
G01 X27.5022 Y15.1395
G01 X27.5006 Y15.1467
G01 X27.4979 Y15.1536
G01 X27.4943 Y15.1600
G01 X27.4898 Y15.1658
G01 X27.4844 Y15.1709
G01 X27.4784 Y15.1751
G01 X27.4707 Y15.1789
G01 X27.4625 Y15.1812
G01 X27.4527 Y15.1822
G01 X25.5027 Y15.1822
G01 X25.4966 Y15.1818
G01 X25.4918 Y15.1810
G01 X25.4825 Y15.1779
G01 X25.4739 Y15.1731
G01 X25.4665 Y15.1667
G01 X25.4633 Y15.1630
G01 X25.4598 Y15.1579
G01 X25.4556 Y15.1490
G01 X25.4537 Y15.1420
G01 X25.4528 Y15.1347
G01 X25.4527 Y15.0973
G01 X25.4005 Y15.0973
G01 X25.3757 Y15.0960
G01 X25.3500 Y15.0922
G01 X25.3236 Y15.0855
G01 X25.3003 Y15.0771
G01 X25.2746 Y15.0648
G01 X25.2544 Y15.0526
G01 X25.2355 Y15.0386
G01 X25.2151 Y15.0205
G01 X23.8507 Y13.6561
G01 X23.8332 Y13.6368
G01 X23.8177 Y13.6159
G01 X23.8043 Y13.5936
G01 X23.7927 Y13.5689
G01 X23.7844 Y13.5456
G01 X23.7781 Y13.5203
G01 X23.7743 Y13.4946
G01 X23.7730 Y13.4686
G01 X23.7729 Y5.5840
G01 X23.7745 Y5.5556
G01 X23.7781 Y5.5323
G01 X23.7841 Y5.5083
G01 X23.7937 Y5.4815
G01 X23.8038 Y5.4602
G01 X23.8106 Y5.4485
G00 Z2.0000
G00 X23.7106 Y5.4488
G01 F60.00
G01 Z0.0000
G01 F60.00
G01 X23.7175 Y5.4605
G01 X23.7276 Y5.4818
G01 X23.7372 Y5.5086
G01 X23.7431 Y5.5327
G01 X23.7466 Y5.5560
G01 X23.7482 Y5.5844
G01 X23.7482 Y13.6430
G01 X23.7514 Y13.6561
G01 X23.7548 Y13.6794
G01 X23.7562 Y13.7066
G01 X23.7562 Y14.5835
G01 X25.0098 Y15.8371
G01 X25.4527 Y15.8371
G01 X25.4530 Y15.7973
G01 X25.4549 Y15.7877
G01 X25.4570 Y15.7819
G01 X25.4592 Y15.7776
G01 X25.4626 Y15.7724
G01 X25.4674 Y15.7668
G01 X25.4720 Y15.7628
G01 X25.4770 Y15.7593
G01 X25.4825 Y15.7565
G01 X25.4882 Y15.7544
G01 X25.4954 Y15.7527
G01 X25.5015 Y15.7522
G01 X27.4527 Y15.7522
G01 X27.4588 Y15.7526
G01 X27.4637 Y15.7534
G01 X27.4696 Y15.7551
G01 X27.4752 Y15.7575
G01 X27.4805 Y15.7606
G01 X27.4863 Y15.7652
G01 X27.4914 Y15.7705
G01 X27.4950 Y15.7755
G01 X27.4979 Y15.7808
G01 X27.5006 Y15.7877
G01 X27.5020 Y15.7937
G01 X27.5027 Y15.7997
G01 X27.5027 Y16.4022
G01 X27.5022 Y16.4095
G01 X27.5002 Y16.4179
G01 X27.4974 Y16.4247
G01 X27.4929 Y16.4320
G01 X27.4881 Y16.4376
G01 X27.4825 Y16.4424
G01 X27.4752 Y16.4469
G01 X27.4684 Y16.4497
G01 X27.4601 Y16.4517
G01 X27.4527 Y16.4522
G01 X25.5003 Y16.4521
G01 X25.4942 Y16.4515
G01 X25.4882 Y16.4501
G01 X25.4825 Y16.4479
G01 X25.4770 Y16.4451
G01 X25.4710 Y16.4409
G01 X25.4665 Y16.4367
G01 X25.4626 Y16.4320
G01 X25.4592 Y16.4268
G01 X25.4552 Y16.4179
G01 X25.4539 Y16.4132
G01 X25.4530 Y16.4071
G01 X25.4527 Y16.3673
G01 X24.8987 Y16.3673
G01 X24.8739 Y16.3660
G01 X24.8482 Y16.3622
G01 X24.8230 Y16.3559
G01 X24.7996 Y16.3476
G01 X24.7749 Y16.3360
G01 X24.7526 Y16.3226
G01 X24.7317 Y16.3071
G01 X24.7125 Y16.2897
G01 X23.3037 Y14.8809
G01 X23.2862 Y14.8616
G01 X23.2694 Y14.8386
G01 X23.2573 Y14.8184
G01 X23.2472 Y14.7971
G01 X23.2378 Y14.7715
G01 X23.2307 Y14.7427
G01 X23.2273 Y14.7194
G01 X23.2260 Y14.6946
G01 X23.2260 Y13.7622
G01 X23.2229 Y13.7491
G01 X23.2194 Y13.7258
G01 X23.2180 Y13.6986
G01 X23.2180 Y6.2769
G01 X23.2057 Y6.2767
G01 X23.1961 Y6.2748
G01 X23.1870 Y6.2710
G01 X23.1828 Y6.2685
G01 X23.1780 Y6.2648
G01 X23.1712 Y6.2577
G01 X23.1677 Y6.2526
G01 X23.1654 Y6.2483
G01 X23.1621 Y6.2391
G01 X23.1612 Y6.2342
G01 X23.1606 Y6.2281
G01 X23.1606 Y4.8457
G01 X23.1618 Y4.8359
G01 X23.1635 Y4.8301
G01 X23.1654 Y4.8255
G01 X23.1677 Y4.8212
G01 X23.1712 Y4.8161
G01 X23.1744 Y4.8124
G01 X23.1789 Y4.8083
G01 X23.1849 Y4.8040
G01 X23.1926 Y4.8003
G01 X23.2009 Y4.7979
G01 X23.2094 Y4.7969
G01 X23.6618 Y4.7969
G01 X23.6667 Y4.7973
G01 X23.6728 Y4.7984
G01 X23.6786 Y4.8003
G01 X23.6831 Y4.8022
G01 X23.6914 Y4.8075
G01 X23.6951 Y4.8107
G01 X23.6993 Y4.8152
G01 X23.7035 Y4.8212
G01 X23.7073 Y4.8289
G01 X23.7097 Y4.8371
G01 X23.7106 Y4.8457
G01 X23.7106 Y5.4488
G00 Z2.0000
G00 X22.5106 Y4.8469
G01 F60.00
G01 Z0.0000
G01 F60.00
G01 X22.5114 Y4.8384
G01 X22.5140 Y4.8289
G01 X22.5184 Y4.8202
G01 X22.5244 Y4.8124
G01 X22.5318 Y4.8060
G01 X22.5404 Y4.8012
G01 X22.5497 Y4.7981
G01 X22.5594 Y4.7969
G01 X23.0143 Y4.7970
G01 X23.0216 Y4.7981
G01 X23.0286 Y4.8003
G01 X23.0342 Y4.8028
G01 X23.0404 Y4.8067
G01 X23.0460 Y4.8115
G01 X23.0508 Y4.8171
G01 X23.0547 Y4.8233
G01 X23.0577 Y4.8301
G01 X23.0599 Y4.8384
G01 X23.0606 Y4.8469
G01 X23.0606 Y6.2281
G01 X23.0599 Y6.2355
G01 X23.0577 Y6.2437
G01 X23.0547 Y6.2505
G01 X23.0508 Y6.2567
G01 X23.0460 Y6.2623
G01 X23.0404 Y6.2671
G01 X23.0342 Y6.2710
G01 X23.0275 Y6.2740
G01 X23.0192 Y6.2762
G01 X23.0106 Y6.2769
G01 X22.5582 Y6.2768
G01 X22.5509 Y6.2759
G01 X22.5438 Y6.2740
G01 X22.5370 Y6.2710
G01 X22.5308 Y6.2671
G01 X22.5253 Y6.2623
G01 X22.5205 Y6.2567
G01 X22.5165 Y6.2505
G01 X22.5135 Y6.2437
G01 X22.5114 Y6.2355
G01 X22.5106 Y6.2269
G01 X22.5106 Y4.8469
G00 Z2.0000
G00 X20.1856 Y4.6769
G01 F60.00
G01 Z0.0000
G01 F60.00
G01 X20.1864 Y4.6684
G01 X20.1890 Y4.6589
G01 X20.1934 Y4.6502
G01 X20.1994 Y4.6424
G01 X20.2068 Y4.6360
G01 X20.2154 Y4.6312
G01 X20.2247 Y4.6281
G01 X20.2344 Y4.6269
G01 X21.6606 Y4.6269
G01 X21.6704 Y4.6279
G01 X21.6763 Y4.6294
G01 X21.6809 Y4.6312
G01 X21.6894 Y4.6360
G01 X21.6968 Y4.6424
G01 X21.7029 Y4.6502
G01 X21.7073 Y4.6589
G01 X21.7099 Y4.6684
G01 X21.7106 Y4.6769
G01 X21.7106 Y6.2269
G01 X21.7097 Y6.2367
G01 X21.7068 Y6.2460
G01 X21.7022 Y6.2547
G01 X21.6993 Y6.2586
G01 X21.6951 Y6.2631
G01 X21.6874 Y6.2691
G01 X21.6786 Y6.2736
G01 X21.6704 Y6.2759
G01 X21.6606 Y6.2769
G01 X20.2356 Y6.2769
G01 X20.2259 Y6.2759
G01 X20.2199 Y6.2744
G01 X20.2154 Y6.2726
G01 X20.2068 Y6.2678
G01 X20.1994 Y6.2614
G01 X20.1934 Y6.2537
G01 X20.1890 Y6.2449
G01 X20.1864 Y6.2355
G01 X20.1856 Y6.2269
G01 X20.1856 Y4.6769
G00 Z2.0000
G00 X20.8856 Y2.1769
G01 F60.00
G01 Z0.0000
G01 F60.00
G01 X20.8954 Y2.1779
G01 X20.9036 Y2.1803
G01 X20.9124 Y2.1847
G01 X20.9201 Y2.1907
G01 X20.9265 Y2.1981
G01 X20.9313 Y2.2066
G01 X20.9344 Y2.2159
G01 X20.9356 Y2.2257
G01 X20.9356 Y3.5281
G01 X20.9351 Y3.5342
G01 X20.9341 Y3.5391
G01 X20.9323 Y3.5449
G01 X20.9303 Y3.5494
G01 X20.9279 Y3.5537
G01 X20.9243 Y3.5586
G01 X20.9173 Y3.5656
G01 X20.9103 Y3.5704
G01 X20.9025 Y3.5740
G01 X20.8942 Y3.5762
G01 X20.8856 Y3.5769
G01 X19.2356 Y3.5769
G01 X19.2295 Y3.5765
G01 X19.2247 Y3.5757
G01 X19.2199 Y3.5744
G01 X19.2142 Y3.5721
G01 X19.2089 Y3.5691
G01 X19.2049 Y3.5663
G01 X19.2011 Y3.5631
G01 X19.1970 Y3.5586
G01 X19.1921 Y3.5515
G01 X19.1885 Y3.5437
G01 X19.1864 Y3.5355
G01 X19.1856 Y3.5269
G01 X19.1856 Y2.2269
G01 X19.1859 Y2.2220
G01 X19.1868 Y2.2159
G01 X19.1885 Y2.2101
G01 X19.1904 Y2.2055
G01 X19.1927 Y2.2012
G01 X19.1962 Y2.1961
G01 X19.1994 Y2.1924
G01 X19.2039 Y2.1883
G01 X19.2110 Y2.1834
G01 X19.2188 Y2.1798
G01 X19.2271 Y2.1776
G01 X19.2356 Y2.1769
G01 X20.8856 Y2.1769
G00 Z2.0000
G00 X21.3356 Y1.9269
G01 F60.00
G01 Z0.0000
G01 F60.00
G01 X21.3364 Y1.9184
G01 X21.3390 Y1.9089
G01 X21.3434 Y1.9002
G01 X21.3494 Y1.8924
G01 X21.3568 Y1.8860
G01 X21.3654 Y1.8812
G01 X21.3747 Y1.8781
G01 X21.3844 Y1.8769
G01 X22.3868 Y1.8769
G01 X22.3930 Y1.8774
G01 X22.3990 Y1.8787
G01 X22.4048 Y1.8807
G01 X22.4113 Y1.8840
G01 X22.4164 Y1.8875
G01 X22.4218 Y1.8924
G01 X22.4258 Y1.8971
G01 X22.4291 Y1.9023
G01 X22.4318 Y1.9078
G01 X22.4338 Y1.9136
G01 X22.4351 Y1.9196
G01 X22.4356 Y1.9269
G01 X22.4356 Y3.8269
G01 X22.4351 Y3.8342
G01 X22.4338 Y3.8402
G01 X22.4318 Y3.8460
G01 X22.4285 Y3.8526
G01 X22.4243 Y3.8586
G01 X22.4201 Y3.8631
G01 X22.4154 Y3.8671
G01 X22.4103 Y3.8704
G01 X22.4048 Y3.8731
G01 X22.3990 Y3.8751
G01 X22.3917 Y3.8765
G01 X22.3856 Y3.8769
G01 X21.3844 Y3.8769
G01 X21.3783 Y3.8764
G01 X21.3723 Y3.8751
G01 X21.3654 Y3.8726
G01 X21.3599 Y3.8698
G01 X21.3549 Y3.8663
G01 X21.3494 Y3.8614
G01 X21.3455 Y3.8567
G01 X21.3421 Y3.8515
G01 X21.3394 Y3.8460
G01 X21.3374 Y3.8402
G01 X21.3362 Y3.8342
G01 X21.3356 Y3.8269
G01 X21.3356 Y1.9269
G00 Z2.0000
G00 X23.6356 Y1.9269
G01 F60.00
G01 Z0.0000
G01 F60.00
G01 X23.6364 Y1.9184
G01 X23.6390 Y1.9089
G01 X23.6434 Y1.9002
G01 X23.6494 Y1.8924
G01 X23.6568 Y1.8860
G01 X23.6654 Y1.8812
G01 X23.6747 Y1.8781
G01 X23.6844 Y1.8769
G01 X25.4856 Y1.8769
G01 X25.4954 Y1.8779
G01 X25.5048 Y1.8807
G01 X25.5134 Y1.8853
G01 X25.5183 Y1.8890
G01 X25.5218 Y1.8924
G01 X25.5279 Y1.9002
G01 X25.5323 Y1.9089
G01 X25.5349 Y1.9184
G01 X25.5356 Y1.9269
G01 X25.5356 Y3.8269
G01 X25.5347 Y3.8367
G01 X25.5318 Y3.8460
G01 X25.5272 Y3.8547
G01 X25.5243 Y3.8586
G01 X25.5201 Y3.8631
G01 X25.5124 Y3.8691
G01 X25.5036 Y3.8736
G01 X25.4954 Y3.8759
G01 X25.4856 Y3.8769
G01 X23.6856 Y3.8769
G01 X23.6795 Y3.8765
G01 X23.6747 Y3.8757
G01 X23.6654 Y3.8726
G01 X23.6568 Y3.8678
G01 X23.6494 Y3.8614
G01 X23.6434 Y3.8537
G01 X23.6390 Y3.8449
G01 X23.6364 Y3.8355
G01 X23.6356 Y3.8269
G01 X23.6356 Y1.9269
G00 Z2.0000
G00 X25.1606 Y4.6769
G01 F60.00
G01 Z0.0000
G01 F60.00
G01 X25.1614 Y4.6684
G01 X25.1640 Y4.6589
G01 X25.1684 Y4.6502
G01 X25.1744 Y4.6424
G01 X25.1818 Y4.6360
G01 X25.1904 Y4.6312
G01 X25.1997 Y4.6281
G01 X25.2094 Y4.6269
G01 X26.6356 Y4.6269
G01 X26.6454 Y4.6279
G01 X26.6513 Y4.6294
G01 X26.6559 Y4.6312
G01 X26.6644 Y4.6360
G01 X26.6718 Y4.6424
G01 X26.6779 Y4.6502
G01 X26.6823 Y4.6589
G01 X26.6849 Y4.6684
G01 X26.6856 Y4.6769
G01 X26.6856 Y6.2269
G01 X26.6847 Y6.2367
G01 X26.6818 Y6.2460
G01 X26.6772 Y6.2547
G01 X26.6743 Y6.2586
G01 X26.6701 Y6.2631
G01 X26.6624 Y6.2691
G01 X26.6536 Y6.2736
G01 X26.6454 Y6.2759
G01 X26.6356 Y6.2769
G01 X25.2106 Y6.2769
G01 X25.2009 Y6.2759
G01 X25.1949 Y6.2744
G01 X25.1904 Y6.2726
G01 X25.1818 Y6.2678
G01 X25.1744 Y6.2614
G01 X25.1684 Y6.2537
G01 X25.1640 Y6.2449
G01 X25.1614 Y6.2355
G01 X25.1606 Y6.2269
G01 X25.1606 Y4.6769
G00 Z2.0000
G00 X41.9286 Y5.5343
G01 F60.00
G01 Z0.0000
G01 F60.00
G01 X41.8870 Y5.2553
G01 X41.8733 Y4.9759
G01 X41.8870 Y4.6966
G01 X41.9281 Y4.4199
G01 X41.9960 Y4.1486
G01 X42.0903 Y3.8853
G01 X42.2098 Y3.6324
G01 X42.3536 Y3.3925
G01 X42.5202 Y3.1679
G01 X42.7081 Y2.9606
G01 X42.9153 Y2.7728
G01 X43.1399 Y2.6062
G01 X43.3798 Y2.4624
G01 X43.6327 Y2.3428
G01 X43.8960 Y2.2486
G01 X44.1673 Y2.1807
G01 X44.4440 Y2.1396
G01 X44.7233 Y2.1259
G01 X45.0027 Y2.1396
G01 X45.2793 Y2.1807
G01 X45.5506 Y2.2486
G01 X45.8140 Y2.3428
G01 X46.0668 Y2.4624
G01 X46.3067 Y2.6062
G01 X46.5313 Y2.7728
G01 X46.7386 Y2.9606
G01 X46.9264 Y3.1679
G01 X47.0930 Y3.3925
G01 X47.2368 Y3.6324
G01 X47.3564 Y3.8853
G01 X47.4506 Y4.1486
G01 X47.5186 Y4.4199
G01 X47.5596 Y4.6966
G01 X47.5733 Y4.9759
G01 X47.5596 Y5.2553
G01 X47.5186 Y5.5319
G01 X47.4506 Y5.8032
G01 X47.3564 Y6.0666
G01 X47.2368 Y6.3194
G01 X47.0930 Y6.5593
G01 X46.9264 Y6.7839
G01 X46.7386 Y6.9912
G01 X46.5313 Y7.1790
G01 X46.3067 Y7.3456
G01 X46.0668 Y7.4894
G01 X45.8140 Y7.6090
G01 X45.5506 Y7.7032
G01 X45.2794 Y7.7711
G01 X45.0027 Y7.8122
G01 X44.7233 Y7.8259
G01 X44.4440 Y7.8122
G01 X44.1673 Y7.7711
G01 X43.8960 Y7.7032
G01 X43.6327 Y7.6090
G01 X43.3798 Y7.4894
G01 X43.1399 Y7.3456
G01 X42.9153 Y7.1790
G01 X42.7081 Y6.9912
G01 X42.5202 Y6.7839
G01 X42.3536 Y6.5593
G01 X42.2098 Y6.3194
G01 X42.0903 Y6.0666
G01 X41.9960 Y5.8032
G01 X41.9286 Y5.5343
G00 Z2.0000
G00 X43.4787 Y1.9688
G01 F60.00
G01 Z0.0000
G01 F60.00
G01 X44.2963 Y1.7496
G01 X45.1501 Y1.7496
G01 X45.9678 Y1.9688
G01 X46.7040 Y2.3946
G01 X47.3047 Y2.9953
G01 X47.7301 Y3.7319
G01 X47.9497 Y4.5492
G01 X47.9497 Y5.4030
G01 X47.7301 Y6.2203
G01 X47.3047 Y6.9569
G01 X46.7040 Y7.5576
G01 X45.9674 Y7.9830
G01 X45.1501 Y8.2016
G01 X44.2963 Y8.2016
G01 X43.4790 Y7.9830
G01 X42.7424 Y7.5576
G01 X42.1417 Y6.9569
G01 X41.7163 Y6.2203
G01 X41.4977 Y5.4030
G01 X41.4977 Y4.5492
G01 X41.7163 Y3.7319
G01 X42.1417 Y2.9953
G01 X42.7424 Y2.3946
G01 X43.4787 Y1.9688
G00 Z2.0000
G00 X58.4517 Y0.8706
G01 F60.00
G01 Z0.0000
G01 F60.00
G01 X58.4615 Y0.8716
G01 X58.4709 Y0.8744
G01 X58.4795 Y0.8790
G01 X58.4871 Y0.8852
G01 X58.4933 Y0.8928
G01 X58.4979 Y0.9015
G01 X58.5008 Y0.9108
G01 X58.5017 Y0.9206
G01 X58.5017 Y60.1206
G01 X58.5010 Y60.1292
G01 X58.4984 Y60.1386
G01 X58.4940 Y60.1474
G01 X58.4879 Y60.1551
G01 X58.4805 Y60.1615
G01 X58.4720 Y60.1663
G01 X58.4627 Y60.1694
G01 X58.4578 Y60.1702
G01 X58.4517 Y60.1706
G01 X1.2517 Y60.1706
G01 X1.2432 Y60.1699
G01 X1.2337 Y60.1673
G01 X1.2250 Y60.1628
G01 X1.2172 Y60.1568
G01 X1.2108 Y60.1494
G01 X1.2082 Y60.1452
G01 X1.2055 Y60.1397
G01 X1.2027 Y60.1304
G01 X1.2017 Y60.1206
G01 X1.2017 Y0.9206
G01 X1.2027 Y0.9108
G01 X1.2055 Y0.9015
G01 X1.2101 Y0.8928
G01 X1.2155 Y0.8861
G01 X1.2191 Y0.8827
G01 X1.2239 Y0.8790
G01 X1.2326 Y0.8744
G01 X1.2420 Y0.8716
G01 X1.2517 Y0.8706
G01 X58.4517 Y0.8706
G00 Z2.0000
G00 X42.7358 Y30.9470
G01 F60.00
G01 Z0.0000
G01 F60.00
G01 X42.7024 Y30.9925
G01 X42.6661 Y31.0325
G01 X37.1507 Y36.5478
G01 X37.1088 Y36.5856
G01 X37.0673 Y36.6162
G01 X37.0231 Y36.6428
G01 X36.9722 Y36.6671
G01 X36.9190 Y36.6859
G01 X36.8689 Y36.6984
G01 X36.8180 Y36.7060
G01 X36.7628 Y36.7089
G01 X34.1666 Y36.7090
G01 X34.1127 Y36.7063
G01 X34.0581 Y36.6981
G01 X34.0057 Y36.6849
G01 X33.9572 Y36.6675
G01 X33.9382 Y36.6587
G01 X33.1654 Y36.6587
G01 X33.1593 Y36.6582
G01 X33.1533 Y36.6569
G01 X33.1464 Y36.6544
G01 X33.1409 Y36.6516
G01 X33.1359 Y36.6481
G01 X33.1313 Y36.6441
G01 X33.1272 Y36.6395
G01 X33.1237 Y36.6344
G01 X33.1209 Y36.6290
G01 X33.1184 Y36.6220
G01 X33.1170 Y36.6148
G01 X33.1166 Y36.6087
G01 X33.1166 Y35.7075
G01 X33.1174 Y35.7002
G01 X33.1195 Y35.6919
G01 X33.1225 Y35.6851
G01 X33.1265 Y35.6789
G01 X33.1313 Y35.6733
G01 X33.1378 Y35.6678
G01 X33.1441 Y35.6640
G01 X33.1521 Y35.6609
G01 X33.1593 Y35.6592
G01 X33.1666 Y35.6587
G01 X33.9382 Y35.6587
G01 X33.9572 Y35.6499
G01 X34.0057 Y35.6325
G01 X34.0581 Y35.6193
G01 X34.1127 Y35.6111
G01 X34.1654 Y35.6085
G01 X36.5337 Y35.6085
G01 X41.7267 Y30.4156
G01 X41.7267 Y29.5826
G01 X41.7192 Y29.5722
G01 X41.6868 Y29.5182
G01 X41.6594 Y29.4602
G01 X41.6378 Y29.3998
G01 X41.6222 Y29.3375
G01 X41.6128 Y29.2740
G01 X41.6096 Y29.2099
G01 X41.6128 Y29.1458
G01 X41.6222 Y29.0823
G01 X41.6378 Y29.0201
G01 X41.6585 Y28.9619
G01 X41.6868 Y28.9016
G01 X41.7212 Y28.8446
G01 X41.7581 Y28.7950
G01 X41.7995 Y28.7492
G01 X41.8487 Y28.7044
G01 X41.9023 Y28.6648
G01 X41.9553 Y28.6331
G01 X42.0111 Y28.6067
G01 X42.0749 Y28.5837
G01 X42.1360 Y28.5685
G01 X42.1995 Y28.5591
G01 X42.2636 Y28.5559
G01 X42.3277 Y28.5591
G01 X42.3912 Y28.5685
G01 X42.4535 Y28.5841
G01 X42.5139 Y28.6057
G01 X42.5719 Y28.6331
G01 X42.6270 Y28.6661
G01 X42.6785 Y28.7044
G01 X42.7261 Y28.7475
G01 X42.7692 Y28.7950
G01 X42.8074 Y28.8466
G01 X42.8404 Y28.9016
G01 X42.8678 Y28.9596
G01 X42.8898 Y29.0212
G01 X42.9050 Y29.0823
G01 X42.9145 Y29.1458
G01 X42.9176 Y29.2099
G01 X42.9143 Y29.2752
G01 X42.9050 Y29.3375
G01 X42.8891 Y29.4009
G01 X42.8673 Y29.4613
G01 X42.8410 Y29.5171
G01 X42.8272 Y29.5404
G01 X42.8273 Y30.6434
G01 X42.8247 Y30.6961
G01 X42.8167 Y30.7508
G01 X42.8028 Y30.8055
G01 X42.7854 Y30.8540
G01 X42.7634 Y30.9006
G01 X42.7358 Y30.9470
G00 Z2.0000
G00 X39.7077 Y29.5531
G01 F60.00
G01 Z0.0000
G01 F60.00
G01 X39.6863 Y29.5171
G01 X39.6589 Y29.4590
G01 X39.6378 Y29.3997
G01 X39.6220 Y29.3363
G01 X39.6128 Y29.2740
G01 X39.6096 Y29.2099
G01 X39.6128 Y29.1458
G01 X39.6224 Y29.0811
G01 X39.6378 Y29.0201
G01 X39.6594 Y28.9596
G01 X39.6868 Y28.9016
G01 X39.7198 Y28.8466
G01 X39.7581 Y28.7950
G01 X39.8012 Y28.7475
G01 X39.8487 Y28.7044
G01 X39.8993 Y28.6668
G01 X39.9553 Y28.6331
G01 X40.0133 Y28.6057
G01 X40.0738 Y28.5841
G01 X40.1336 Y28.5690
G01 X40.1995 Y28.5590
G01 X40.2612 Y28.5560
G01 X40.3302 Y28.5593
G01 X40.3912 Y28.5685
G01 X40.4535 Y28.5841
G01 X40.5139 Y28.6057
G01 X40.5719 Y28.6331
G01 X40.6270 Y28.6661
G01 X40.6785 Y28.7044
G01 X40.7261 Y28.7475
G01 X40.7692 Y28.7950
G01 X40.8074 Y28.8466
G01 X40.8404 Y28.9016
G01 X40.8678 Y28.9596
G01 X40.8887 Y29.0177
G01 X40.9055 Y29.0847
G01 X40.9145 Y29.1458
G01 X40.9176 Y29.2111
G01 X40.9145 Y29.2740
G01 X40.9055 Y29.3351
G01 X40.8895 Y29.3997
G01 X40.8668 Y29.4624
G01 X40.8404 Y29.5182
G01 X40.8082 Y29.5721
G01 X40.8082 Y30.4825
G01 X40.8056 Y30.5352
G01 X40.7976 Y30.5899
G01 X40.7837 Y30.6446
G01 X40.7653 Y30.6953
G01 X40.7432 Y30.7419
G01 X40.7167 Y30.7861
G01 X40.6833 Y30.8316
G01 X40.6470 Y30.8716
G01 X36.2408 Y35.2778
G01 X36.2027 Y35.3124
G01 X36.1553 Y35.3475
G01 X36.1111 Y35.3740
G01 X36.0600 Y35.3980
G01 X36.0114 Y35.4153
G01 X35.9591 Y35.4284
G01 X35.9057 Y35.4363
G01 X35.8529 Y35.4389
G01 X34.1654 Y35.4389
G01 X34.1127 Y35.4363
G01 X34.0581 Y35.4281
G01 X34.0057 Y35.4149
G01 X33.9572 Y35.3975
G01 X33.9382 Y35.3887
G01 X33.1654 Y35.3887
G01 X33.1557 Y35.3875
G01 X33.1464 Y35.3844
G01 X33.1409 Y35.3816
G01 X33.1368 Y35.3789
G01 X33.1296 Y35.3723
G01 X33.1237 Y35.3644
G01 X33.1200 Y35.3567
G01 X33.1176 Y35.3485
G01 X33.1166 Y35.3399
G01 X33.1166 Y34.4375
G01 X33.1174 Y34.4302
G01 X33.1191 Y34.4230
G01 X33.1220 Y34.4162
G01 X33.1257 Y34.4099
G01 X33.1296 Y34.4051
G01 X33.1349 Y34.4001
G01 X33.1409 Y34.3958
G01 X33.1475 Y34.3925
G01 X33.1569 Y34.3897
G01 X33.1666 Y34.3887
G01 X33.9382 Y34.3887
G01 X33.9572 Y34.3799
G01 X34.0057 Y34.3625
G01 X34.0581 Y34.3493
G01 X34.1127 Y34.3411
G01 X34.1654 Y34.3385
G01 X35.6238 Y34.3385
G01 X39.7077 Y30.2546
G01 X39.7077 Y29.5531
G00 Z2.0000
G00 X33.1166 Y29.3587
G01 F60.00
G01 Z0.0000
G01 F60.00
G01 X33.1176 Y29.3489
G01 X33.1204 Y29.3396
G01 X33.1250 Y29.3309
G01 X33.1313 Y29.3233
G01 X33.1388 Y29.3171
G01 X33.1475 Y29.3125
G01 X33.1569 Y29.3097
G01 X33.1654 Y29.3087
G01 X35.1666 Y29.3087
G01 X35.1764 Y29.3097
G01 X35.1811 Y29.3109
G01 X35.1869 Y29.3130
G01 X35.1923 Y29.3158
G01 X35.1983 Y29.3201
G01 X35.2037 Y29.3251
G01 X35.2082 Y29.3309
G01 X35.2113 Y29.3362
G01 X35.2141 Y29.3430
G01 X35.2159 Y29.3502
G01 X35.2166 Y29.3575
G01 X35.2166 Y30.2587
G01 X35.2162 Y30.2648
G01 X35.2154 Y30.2697
G01 X35.2123 Y30.2790
G01 X35.2089 Y30.2855
G01 X35.2045 Y30.2914
G01 X35.2002 Y30.2958
G01 X35.1944 Y30.3003
G01 X35.1880 Y30.3039
G01 X35.1811 Y30.3066
G01 X35.1752 Y30.3080
G01 X35.1678 Y30.3087
G01 X33.1666 Y30.3087
G01 X33.1569 Y30.3077
G01 X33.1521 Y30.3066
G01 X33.1464 Y30.3044
G01 X33.1409 Y30.3016
G01 X33.1349 Y30.2974
G01 X33.1296 Y30.2923
G01 X33.1250 Y30.2865
G01 X33.1220 Y30.2812
G01 X33.1191 Y30.2744
G01 X33.1174 Y30.2673
G01 X33.1166 Y30.2599
G01 X33.1166 Y29.3587
G00 Z2.0000
G00 X33.1166 Y30.6287
G01 F60.00
G01 Z0.0000
G01 F60.00
G01 X33.1176 Y30.6189
G01 X33.1204 Y30.6096
G01 X33.1250 Y30.6009
G01 X33.1313 Y30.5933
G01 X33.1388 Y30.5871
G01 X33.1475 Y30.5825
G01 X33.1569 Y30.5797
G01 X33.1654 Y30.5787
G01 X35.1666 Y30.5787
G01 X35.1764 Y30.5797
G01 X35.1811 Y30.5809
G01 X35.1869 Y30.5830
G01 X35.1923 Y30.5858
G01 X35.1983 Y30.5901
G01 X35.2037 Y30.5951
G01 X35.2082 Y30.6009
G01 X35.2113 Y30.6062
G01 X35.2141 Y30.6130
G01 X35.2159 Y30.6202
G01 X35.2166 Y30.6275
G01 X35.2166 Y31.5287
G01 X35.2162 Y31.5348
G01 X35.2154 Y31.5397
G01 X35.2123 Y31.5490
G01 X35.2089 Y31.5555
G01 X35.2045 Y31.5614
G01 X35.2002 Y31.5658
G01 X35.1944 Y31.5703
G01 X35.1880 Y31.5739
G01 X35.1811 Y31.5766
G01 X35.1752 Y31.5780
G01 X35.1678 Y31.5787
G01 X33.1666 Y31.5787
G01 X33.1569 Y31.5777
G01 X33.1521 Y31.5766
G01 X33.1464 Y31.5744
G01 X33.1409 Y31.5716
G01 X33.1349 Y31.5674
G01 X33.1296 Y31.5623
G01 X33.1250 Y31.5565
G01 X33.1220 Y31.5512
G01 X33.1191 Y31.5444
G01 X33.1174 Y31.5373
G01 X33.1166 Y31.5299
G01 X33.1166 Y30.6287
G00 Z2.0000
G00 X33.1166 Y31.8987
G01 F60.00
G01 Z0.0000
G01 F60.00
G01 X33.1176 Y31.8889
G01 X33.1204 Y31.8796
G01 X33.1250 Y31.8709
G01 X33.1313 Y31.8633
G01 X33.1388 Y31.8571
G01 X33.1475 Y31.8525
G01 X33.1569 Y31.8497
G01 X33.1654 Y31.8487
G01 X35.1666 Y31.8487
G01 X35.1764 Y31.8497
G01 X35.1811 Y31.8509
G01 X35.1869 Y31.8530
G01 X35.1923 Y31.8558
G01 X35.1983 Y31.8601
G01 X35.2037 Y31.8651
G01 X35.2082 Y31.8709
G01 X35.2113 Y31.8762
G01 X35.2141 Y31.8830
G01 X35.2159 Y31.8902
G01 X35.2166 Y31.8975
G01 X35.2166 Y32.7987
G01 X35.2162 Y32.8048
G01 X35.2154 Y32.8097
G01 X35.2123 Y32.8190
G01 X35.2089 Y32.8255
G01 X35.2045 Y32.8314
G01 X35.2002 Y32.8358
G01 X35.1944 Y32.8403
G01 X35.1891 Y32.8434
G01 X35.1823 Y32.8462
G01 X35.1752 Y32.8480
G01 X35.1678 Y32.8487
G01 X33.1666 Y32.8487
G01 X33.1605 Y32.8483
G01 X33.1557 Y32.8475
G01 X33.1464 Y32.8444
G01 X33.1399 Y32.8409
G01 X33.1340 Y32.8366
G01 X33.1296 Y32.8323
G01 X33.1250 Y32.8265
G01 X33.1220 Y32.8212
G01 X33.1191 Y32.8144
G01 X33.1174 Y32.8073
G01 X33.1166 Y32.7999
G01 X33.1166 Y31.8987
G00 Z2.0000
G00 X33.1166 Y33.1687
G01 F60.00
G01 Z0.0000
G01 F60.00
G01 X33.1176 Y33.1589
G01 X33.1204 Y33.1496
G01 X33.1250 Y33.1409
G01 X33.1313 Y33.1333
G01 X33.1378 Y33.1278
G01 X33.1464 Y33.1230
G01 X33.1557 Y33.1199
G01 X33.1654 Y33.1187
G01 X35.1666 Y33.1187
G01 X35.1727 Y33.1191
G01 X35.1776 Y33.1199
G01 X35.1869 Y33.1230
G01 X35.1934 Y33.1265
G01 X35.1993 Y33.1308
G01 X35.2037 Y33.1351
G01 X35.2082 Y33.1409
G01 X35.2113 Y33.1462
G01 X35.2141 Y33.1530
G01 X35.2159 Y33.1602
G01 X35.2166 Y33.1675
G01 X35.2166 Y34.0687
G01 X35.2162 Y34.0748
G01 X35.2154 Y34.0797
G01 X35.2123 Y34.0890
G01 X35.2089 Y34.0955
G01 X35.2045 Y34.1014
G01 X35.2002 Y34.1058
G01 X35.1944 Y34.1103
G01 X35.1891 Y34.1134
G01 X35.1823 Y34.1162
G01 X35.1752 Y34.1180
G01 X35.1678 Y34.1187
G01 X33.1666 Y34.1187
G01 X33.1605 Y34.1183
G01 X33.1557 Y34.1175
G01 X33.1464 Y34.1144
G01 X33.1399 Y34.1109
G01 X33.1340 Y34.1066
G01 X33.1296 Y34.1023
G01 X33.1250 Y34.0965
G01 X33.1220 Y34.0912
G01 X33.1191 Y34.0844
G01 X33.1174 Y34.0773
G01 X33.1166 Y34.0699
G01 X33.1166 Y33.1687
G00 Z2.0000
G00 X33.1166 Y36.9787
G01 F60.00
G01 Z0.0000
G01 F60.00
G01 X33.1176 Y36.9689
G01 X33.1204 Y36.9596
G01 X33.1250 Y36.9509
G01 X33.1313 Y36.9433
G01 X33.1378 Y36.9378
G01 X33.1464 Y36.9330
G01 X33.1557 Y36.9299
G01 X33.1654 Y36.9287
G01 X35.1666 Y36.9287
G01 X35.1727 Y36.9291
G01 X35.1776 Y36.9299
G01 X35.1869 Y36.9330
G01 X35.1934 Y36.9365
G01 X35.1993 Y36.9408
G01 X35.2037 Y36.9451
G01 X35.2082 Y36.9509
G01 X35.2113 Y36.9562
G01 X35.2141 Y36.9630
G01 X35.2159 Y36.9702
G01 X35.2166 Y36.9775
G01 X35.2166 Y37.8787
G01 X35.2162 Y37.8848
G01 X35.2154 Y37.8897
G01 X35.2123 Y37.8990
G01 X35.2089 Y37.9055
G01 X35.2045 Y37.9114
G01 X35.2002 Y37.9158
G01 X35.1944 Y37.9203
G01 X35.1891 Y37.9234
G01 X35.1823 Y37.9262
G01 X35.1752 Y37.9280
G01 X35.1678 Y37.9287
G01 X33.1666 Y37.9287
G01 X33.1605 Y37.9283
G01 X33.1557 Y37.9275
G01 X33.1464 Y37.9244
G01 X33.1399 Y37.9209
G01 X33.1340 Y37.9166
G01 X33.1296 Y37.9123
G01 X33.1250 Y37.9065
G01 X33.1220 Y37.9012
G01 X33.1191 Y37.8944
G01 X33.1174 Y37.8873
G01 X33.1166 Y37.8799
G01 X33.1166 Y36.9787
G00 Z2.0000
G00 X33.1166 Y38.2487
G01 F60.00
G01 Z0.0000
G01 F60.00
G01 X33.1176 Y38.2389
G01 X33.1204 Y38.2296
G01 X33.1250 Y38.2209
G01 X33.1313 Y38.2133
G01 X33.1378 Y38.2078
G01 X33.1464 Y38.2030
G01 X33.1557 Y38.1999
G01 X33.1654 Y38.1987
G01 X35.1666 Y38.1987
G01 X35.1727 Y38.1991
G01 X35.1776 Y38.1999
G01 X35.1869 Y38.2030
G01 X35.1934 Y38.2065
G01 X35.1993 Y38.2108
G01 X35.2037 Y38.2151
G01 X35.2082 Y38.2209
G01 X35.2113 Y38.2262
G01 X35.2141 Y38.2330
G01 X35.2159 Y38.2402
G01 X35.2166 Y38.2475
G01 X35.2166 Y39.1487
G01 X35.2162 Y39.1548
G01 X35.2154 Y39.1597
G01 X35.2123 Y39.1690
G01 X35.2089 Y39.1755
G01 X35.2045 Y39.1814
G01 X35.2002 Y39.1858
G01 X35.1944 Y39.1903
G01 X35.1891 Y39.1934
G01 X35.1823 Y39.1962
G01 X35.1752 Y39.1980
G01 X35.1678 Y39.1987
G01 X33.1666 Y39.1987
G01 X33.1605 Y39.1983
G01 X33.1557 Y39.1975
G01 X33.1464 Y39.1944
G01 X33.1399 Y39.1909
G01 X33.1340 Y39.1866
G01 X33.1296 Y39.1823
G01 X33.1250 Y39.1765
G01 X33.1220 Y39.1712
G01 X33.1191 Y39.1644
G01 X33.1174 Y39.1573
G01 X33.1166 Y39.1499
G01 X33.1166 Y38.2487
G00 Z2.0000
G00 X33.1166 Y39.5187
G01 F60.00
G01 Z0.0000
G01 F60.00
G01 X33.1176 Y39.5089
G01 X33.1204 Y39.4996
G01 X33.1250 Y39.4909
G01 X33.1313 Y39.4833
G01 X33.1378 Y39.4778
G01 X33.1464 Y39.4730
G01 X33.1557 Y39.4699
G01 X33.1654 Y39.4687
G01 X35.1666 Y39.4687
G01 X35.1727 Y39.4691
G01 X35.1776 Y39.4699
G01 X35.1869 Y39.4730
G01 X35.1934 Y39.4765
G01 X35.1993 Y39.4808
G01 X35.2037 Y39.4851
G01 X35.2082 Y39.4909
G01 X35.2113 Y39.4962
G01 X35.2141 Y39.5030
G01 X35.2159 Y39.5102
G01 X35.2166 Y39.5175
G01 X35.2166 Y40.4187
G01 X35.2162 Y40.4248
G01 X35.2154 Y40.4297
G01 X35.2123 Y40.4390
G01 X35.2089 Y40.4455
G01 X35.2045 Y40.4514
G01 X35.2002 Y40.4558
G01 X35.1944 Y40.4603
G01 X35.1891 Y40.4634
G01 X35.1823 Y40.4662
G01 X35.1752 Y40.4680
G01 X35.1678 Y40.4687
G01 X33.1666 Y40.4687
G01 X33.1605 Y40.4683
G01 X33.1557 Y40.4675
G01 X33.1464 Y40.4644
G01 X33.1399 Y40.4609
G01 X33.1340 Y40.4566
G01 X33.1296 Y40.4523
G01 X33.1250 Y40.4465
G01 X33.1220 Y40.4412
G01 X33.1191 Y40.4344
G01 X33.1174 Y40.4273
G01 X33.1166 Y40.4199
G01 X33.1166 Y39.5187
G00 Z2.0000
G00 X35.2166 Y41.6887
G01 F60.00
G01 Z0.0000
G01 F60.00
G01 X35.2157 Y41.6985
G01 X35.2128 Y41.7078
G01 X35.2082 Y41.7165
G01 X35.2020 Y41.7241
G01 X35.1954 Y41.7296
G01 X35.1869 Y41.7344
G01 X35.1776 Y41.7375
G01 X35.1678 Y41.7387
G01 X33.1666 Y41.7387
G01 X33.1605 Y41.7383
G01 X33.1557 Y41.7375
G01 X33.1464 Y41.7344
G01 X33.1399 Y41.7309
G01 X33.1340 Y41.7266
G01 X33.1296 Y41.7223
G01 X33.1250 Y41.7165
G01 X33.1220 Y41.7112
G01 X33.1191 Y41.7044
G01 X33.1174 Y41.6973
G01 X33.1166 Y41.6899
G01 X33.1166 Y40.7887
G01 X33.1170 Y40.7826
G01 X33.1178 Y40.7777
G01 X33.1209 Y40.7684
G01 X33.1244 Y40.7620
G01 X33.1288 Y40.7560
G01 X33.1330 Y40.7517
G01 X33.1388 Y40.7471
G01 X33.1441 Y40.7440
G01 X33.1509 Y40.7412
G01 X33.1581 Y40.7394
G01 X33.1654 Y40.7387
G01 X35.1666 Y40.7387
G01 X35.1727 Y40.7391
G01 X35.1776 Y40.7399
G01 X35.1869 Y40.7430
G01 X35.1934 Y40.7465
G01 X35.1993 Y40.7508
G01 X35.2037 Y40.7551
G01 X35.2082 Y40.7609
G01 X35.2113 Y40.7662
G01 X35.2141 Y40.7730
G01 X35.2159 Y40.7802
G01 X35.2166 Y40.7875
G01 X35.2166 Y41.6887
G00 Z2.0000
G00 X35.2166 Y42.9587
G01 F60.00
G01 Z0.0000
G01 F60.00
G01 X35.2157 Y42.9685
G01 X35.2128 Y42.9778
G01 X35.2082 Y42.9865
G01 X35.2020 Y42.9941
G01 X35.1954 Y42.9996
G01 X35.1869 Y43.0044
G01 X35.1776 Y43.0075
G01 X35.1678 Y43.0087
G01 X33.1666 Y43.0087
G01 X33.1605 Y43.0083
G01 X33.1557 Y43.0075
G01 X33.1464 Y43.0044
G01 X33.1399 Y43.0009
G01 X33.1340 Y42.9966
G01 X33.1296 Y42.9923
G01 X33.1250 Y42.9865
G01 X33.1220 Y42.9812
G01 X33.1191 Y42.9744
G01 X33.1174 Y42.9673
G01 X33.1166 Y42.9599
G01 X33.1166 Y42.0587
G01 X33.1170 Y42.0526
G01 X33.1178 Y42.0477
G01 X33.1209 Y42.0384
G01 X33.1244 Y42.0320
G01 X33.1288 Y42.0260
G01 X33.1330 Y42.0217
G01 X33.1388 Y42.0171
G01 X33.1441 Y42.0140
G01 X33.1509 Y42.0112
G01 X33.1581 Y42.0094
G01 X33.1654 Y42.0087
G01 X35.1666 Y42.0087
G01 X35.1727 Y42.0091
G01 X35.1776 Y42.0099
G01 X35.1869 Y42.0130
G01 X35.1934 Y42.0165
G01 X35.1993 Y42.0208
G01 X35.2037 Y42.0251
G01 X35.2082 Y42.0309
G01 X35.2113 Y42.0362
G01 X35.2141 Y42.0430
G01 X35.2159 Y42.0502
G01 X35.2166 Y42.0575
G01 X35.2166 Y42.9587
G00 Z2.0000
G00 X33.1166 Y45.8687
G01 F60.00
G01 Z0.0000
G01 F60.00
G01 X33.1176 Y45.8589
G01 X33.1204 Y45.8496
G01 X33.1250 Y45.8409
G01 X33.1313 Y45.8333
G01 X33.1378 Y45.8278
G01 X33.1464 Y45.8230
G01 X33.1557 Y45.8199
G01 X33.1654 Y45.8187
G01 X35.1666 Y45.8187
G01 X35.1727 Y45.8191
G01 X35.1776 Y45.8199
G01 X35.1869 Y45.8230
G01 X35.1934 Y45.8265
G01 X35.1993 Y45.8308
G01 X35.2037 Y45.8351
G01 X35.2082 Y45.8409
G01 X35.2113 Y45.8462
G01 X35.2141 Y45.8530
G01 X35.2159 Y45.8602
G01 X35.2166 Y45.8675
G01 X35.2166 Y46.7687
G01 X35.2162 Y46.7748
G01 X35.2154 Y46.7797
G01 X35.2123 Y46.7890
G01 X35.2089 Y46.7955
G01 X35.2045 Y46.8014
G01 X35.2002 Y46.8058
G01 X35.1944 Y46.8103
G01 X35.1891 Y46.8134
G01 X35.1823 Y46.8162
G01 X35.1752 Y46.8180
G01 X35.1678 Y46.8187
G01 X33.1666 Y46.8187
G01 X33.1605 Y46.8183
G01 X33.1557 Y46.8175
G01 X33.1464 Y46.8144
G01 X33.1399 Y46.8109
G01 X33.1340 Y46.8066
G01 X33.1296 Y46.8023
G01 X33.1250 Y46.7965
G01 X33.1220 Y46.7912
G01 X33.1191 Y46.7844
G01 X33.1174 Y46.7773
G01 X33.1166 Y46.7699
G01 X33.1166 Y45.8687
G00 Z2.0000
G00 X36.7323 Y37.1113
G01 F60.00
G01 Z0.0000
G01 F60.00
G01 X36.7956 Y37.1077
G01 X36.8777 Y37.1020
G01 X36.8921 Y37.0990
G01 X36.9097 Y37.0979
G01 X36.9421 Y37.0905
G01 X36.9981 Y37.0795
G01 X37.0191 Y37.0760
G01 X37.0435 Y37.0673
G01 X37.0505 Y37.0652
G01 X37.0844 Y37.0517
G01 X37.1614 Y37.0232
G01 X37.1787 Y37.0132
G01 X37.1875 Y37.0095
G01 X37.2143 Y36.9930
G01 X37.2919 Y36.9504
G01 X37.3048 Y36.9391
G01 X37.3127 Y36.9336
G01 X37.3303 Y36.9187
G01 X37.3823 Y36.8767
G01 X37.3873 Y36.8732
G01 X37.3919 Y36.8706
G01 X37.4151 Y36.8515
G01 X42.9154 Y31.3493
G01 X42.9314 Y31.3359
G01 X42.9448 Y31.3199
G01 X42.9609 Y31.3037
G01 X42.9936 Y31.2652
G01 X43.0270 Y31.2279
G01 X43.0345 Y31.2165
G01 X43.0468 Y31.2031
G01 X43.0802 Y31.1492
G01 X43.1098 Y31.1043
G01 X43.1148 Y31.0936
G01 X43.1248 Y31.0764
G01 X43.1616 Y30.9883
G01 X43.1701 Y30.9709
G01 X43.1742 Y30.9584
G01 X43.1822 Y30.9404
G01 X43.2051 Y30.8449
G01 X43.2104 Y30.8279
G01 X43.2116 Y30.8174
G01 X43.2162 Y30.7976
G01 X43.2285 Y30.6559
G01 X43.2277 Y30.6473
G01 X43.2267 Y30.6156
G01 X43.2268 Y30.3111
G01 X43.2282 Y30.3015
G01 X43.2315 Y30.2922
G01 X43.2366 Y30.2838
G01 X43.2431 Y30.2766
G01 X43.2510 Y30.2707
G01 X43.2587 Y30.2670
G01 X43.2670 Y30.2646
G01 X43.2755 Y30.2636
G01 X43.9517 Y30.2636
G01 X43.9614 Y30.2646
G01 X43.9685 Y30.2665
G01 X43.9752 Y30.2695
G01 X43.9814 Y30.2734
G01 X43.9861 Y30.2773
G01 X44.1807 Y30.4709
G01 X44.1859 Y30.4778
G01 X44.1903 Y30.4866
G01 X44.1927 Y30.4948
G01 X44.1937 Y30.5046
G01 X44.1937 Y39.3816
G01 X44.1933 Y39.3877
G01 X44.1922 Y39.3938
G01 X44.1904 Y39.3996
G01 X44.1878 Y39.4052
G01 X44.1846 Y39.4104
G01 X44.1808 Y39.4152
G01 X44.1764 Y39.4195
G01 X44.1717 Y39.4230
G01 X44.1716 Y39.6033
G01 X44.1699 Y39.6129
G01 X44.1664 Y39.6221
G01 X44.1611 Y39.6304
G01 X44.1553 Y39.6367
G01 X44.1485 Y39.6418
G01 X44.1409 Y39.6458
G01 X44.1327 Y39.6484
G01 X44.1229 Y39.6496
G01 X43.7007 Y39.6496
G01 X43.6922 Y39.6489
G01 X43.6839 Y39.6467
G01 X43.6782 Y39.6443
G01 X43.6719 Y39.6405
G01 X43.6671 Y39.6367
G01 X43.6629 Y39.6323
G01 X43.6591 Y39.6274
G01 X43.6555 Y39.6210
G01 X43.6532 Y39.6153
G01 X43.6515 Y39.6082
G01 X43.6507 Y39.5996
G01 X43.6507 Y39.4496
G01 X40.9917 Y39.4496
G01 X40.9868 Y39.4494
G01 X40.9808 Y39.4484
G01 X40.9749 Y39.4467
G01 X40.9692 Y39.4443
G01 X40.9639 Y39.4412
G01 X40.9600 Y39.4383
G01 X40.9555 Y39.4341
G01 X40.9516 Y39.4294
G01 X40.9471 Y39.4221
G01 X40.9439 Y39.4141
G01 X40.9421 Y39.4057
G01 X40.9419 Y39.3959
G01 X40.9432 Y39.3875
G01 X40.9460 Y39.3794
G01 X40.9501 Y39.3718
G01 X40.9555 Y39.3651
G01 X42.5509 Y37.7687
G01 X42.6292 Y37.6760
G01 X42.7122 Y37.5435
G01 X42.7673 Y37.4120
G01 X42.8023 Y37.2694
G01 X42.8154 Y37.1235
G01 X42.8148 Y37.1177
G01 X42.8060 Y36.9745
G01 X42.7739 Y36.8268
G01 X42.7178 Y36.6946
G01 X42.6464 Y36.5671
G01 X42.5536 Y36.4564
G01 X42.4431 Y36.3563
G01 X42.3179 Y36.2748
G01 X42.1817 Y36.2156
G01 X42.1739 Y36.2126
G01 X42.0412 Y36.1768
G01 X41.8988 Y36.1596
G01 X41.8105 Y36.1645
G01 X41.7439 Y36.1674
G01 X41.6380 Y36.1895
G01 X41.6042 Y36.1959
G01 X41.4619 Y36.2491
G01 X41.3616 Y36.3060
G01 X41.3340 Y36.3220
G01 X41.2101 Y36.4209
G01 X38.5291 Y39.1020
G01 X38.5211 Y39.1086
G01 X38.5149 Y39.1161
G01 X38.4845 Y39.1466
G01 X38.4447 Y39.1931
G01 X38.4258 Y39.2146
G01 X38.4183 Y39.2253
G01 X38.4014 Y39.2450
G01 X38.3752 Y39.2890
G01 X38.3407 Y39.3418
G01 X38.3327 Y39.3593
G01 X38.3250 Y39.3714
G01 X38.2978 Y39.4360
G01 X38.2793 Y39.4761
G01 X38.2694 Y39.5020
G01 X38.2472 Y39.5907
G01 X38.2389 Y39.6221
G01 X38.2377 Y39.6308
G01 X38.2342 Y39.6456
G01 X38.2209 Y39.7951
G01 X38.2227 Y39.8216
G01 X38.2227 Y40.1848
G01 X38.2218 Y40.1934
G01 X38.2198 Y40.2004
G01 X38.2168 Y40.2072
G01 X38.2121 Y40.2144
G01 X38.2081 Y40.2190
G01 X35.7021 Y42.7260
G01 X35.6965 Y42.7308
G01 X35.6903 Y42.7347
G01 X35.6836 Y42.7377
G01 X35.6777 Y42.7394
G01 X35.6716 Y42.7404
G01 X35.6643 Y42.7405
G01 X35.6570 Y42.7396
G01 X35.6510 Y42.7381
G01 X35.6432 Y42.7347
G01 X35.6369 Y42.7308
G01 X35.6305 Y42.7251
G01 X35.6258 Y42.7194
G01 X35.6221 Y42.7131
G01 X35.6192 Y42.7063
G01 X35.6173 Y42.6979
G01 X35.6167 Y42.6906
G01 X35.6167 Y37.1586
G01 X35.6177 Y37.1488
G01 X35.6196 Y37.1418
G01 X35.6232 Y37.1340
G01 X35.6281 Y37.1269
G01 X35.6341 Y37.1207
G01 X35.6410 Y37.1157
G01 X35.6487 Y37.1120
G01 X35.6570 Y37.1096
G01 X35.6655 Y37.1086
G01 X36.7067 Y37.1086
G01 X36.7126 Y37.1089
G01 X36.7323 Y37.1113
G00 Z2.0000
G00 X41.4748 Y36.7229
G01 F60.00
G01 Z0.0000
G01 F60.00
G01 X41.5148 Y36.6867
G01 X41.5582 Y36.6545
G01 X41.6045 Y36.6267
G01 X41.6511 Y36.6046
G01 X41.7066 Y36.5848
G01 X41.7566 Y36.5723
G01 X41.8100 Y36.5644
G01 X41.8639 Y36.5618
G01 X41.9179 Y36.5644
G01 X41.9713 Y36.5723
G01 X42.0213 Y36.5848
G01 X42.0767 Y36.6046
G01 X42.1233 Y36.6267
G01 X42.1716 Y36.6559
G01 X42.2130 Y36.6867
G01 X42.2530 Y36.7229
G01 X42.2893 Y36.7629
G01 X42.3214 Y36.8063
G01 X42.3492 Y36.8526
G01 X42.3723 Y36.9014
G01 X42.3905 Y36.9523
G01 X42.4031 Y37.0023
G01 X42.4115 Y37.0581
G01 X42.4141 Y37.1095
G01 X42.4112 Y37.1684
G01 X42.4036 Y37.2194
G01 X42.3905 Y37.2717
G01 X42.3723 Y37.3226
G01 X42.3492 Y37.3714
G01 X42.3214 Y37.4177
G01 X42.2908 Y37.4591
G01 X42.2530 Y37.5011
G01 X39.7228 Y40.0313
G01 X39.7228 Y40.0498
G01 X40.3008 Y40.0498
G01 X40.3008 Y39.9000
G01 X40.3012 Y39.8939
G01 X40.3020 Y39.8890
G01 X40.3042 Y39.8820
G01 X40.3079 Y39.8743
G01 X40.3130 Y39.8673
G01 X40.3182 Y39.8621
G01 X40.3241 Y39.8578
G01 X40.3317 Y39.8538
G01 X40.3387 Y39.8515
G01 X40.3459 Y39.8502
G01 X41.3758 Y39.8500
G01 X41.3844 Y39.8507
G01 X41.3927 Y39.8529
G01 X41.4005 Y39.8565
G01 X41.4066 Y39.8606
G01 X41.4112 Y39.8646
G01 X41.4145 Y39.8683
G01 X41.4174 Y39.8722
G01 X41.4205 Y39.8775
G01 X41.4229 Y39.8832
G01 X41.4246 Y39.8890
G01 X41.4254 Y39.8939
G01 X41.4258 Y39.9000
G01 X41.4258 Y41.3000
G01 X41.4254 Y41.3061
G01 X41.4246 Y41.3110
G01 X41.4215 Y41.3203
G01 X41.4167 Y41.3288
G01 X41.4129 Y41.3336
G01 X41.4094 Y41.3371
G01 X41.4015 Y41.3429
G01 X41.3938 Y41.3467
G01 X41.3844 Y41.3493
G01 X41.3758 Y41.3500
G01 X40.3459 Y41.3498
G01 X40.3375 Y41.3482
G01 X40.3306 Y41.3457
G01 X40.3230 Y41.3416
G01 X40.3172 Y41.3371
G01 X40.3122 Y41.3317
G01 X40.3073 Y41.3246
G01 X40.3042 Y41.3180
G01 X40.3020 Y41.3110
G01 X40.3012 Y41.3061
G01 X40.3008 Y41.3000
G01 X40.3008 Y41.1503
G01 X39.4004 Y41.1503
G01 X36.3796 Y44.1710
G01 X36.3405 Y44.2065
G01 X36.2950 Y44.2399
G01 X36.2508 Y44.2664
G01 X36.2042 Y44.2885
G01 X36.1535 Y44.3069
G01 X36.0963 Y44.3212
G01 X36.0454 Y44.3287
G01 X35.9926 Y44.3313
G01 X34.1678 Y44.3313
G01 X34.1151 Y44.3287
G01 X34.0605 Y44.3205
G01 X34.0081 Y44.3073
G01 X33.9596 Y44.2899
G01 X33.9355 Y44.2787
G01 X33.1654 Y44.2787
G01 X33.1557 Y44.2775
G01 X33.1464 Y44.2744
G01 X33.1409 Y44.2716
G01 X33.1368 Y44.2689
G01 X33.1296 Y44.2623
G01 X33.1237 Y44.2544
G01 X33.1200 Y44.2467
G01 X33.1176 Y44.2385
G01 X33.1166 Y44.2299
G01 X33.1166 Y43.3275
G01 X33.1174 Y43.3202
G01 X33.1191 Y43.3130
G01 X33.1220 Y43.3062
G01 X33.1257 Y43.2999
G01 X33.1304 Y43.2942
G01 X33.1359 Y43.2893
G01 X33.1420 Y43.2852
G01 X33.1486 Y43.2821
G01 X33.1581 Y43.2794
G01 X33.1666 Y43.2787
G01 X33.9382 Y43.2787
G01 X33.9572 Y43.2699
G01 X34.0057 Y43.2525
G01 X34.0581 Y43.2393
G01 X34.1127 Y43.2311
G01 X34.1654 Y43.2285
G01 X34.2167 Y43.2309
G01 X35.7635 Y43.2309
G01 X38.6223 Y40.3721
G01 X38.6223 Y39.8034
G01 X38.6251 Y39.7482
G01 X38.6328 Y39.6961
G01 X38.6453 Y39.6460
G01 X38.6642 Y39.5928
G01 X38.6884 Y39.5419
G01 X38.7150 Y39.4977
G01 X38.7464 Y39.4553
G01 X38.7834 Y39.4143
G01 X41.4748 Y36.7229
G00 Z2.0000
G00 X42.8166 Y43.1457
G01 F60.00
G01 Z0.0000
G01 F60.00
G01 X42.7977 Y43.1466
G01 X39.5497 Y43.1466
G01 X39.5315 Y43.1456
G01 X39.5157 Y43.1466
G01 X38.0997 Y43.1466
G01 X38.0938 Y43.1463
G01 X38.0844 Y43.1449
G01 X38.0761 Y43.1428
G01 X38.0672 Y43.1386
G01 X38.0593 Y43.1328
G01 X38.0527 Y43.1255
G01 X38.0493 Y43.1204
G01 X38.0471 Y43.1160
G01 X38.0449 Y43.1103
G01 X38.0437 Y43.1055
G01 X38.0429 Y43.0994
G01 X38.0427 Y43.0945
G01 X38.0439 Y43.0847
G01 X38.0470 Y43.0754
G01 X38.0511 Y43.0679
G01 X38.0574 Y43.0603
G01 X39.5550 Y41.5618
G01 X39.5620 Y41.5567
G01 X39.5697 Y41.5530
G01 X39.5768 Y41.5508
G01 X39.5853 Y41.5497
G01 X39.8507 Y41.5496
G01 X39.8593 Y41.5503
G01 X39.8676 Y41.5525
G01 X39.8754 Y41.5561
G01 X39.8815 Y41.5602
G01 X39.8878 Y41.5660
G01 X39.8923 Y41.5718
G01 X39.8964 Y41.5793
G01 X39.8992 Y41.5875
G01 X39.9003 Y41.5935
G01 X39.9007 Y41.5996
G01 X39.9007 Y41.7496
G01 X42.4727 Y41.7496
G01 X42.4788 Y41.7500
G01 X42.4849 Y41.7511
G01 X42.4907 Y41.7529
G01 X42.4963 Y41.7555
G01 X42.5025 Y41.7594
G01 X42.5081 Y41.7642
G01 X43.5561 Y42.8112
G01 X43.5609 Y42.8168
G01 X43.5642 Y42.8219
G01 X43.5674 Y42.8286
G01 X43.5695 Y42.8356
G01 X43.5705 Y42.8417
G01 X43.5707 Y42.8466
G01 X43.5706 Y43.1543
G01 X43.5695 Y43.1616
G01 X43.5678 Y43.1674
G01 X43.5654 Y43.1731
G01 X43.5616 Y43.1794
G01 X43.5578 Y43.1842
G01 X43.5524 Y43.1893
G01 X43.5464 Y43.1935
G01 X43.5399 Y43.1968
G01 X43.5305 Y43.1996
G01 X43.5207 Y43.2006
G01 X43.1321 Y43.2005
G01 X43.1260 Y43.1997
G01 X43.1213 Y43.1985
G01 X43.1058 Y43.1924
G01 X43.0146 Y43.1701
G01 X42.9907 Y43.1631
G01 X42.9772 Y43.1619
G01 X42.9614 Y43.1581
G01 X42.8166 Y43.1457
G00 Z2.0000
G00 X52.4567 Y43.9976
G01 F60.00
G01 Z0.0000
G01 F60.00
G01 X55.3567 Y43.9976
G01 X55.3567 Y48.5404
G01 X55.1995 Y48.6976
G01 X52.4567 Y48.6976
G01 X52.4567 Y43.9976
G00 Z2.0000
G00 X54.9564 Y48.2478
G01 F60.00
G01 Z0.0000
G01 F60.00
G01 X54.9555 Y48.2576
G01 X54.9526 Y48.2669
G01 X54.9480 Y48.2756
G01 X54.9418 Y48.2832
G01 X54.9342 Y48.2894
G01 X54.9256 Y48.2940
G01 X54.9162 Y48.2969
G01 X54.9064 Y48.2978
G01 X52.9052 Y48.2978
G01 X52.8991 Y48.2973
G01 X52.8931 Y48.2960
G01 X52.8862 Y48.2935
G01 X52.8807 Y48.2907
G01 X52.8747 Y48.2865
G01 X52.8702 Y48.2823
G01 X52.8655 Y48.2766
G01 X52.8623 Y48.2714
G01 X52.8598 Y48.2658
G01 X52.8579 Y48.2600
G01 X52.8568 Y48.2539
G01 X52.8564 Y48.2478
G01 X52.8564 Y44.4478
G01 X52.8568 Y44.4417
G01 X52.8582 Y44.4345
G01 X52.8607 Y44.4275
G01 X52.8635 Y44.4221
G01 X52.8678 Y44.4161
G01 X52.8719 Y44.4116
G01 X52.8776 Y44.4069
G01 X52.8828 Y44.4037
G01 X52.8884 Y44.4012
G01 X52.8943 Y44.3993
G01 X52.9003 Y44.3982
G01 X52.9064 Y44.3978
G01 X54.9064 Y44.3978
G01 X54.9125 Y44.3982
G01 X54.9198 Y44.3996
G01 X54.9267 Y44.4021
G01 X54.9321 Y44.4049
G01 X54.9381 Y44.4092
G01 X54.9426 Y44.4133
G01 X54.9473 Y44.4190
G01 X54.9505 Y44.4242
G01 X54.9531 Y44.4298
G01 X54.9549 Y44.4357
G01 X54.9560 Y44.4417
G01 X54.9564 Y44.4478
G01 X54.9564 Y48.2478
G00 Z2.0000
G00 X51.2752 Y35.0805
G01 F60.00
G01 Z0.0000
G01 F60.00
G01 X51.2811 Y35.0711
G01 X51.2875 Y35.0620
G01 X51.2940 Y35.0540
G01 X51.3014 Y35.0458
G01 X51.3099 Y35.0376
G01 X51.3176 Y35.0310
G01 X51.3264 Y35.0242
G01 X51.3351 Y35.0183
G01 X51.3446 Y35.0128
G01 X51.3545 Y35.0077
G01 X51.3647 Y35.0033
G01 X51.3748 Y34.9996
G01 X51.3847 Y34.9966
G01 X51.3956 Y34.9941
G01 X51.4062 Y34.9922
G01 X51.4172 Y34.9910
G01 X51.4318 Y34.9904
G01 X52.3751 Y34.9905
G01 X52.3896 Y34.9915
G01 X52.4038 Y34.9937
G01 X52.4176 Y34.9969
G01 X52.4314 Y35.0013
G01 X52.4447 Y35.0068
G01 X52.4576 Y35.0133
G01 X52.4699 Y35.0208
G01 X52.4810 Y35.0288
G01 X52.4913 Y35.0376
G01 X52.5021 Y35.0482
G01 X52.5115 Y35.0591
G01 X52.5196 Y35.0702
G01 X52.5271 Y35.0824
G01 X52.5337 Y35.0952
G01 X52.5392 Y35.1083
G01 X52.5437 Y35.1220
G01 X52.5467 Y35.1339
G01 X52.5488 Y35.1459
G01 X52.5501 Y35.1581
G01 X52.5506 Y35.1707
G01 X52.5506 Y36.6592
G01 X52.5503 Y36.6691
G01 X52.5493 Y36.6812
G01 X52.5474 Y36.6933
G01 X52.5449 Y36.7045
G01 X52.5415 Y36.7159
G01 X52.5373 Y36.7274
G01 X52.5327 Y36.7378
G01 X52.5271 Y36.7484
G01 X52.5212 Y36.7582
G01 X52.5144 Y36.7679
G01 X52.5072 Y36.7768
G01 X52.4990 Y36.7859
G01 X52.4904 Y36.7941
G01 X52.4816 Y36.8015
G01 X52.4718 Y36.8087
G01 X52.4618 Y36.8151
G01 X52.4513 Y36.8209
G01 X52.4509 Y39.8439
G01 X52.5199 Y39.8440
G01 X52.5325 Y39.8448
G01 X52.5442 Y39.8466
G01 X52.5607 Y39.8505
G01 X52.5771 Y39.8564
G01 X52.5926 Y39.8640
G01 X52.6072 Y39.8732
G01 X52.6151 Y39.8792
G01 X52.6224 Y39.8855
G01 X52.6290 Y39.8919
G01 X52.6353 Y39.8987
G01 X52.6409 Y39.9056
G01 X52.6464 Y39.9131
G01 X52.6516 Y39.9213
G01 X52.6562 Y39.9296
G01 X52.6603 Y39.9380
G01 X52.6640 Y39.9470
G01 X52.6670 Y39.9559
G01 X52.6696 Y39.9656
G01 X52.6715 Y39.9744
G01 X52.6729 Y39.9835
G01 X52.6737 Y39.9930
G01 X52.6740 Y40.0025
G01 X52.6743 Y40.6189
G01 X52.6739 Y41.2404
G01 X52.6733 Y41.2506
G01 X52.6720 Y41.2606
G01 X52.6700 Y41.2708
G01 X52.6675 Y41.2802
G01 X52.6642 Y41.2902
G01 X52.6605 Y41.2992
G01 X52.6565 Y41.3077
G01 X52.6513 Y41.3171
G01 X52.6457 Y41.3257
G01 X52.6394 Y41.3341
G01 X52.6324 Y41.3423
G01 X52.6256 Y41.3493
G01 X52.6180 Y41.3562
G01 X52.6100 Y41.3626
G01 X52.6013 Y41.3686
G01 X52.5930 Y41.3736
G01 X52.5927 Y42.9326
G01 X52.5900 Y42.9853
G01 X52.5825 Y43.0363
G01 X52.5690 Y43.0911
G01 X52.5508 Y43.1420
G01 X52.5265 Y43.1929
G01 X52.4999 Y43.2371
G01 X52.4693 Y43.2785
G01 X52.4324 Y43.3196
G01 X51.3254 Y44.4266
G01 X51.3255 Y46.9930
G01 X51.3228 Y47.0469
G01 X51.3153 Y47.0979
G01 X51.3014 Y47.1539
G01 X51.2836 Y47.2036
G01 X51.2593 Y47.2545
G01 X51.2327 Y47.2987
G01 X51.2021 Y47.3401
G01 X51.1652 Y47.3812
G01 X49.5095 Y49.0369
G01 X49.4695 Y49.0732
G01 X49.4281 Y49.1039
G01 X49.3776 Y49.1342
G01 X49.3310 Y49.1562
G01 X49.2801 Y49.1744
G01 X49.2278 Y49.1875
G01 X49.1744 Y49.1954
G01 X49.1204 Y49.1981
G01 X48.6564 Y49.1981
G01 X48.6564 Y49.3978
G01 X48.6557 Y49.4063
G01 X48.6539 Y49.4135
G01 X48.6505 Y49.4214
G01 X48.6466 Y49.4276
G01 X48.6409 Y49.4340
G01 X48.6352 Y49.4387
G01 X48.6278 Y49.4430
G01 X48.6209 Y49.4456
G01 X48.6125 Y49.4474
G01 X48.6064 Y49.4478
G01 X46.6064 Y49.4478
G01 X46.5979 Y49.4471
G01 X46.5907 Y49.4453
G01 X46.5839 Y49.4425
G01 X46.5766 Y49.4380
G01 X46.5711 Y49.4332
G01 X46.5655 Y49.4266
G01 X46.5617 Y49.4203
G01 X46.5589 Y49.4135
G01 X46.5571 Y49.4063
G01 X46.5564 Y49.3978
G01 X46.5564 Y47.8966
G01 X46.5568 Y47.8917
G01 X46.5579 Y47.8856
G01 X46.5593 Y47.8810
G01 X46.5617 Y47.8753
G01 X46.5648 Y47.8700
G01 X46.5686 Y47.8651
G01 X46.5728 Y47.8607
G01 X46.5766 Y47.8576
G01 X46.5839 Y47.8531
G01 X46.5907 Y47.8503
G01 X46.5979 Y47.8485
G01 X46.6064 Y47.8478
G01 X48.6113 Y47.8480
G01 X48.6197 Y47.8496
G01 X48.6267 Y47.8521
G01 X48.6342 Y47.8562
G01 X48.6400 Y47.8607
G01 X48.6451 Y47.8661
G01 X48.6499 Y47.8732
G01 X48.6535 Y47.8810
G01 X48.6557 Y47.8892
G01 X48.6564 Y47.8978
G01 X48.6564 Y48.0976
G01 X48.8925 Y48.0976
G01 X50.2249 Y46.7652
G01 X50.2249 Y44.1986
G01 X50.2275 Y44.1447
G01 X50.2350 Y44.0937
G01 X50.2486 Y44.0389
G01 X50.2668 Y43.9880
G01 X50.2910 Y43.9371
G01 X50.3176 Y43.8929
G01 X50.3483 Y43.8515
G01 X50.3852 Y43.8104
G01 X51.4922 Y42.7035
G01 X51.4922 Y40.9265
G01 X51.4745 Y40.9068
G01 X51.4424 Y40.8634
G01 X51.4153 Y40.8181
G01 X51.3918 Y40.7681
G01 X51.3741 Y40.7184
G01 X51.3609 Y40.6661
G01 X51.3530 Y40.6126
G01 X51.3504 Y40.5599
G01 X51.3504 Y36.8211
G01 X51.3398 Y36.8153
G01 X51.3301 Y36.8091
G01 X51.3203 Y36.8020
G01 X51.3109 Y36.7941
G01 X51.3022 Y36.7859
G01 X51.2940 Y36.7768
G01 X51.2864 Y36.7673
G01 X51.2798 Y36.7579
G01 X51.2735 Y36.7474
G01 X51.2681 Y36.7368
G01 X51.2632 Y36.7256
G01 X51.2591 Y36.7141
G01 X51.2560 Y36.7031
G01 X51.2535 Y36.6911
G01 X51.2517 Y36.6790
G01 X51.2508 Y36.6671
G01 X51.2506 Y35.1684
G01 X51.2512 Y35.1573
G01 X51.2524 Y35.1459
G01 X51.2545 Y35.1342
G01 X51.2572 Y35.1231
G01 X51.2606 Y35.1124
G01 X51.2649 Y35.1011
G01 X51.2695 Y35.0910
G01 X51.2752 Y35.0805
G00 Z2.0000
G00 X30.9316 Y29.8587
G01 F60.00
G01 Z0.0000
G01 F60.00
G01 X31.0117 Y29.8587
G01 X31.0117 Y30.2586
G01 X19.0517 Y30.2586
G01 X19.0517 Y27.3586
G01 X30.8814 Y27.3586
G01 X30.8816 Y29.8099
G01 X30.8828 Y29.8197
G01 X30.8859 Y29.8290
G01 X30.8907 Y29.8375
G01 X30.8963 Y29.8441
G01 X30.9038 Y29.8503
G01 X30.9125 Y29.8549
G01 X30.9219 Y29.8577
G01 X30.9316 Y29.8587
G00 Z2.0000
G00 X30.6116 Y29.8087
G01 F60.00
G01 Z0.0000
G01 F60.00
G01 X30.6109 Y29.8173
G01 X30.6083 Y29.8267
G01 X30.6039 Y29.8355
G01 X30.5978 Y29.8432
G01 X30.5904 Y29.8496
G01 X30.5819 Y29.8544
G01 X30.5726 Y29.8575
G01 X30.5628 Y29.8587
G01 X29.6604 Y29.8587
G01 X29.6531 Y29.8580
G01 X29.6459 Y29.8562
G01 X29.6391 Y29.8534
G01 X29.6338 Y29.8503
G01 X29.6280 Y29.8458
G01 X29.6238 Y29.8414
G01 X29.6194 Y29.8355
G01 X29.6164 Y29.8301
G01 X29.6141 Y29.8244
G01 X29.6128 Y29.8197
G01 X29.6119 Y29.8136
G01 X29.6116 Y29.8087
G01 X29.6116 Y27.8087
G01 X29.6122 Y27.8014
G01 X29.6134 Y27.7954
G01 X29.6159 Y27.7884
G01 X29.6194 Y27.7820
G01 X29.6238 Y27.7760
G01 X29.6290 Y27.7708
G01 X29.6349 Y27.7665
G01 X29.6402 Y27.7635
G01 X29.6459 Y27.7612
G01 X29.6507 Y27.7599
G01 X29.6567 Y27.7589
G01 X29.6616 Y27.7587
G01 X30.5628 Y27.7587
G01 X30.5702 Y27.7594
G01 X30.5773 Y27.7612
G01 X30.5841 Y27.7640
G01 X30.5894 Y27.7671
G01 X30.5952 Y27.7717
G01 X30.5995 Y27.7760
G01 X30.6039 Y27.7820
G01 X30.6068 Y27.7873
G01 X30.6091 Y27.7930
G01 X30.6104 Y27.7977
G01 X30.6114 Y27.8038
G01 X30.6116 Y27.8087
G01 X30.6116 Y29.8087
G00 Z2.0000
G00 X29.3416 Y29.8087
G01 F60.00
G01 Z0.0000
G01 F60.00
G01 X29.3409 Y29.8173
G01 X29.3383 Y29.8267
G01 X29.3339 Y29.8355
G01 X29.3278 Y29.8432
G01 X29.3204 Y29.8496
G01 X29.3119 Y29.8544
G01 X29.3026 Y29.8575
G01 X29.2928 Y29.8587
G01 X28.3904 Y29.8587
G01 X28.3831 Y29.8580
G01 X28.3759 Y29.8562
G01 X28.3691 Y29.8534
G01 X28.3638 Y29.8503
G01 X28.3580 Y29.8458
G01 X28.3538 Y29.8414
G01 X28.3494 Y29.8355
G01 X28.3464 Y29.8301
G01 X28.3441 Y29.8244
G01 X28.3428 Y29.8197
G01 X28.3419 Y29.8136
G01 X28.3416 Y29.8087
G01 X28.3416 Y27.8087
G01 X28.3422 Y27.8014
G01 X28.3434 Y27.7954
G01 X28.3459 Y27.7884
G01 X28.3494 Y27.7820
G01 X28.3538 Y27.7760
G01 X28.3590 Y27.7708
G01 X28.3649 Y27.7665
G01 X28.3702 Y27.7635
G01 X28.3759 Y27.7612
G01 X28.3807 Y27.7599
G01 X28.3867 Y27.7589
G01 X28.3916 Y27.7587
G01 X29.2928 Y27.7587
G01 X29.3002 Y27.7594
G01 X29.3073 Y27.7612
G01 X29.3141 Y27.7640
G01 X29.3194 Y27.7671
G01 X29.3252 Y27.7717
G01 X29.3295 Y27.7760
G01 X29.3339 Y27.7820
G01 X29.3368 Y27.7873
G01 X29.3391 Y27.7930
G01 X29.3404 Y27.7977
G01 X29.3414 Y27.8038
G01 X29.3416 Y27.8087
G01 X29.3416 Y29.8087
G00 Z2.0000
G00 X28.0716 Y29.8087
G01 F60.00
G01 Z0.0000
G01 F60.00
G01 X28.0709 Y29.8173
G01 X28.0683 Y29.8267
G01 X28.0639 Y29.8355
G01 X28.0578 Y29.8432
G01 X28.0504 Y29.8496
G01 X28.0419 Y29.8544
G01 X28.0326 Y29.8575
G01 X28.0228 Y29.8587
G01 X27.1204 Y29.8587
G01 X27.1131 Y29.8580
G01 X27.1059 Y29.8562
G01 X27.0991 Y29.8534
G01 X27.0938 Y29.8503
G01 X27.0880 Y29.8458
G01 X27.0838 Y29.8414
G01 X27.0794 Y29.8355
G01 X27.0764 Y29.8301
G01 X27.0741 Y29.8244
G01 X27.0728 Y29.8197
G01 X27.0719 Y29.8136
G01 X27.0716 Y29.8087
G01 X27.0716 Y27.8087
G01 X27.0722 Y27.8014
G01 X27.0734 Y27.7954
G01 X27.0759 Y27.7884
G01 X27.0794 Y27.7820
G01 X27.0838 Y27.7760
G01 X27.0890 Y27.7708
G01 X27.0949 Y27.7665
G01 X27.1002 Y27.7635
G01 X27.1059 Y27.7612
G01 X27.1107 Y27.7599
G01 X27.1167 Y27.7589
G01 X27.1216 Y27.7587
G01 X28.0228 Y27.7587
G01 X28.0302 Y27.7594
G01 X28.0373 Y27.7612
G01 X28.0441 Y27.7640
G01 X28.0494 Y27.7671
G01 X28.0552 Y27.7717
G01 X28.0595 Y27.7760
G01 X28.0639 Y27.7820
G01 X28.0668 Y27.7873
G01 X28.0691 Y27.7930
G01 X28.0704 Y27.7977
G01 X28.0714 Y27.8038
G01 X28.0716 Y27.8087
G01 X28.0716 Y29.8087
G00 Z2.0000
G00 X26.8016 Y29.8087
G01 F60.00
G01 Z0.0000
G01 F60.00
G01 X26.8009 Y29.8173
G01 X26.7983 Y29.8267
G01 X26.7939 Y29.8355
G01 X26.7878 Y29.8432
G01 X26.7804 Y29.8496
G01 X26.7719 Y29.8544
G01 X26.7626 Y29.8575
G01 X26.7528 Y29.8587
G01 X25.8504 Y29.8587
G01 X25.8431 Y29.8580
G01 X25.8359 Y29.8562
G01 X25.8291 Y29.8534
G01 X25.8238 Y29.8503
G01 X25.8180 Y29.8458
G01 X25.8138 Y29.8414
G01 X25.8094 Y29.8355
G01 X25.8064 Y29.8301
G01 X25.8041 Y29.8244
G01 X25.8028 Y29.8197
G01 X25.8019 Y29.8136
G01 X25.8016 Y29.8087
G01 X25.8016 Y27.8087
G01 X25.8022 Y27.8014
G01 X25.8034 Y27.7954
G01 X25.8059 Y27.7884
G01 X25.8094 Y27.7820
G01 X25.8138 Y27.7760
G01 X25.8190 Y27.7708
G01 X25.8249 Y27.7665
G01 X25.8302 Y27.7635
G01 X25.8359 Y27.7612
G01 X25.8407 Y27.7599
G01 X25.8467 Y27.7589
G01 X25.8516 Y27.7587
G01 X26.7528 Y27.7587
G01 X26.7602 Y27.7594
G01 X26.7673 Y27.7612
G01 X26.7741 Y27.7640
G01 X26.7794 Y27.7671
G01 X26.7852 Y27.7717
G01 X26.7895 Y27.7760
G01 X26.7939 Y27.7820
G01 X26.7968 Y27.7873
G01 X26.7991 Y27.7930
G01 X26.8004 Y27.7977
G01 X26.8014 Y27.8038
G01 X26.8016 Y27.8087
G01 X26.8016 Y29.8087
G00 Z2.0000
G00 X25.5316 Y29.8087
G01 F60.00
G01 Z0.0000
G01 F60.00
G01 X25.5309 Y29.8173
G01 X25.5283 Y29.8267
G01 X25.5239 Y29.8355
G01 X25.5178 Y29.8432
G01 X25.5104 Y29.8496
G01 X25.5019 Y29.8544
G01 X25.4926 Y29.8575
G01 X25.4828 Y29.8587
G01 X24.5804 Y29.8587
G01 X24.5731 Y29.8580
G01 X24.5659 Y29.8562
G01 X24.5591 Y29.8534
G01 X24.5538 Y29.8503
G01 X24.5480 Y29.8458
G01 X24.5438 Y29.8414
G01 X24.5394 Y29.8355
G01 X24.5364 Y29.8301
G01 X24.5341 Y29.8244
G01 X24.5328 Y29.8197
G01 X24.5319 Y29.8136
G01 X24.5316 Y29.8087
G01 X24.5316 Y27.8087
G01 X24.5322 Y27.8014
G01 X24.5334 Y27.7954
G01 X24.5359 Y27.7884
G01 X24.5394 Y27.7820
G01 X24.5438 Y27.7760
G01 X24.5490 Y27.7708
G01 X24.5549 Y27.7665
G01 X24.5602 Y27.7635
G01 X24.5659 Y27.7612
G01 X24.5707 Y27.7599
G01 X24.5767 Y27.7589
G01 X24.5816 Y27.7587
G01 X25.4828 Y27.7587
G01 X25.4902 Y27.7594
G01 X25.4973 Y27.7612
G01 X25.5041 Y27.7640
G01 X25.5094 Y27.7671
G01 X25.5152 Y27.7717
G01 X25.5195 Y27.7760
G01 X25.5239 Y27.7820
G01 X25.5268 Y27.7873
G01 X25.5291 Y27.7930
G01 X25.5304 Y27.7977
G01 X25.5314 Y27.8038
G01 X25.5316 Y27.8087
G01 X25.5316 Y29.8087
G00 Z2.0000
G00 X24.2616 Y29.8087
G01 F60.00
G01 Z0.0000
G01 F60.00
G01 X24.2609 Y29.8173
G01 X24.2583 Y29.8267
G01 X24.2539 Y29.8355
G01 X24.2478 Y29.8432
G01 X24.2404 Y29.8496
G01 X24.2319 Y29.8544
G01 X24.2226 Y29.8575
G01 X24.2128 Y29.8587
G01 X23.3104 Y29.8587
G01 X23.3031 Y29.8580
G01 X23.2959 Y29.8562
G01 X23.2891 Y29.8534
G01 X23.2838 Y29.8503
G01 X23.2780 Y29.8458
G01 X23.2738 Y29.8414
G01 X23.2694 Y29.8355
G01 X23.2664 Y29.8301
G01 X23.2641 Y29.8244
G01 X23.2628 Y29.8197
G01 X23.2619 Y29.8136
G01 X23.2616 Y29.8087
G01 X23.2616 Y27.8087
G01 X23.2622 Y27.8014
G01 X23.2634 Y27.7954
G01 X23.2659 Y27.7884
G01 X23.2694 Y27.7820
G01 X23.2738 Y27.7760
G01 X23.2790 Y27.7708
G01 X23.2849 Y27.7665
G01 X23.2902 Y27.7635
G01 X23.2959 Y27.7612
G01 X23.3007 Y27.7599
G01 X23.3067 Y27.7589
G01 X23.3116 Y27.7587
G01 X24.2128 Y27.7587
G01 X24.2202 Y27.7594
G01 X24.2273 Y27.7612
G01 X24.2341 Y27.7640
G01 X24.2394 Y27.7671
G01 X24.2452 Y27.7717
G01 X24.2495 Y27.7760
G01 X24.2539 Y27.7820
G01 X24.2568 Y27.7873
G01 X24.2591 Y27.7930
G01 X24.2604 Y27.7977
G01 X24.2614 Y27.8038
G01 X24.2616 Y27.8087
G01 X24.2616 Y29.8087
G00 Z2.0000
G00 X22.9916 Y29.8087
G01 F60.00
G01 Z0.0000
G01 F60.00
G01 X22.9909 Y29.8173
G01 X22.9883 Y29.8267
G01 X22.9839 Y29.8355
G01 X22.9778 Y29.8432
G01 X22.9704 Y29.8496
G01 X22.9619 Y29.8544
G01 X22.9526 Y29.8575
G01 X22.9428 Y29.8587
G01 X22.0404 Y29.8587
G01 X22.0331 Y29.8580
G01 X22.0259 Y29.8562
G01 X22.0191 Y29.8534
G01 X22.0138 Y29.8503
G01 X22.0080 Y29.8458
G01 X22.0038 Y29.8414
G01 X21.9994 Y29.8355
G01 X21.9964 Y29.8301
G01 X21.9941 Y29.8244
G01 X21.9928 Y29.8197
G01 X21.9919 Y29.8136
G01 X21.9916 Y29.8087
G01 X21.9916 Y27.8087
G01 X21.9922 Y27.8014
G01 X21.9934 Y27.7954
G01 X21.9959 Y27.7884
G01 X21.9994 Y27.7820
G01 X22.0038 Y27.7760
G01 X22.0090 Y27.7708
G01 X22.0149 Y27.7665
G01 X22.0202 Y27.7635
G01 X22.0259 Y27.7612
G01 X22.0307 Y27.7599
G01 X22.0367 Y27.7589
G01 X22.0416 Y27.7587
G01 X22.9428 Y27.7587
G01 X22.9502 Y27.7594
G01 X22.9573 Y27.7612
G01 X22.9641 Y27.7640
G01 X22.9694 Y27.7671
G01 X22.9752 Y27.7717
G01 X22.9795 Y27.7760
G01 X22.9839 Y27.7820
G01 X22.9868 Y27.7873
G01 X22.9891 Y27.7930
G01 X22.9904 Y27.7977
G01 X22.9914 Y27.8038
G01 X22.9916 Y27.8087
G01 X22.9916 Y29.8087
G00 Z2.0000
G00 X21.6716 Y27.7587
G01 F60.00
G01 Z0.0000
G01 F60.00
G01 X21.6802 Y27.7594
G01 X21.6896 Y27.7621
G01 X21.6984 Y27.7665
G01 X21.7061 Y27.7725
G01 X21.7125 Y27.7799
G01 X21.7173 Y27.7884
G01 X21.7204 Y27.7977
G01 X21.7216 Y27.8075
G01 X21.7216 Y29.8087
G01 X21.7214 Y29.8136
G01 X21.7204 Y29.8197
G01 X21.7173 Y29.8290
G01 X21.7145 Y29.8344
G01 X21.7103 Y29.8404
G01 X21.7052 Y29.8458
G01 X21.6994 Y29.8503
G01 X21.6941 Y29.8534
G01 X21.6873 Y29.8562
G01 X21.6802 Y29.8580
G01 X21.6728 Y29.8587
G01 X20.7716 Y29.8587
G01 X20.7667 Y29.8585
G01 X20.7607 Y29.8575
G01 X20.7514 Y29.8544
G01 X20.7459 Y29.8516
G01 X20.7399 Y29.8474
G01 X20.7346 Y29.8423
G01 X20.7300 Y29.8365
G01 X20.7270 Y29.8312
G01 X20.7241 Y29.8244
G01 X20.7224 Y29.8173
G01 X20.7216 Y29.8099
G01 X20.7216 Y27.8087
G01 X20.7219 Y27.8038
G01 X20.7228 Y27.7977
G01 X20.7259 Y27.7884
G01 X20.7287 Y27.7830
G01 X20.7330 Y27.7770
G01 X20.7380 Y27.7717
G01 X20.7438 Y27.7671
G01 X20.7491 Y27.7640
G01 X20.7559 Y27.7612
G01 X20.7631 Y27.7594
G01 X20.7704 Y27.7587
G01 X21.6716 Y27.7587
G00 Z2.0000
G00 X20.4516 Y29.8087
G01 F60.00
G01 Z0.0000
G01 F60.00
G01 X20.4509 Y29.8173
G01 X20.4483 Y29.8267
G01 X20.4439 Y29.8355
G01 X20.4378 Y29.8432
G01 X20.4304 Y29.8496
G01 X20.4219 Y29.8544
G01 X20.4126 Y29.8575
G01 X20.4028 Y29.8587
G01 X19.5004 Y29.8587
G01 X19.4931 Y29.8580
G01 X19.4859 Y29.8562
G01 X19.4791 Y29.8534
G01 X19.4738 Y29.8503
G01 X19.4680 Y29.8458
G01 X19.4638 Y29.8414
G01 X19.4594 Y29.8355
G01 X19.4564 Y29.8301
G01 X19.4541 Y29.8244
G01 X19.4528 Y29.8197
G01 X19.4519 Y29.8136
G01 X19.4516 Y29.8087
G01 X19.4516 Y27.8087
G01 X19.4522 Y27.8014
G01 X19.4534 Y27.7954
G01 X19.4559 Y27.7884
G01 X19.4594 Y27.7820
G01 X19.4638 Y27.7760
G01 X19.4690 Y27.7708
G01 X19.4749 Y27.7665
G01 X19.4802 Y27.7635
G01 X19.4859 Y27.7612
G01 X19.4907 Y27.7599
G01 X19.4967 Y27.7589
G01 X19.5016 Y27.7587
G01 X20.4028 Y27.7587
G01 X20.4102 Y27.7594
G01 X20.4173 Y27.7612
G01 X20.4241 Y27.7640
G01 X20.4294 Y27.7671
G01 X20.4352 Y27.7717
G01 X20.4395 Y27.7760
G01 X20.4439 Y27.7820
G01 X20.4468 Y27.7873
G01 X20.4491 Y27.7930
G01 X20.4504 Y27.7977
G01 X20.4514 Y27.8038
G01 X20.4516 Y27.8087
G01 X20.4516 Y29.8087
G00 Z2.0000
G00 X18.1666 Y30.5787
G01 F60.00
G01 Z0.0000
G01 F60.00
G01 X18.1752 Y30.5794
G01 X18.1846 Y30.5821
G01 X18.1934 Y30.5865
G01 X18.2011 Y30.5925
G01 X18.2075 Y30.5999
G01 X18.2123 Y30.6084
G01 X18.2154 Y30.6177
G01 X18.2166 Y30.6275
G01 X18.2166 Y31.5299
G01 X18.2159 Y31.5373
G01 X18.2141 Y31.5444
G01 X18.2113 Y31.5512
G01 X18.2082 Y31.5565
G01 X18.2037 Y31.5623
G01 X18.1993 Y31.5666
G01 X18.1934 Y31.5709
G01 X18.1880 Y31.5739
G01 X18.1823 Y31.5762
G01 X18.1776 Y31.5775
G01 X18.1715 Y31.5785
G01 X18.1666 Y31.5787
G01 X16.1666 Y31.5787
G01 X16.1593 Y31.5782
G01 X16.1533 Y31.5769
G01 X16.1464 Y31.5744
G01 X16.1399 Y31.5709
G01 X16.1340 Y31.5666
G01 X16.1288 Y31.5614
G01 X16.1244 Y31.5555
G01 X16.1214 Y31.5501
G01 X16.1191 Y31.5444
G01 X16.1178 Y31.5397
G01 X16.1169 Y31.5336
G01 X16.1166 Y31.5287
G01 X16.1166 Y30.6275
G01 X16.1174 Y30.6202
G01 X16.1191 Y30.6130
G01 X16.1220 Y30.6062
G01 X16.1250 Y30.6009
G01 X16.1296 Y30.5951
G01 X16.1340 Y30.5908
G01 X16.1399 Y30.5865
G01 X16.1452 Y30.5835
G01 X16.1509 Y30.5812
G01 X16.1557 Y30.5799
G01 X16.1617 Y30.5789
G01 X16.1666 Y30.5787
G01 X18.1666 Y30.5787
G00 Z2.0000
G00 X18.1666 Y31.8487
G01 F60.00
G01 Z0.0000
G01 F60.00
G01 X18.1752 Y31.8494
G01 X18.1846 Y31.8521
G01 X18.1934 Y31.8565
G01 X18.2011 Y31.8625
G01 X18.2075 Y31.8699
G01 X18.2123 Y31.8784
G01 X18.2154 Y31.8877
G01 X18.2166 Y31.8975
G01 X18.2166 Y32.7999
G01 X18.2159 Y32.8073
G01 X18.2145 Y32.8132
G01 X18.2118 Y32.8201
G01 X18.2089 Y32.8255
G01 X18.2045 Y32.8314
G01 X18.1993 Y32.8366
G01 X18.1944 Y32.8403
G01 X18.1880 Y32.8439
G01 X18.1835 Y32.8458
G01 X18.1776 Y32.8475
G01 X18.1727 Y32.8483
G01 X18.1666 Y32.8487
G01 X16.1666 Y32.8487
G01 X16.1605 Y32.8483
G01 X16.1533 Y32.8469
G01 X16.1464 Y32.8444
G01 X16.1399 Y32.8409
G01 X16.1340 Y32.8366
G01 X16.1296 Y32.8323
G01 X16.1250 Y32.8265
G01 X16.1214 Y32.8201
G01 X16.1195 Y32.8155
G01 X16.1178 Y32.8097
G01 X16.1169 Y32.8036
G01 X16.1166 Y32.7987
G01 X16.1166 Y31.8975
G01 X16.1174 Y31.8902
G01 X16.1191 Y31.8830
G01 X16.1220 Y31.8762
G01 X16.1250 Y31.8709
G01 X16.1296 Y31.8651
G01 X16.1340 Y31.8608
G01 X16.1399 Y31.8565
G01 X16.1452 Y31.8535
G01 X16.1509 Y31.8512
G01 X16.1557 Y31.8499
G01 X16.1617 Y31.8489
G01 X16.1666 Y31.8487
G01 X18.1666 Y31.8487
G00 Z2.0000
G00 X18.1666 Y33.1187
G01 F60.00
G01 Z0.0000
G01 F60.00
G01 X18.1764 Y33.1197
G01 X18.1858 Y33.1225
G01 X18.1944 Y33.1271
G01 X18.2020 Y33.1333
G01 X18.2082 Y33.1409
G01 X18.2128 Y33.1496
G01 X18.2157 Y33.1589
G01 X18.2166 Y33.1675
G01 X18.2166 Y34.0699
G01 X18.2159 Y34.0773
G01 X18.2145 Y34.0832
G01 X18.2118 Y34.0901
G01 X18.2089 Y34.0955
G01 X18.2045 Y34.1014
G01 X18.1993 Y34.1066
G01 X18.1944 Y34.1103
G01 X18.1880 Y34.1139
G01 X18.1835 Y34.1158
G01 X18.1776 Y34.1175
G01 X18.1727 Y34.1183
G01 X18.1666 Y34.1187
G01 X16.1666 Y34.1187
G01 X16.1605 Y34.1183
G01 X16.1533 Y34.1169
G01 X16.1464 Y34.1144
G01 X16.1399 Y34.1109
G01 X16.1340 Y34.1066
G01 X16.1296 Y34.1023
G01 X16.1250 Y34.0965
G01 X16.1214 Y34.0901
G01 X16.1195 Y34.0855
G01 X16.1178 Y34.0797
G01 X16.1169 Y34.0736
G01 X16.1166 Y34.0687
G01 X16.1166 Y33.1675
G01 X16.1172 Y33.1614
G01 X16.1188 Y33.1542
G01 X16.1214 Y33.1473
G01 X16.1244 Y33.1420
G01 X16.1288 Y33.1360
G01 X16.1340 Y33.1308
G01 X16.1388 Y33.1271
G01 X16.1452 Y33.1235
G01 X16.1498 Y33.1216
G01 X16.1557 Y33.1199
G01 X16.1605 Y33.1191
G01 X16.1666 Y33.1187
G01 X18.1666 Y33.1187
G00 Z2.0000
G00 X18.1666 Y34.3887
G01 F60.00
G01 Z0.0000
G01 F60.00
G01 X18.1764 Y34.3897
G01 X18.1858 Y34.3925
G01 X18.1944 Y34.3971
G01 X18.2020 Y34.4033
G01 X18.2082 Y34.4109
G01 X18.2128 Y34.4196
G01 X18.2157 Y34.4289
G01 X18.2166 Y34.4375
G01 X18.2166 Y35.3399
G01 X18.2159 Y35.3473
G01 X18.2145 Y35.3532
G01 X18.2118 Y35.3601
G01 X18.2089 Y35.3655
G01 X18.2045 Y35.3714
G01 X18.1993 Y35.3766
G01 X18.1944 Y35.3803
G01 X18.1880 Y35.3839
G01 X18.1835 Y35.3858
G01 X18.1776 Y35.3875
G01 X18.1727 Y35.3883
G01 X18.1666 Y35.3887
G01 X16.1666 Y35.3887
G01 X16.1605 Y35.3883
G01 X16.1533 Y35.3869
G01 X16.1464 Y35.3844
G01 X16.1399 Y35.3809
G01 X16.1340 Y35.3766
G01 X16.1296 Y35.3723
G01 X16.1250 Y35.3665
G01 X16.1214 Y35.3601
G01 X16.1195 Y35.3555
G01 X16.1178 Y35.3497
G01 X16.1169 Y35.3436
G01 X16.1166 Y35.3387
G01 X16.1166 Y34.4375
G01 X16.1172 Y34.4314
G01 X16.1188 Y34.4242
G01 X16.1214 Y34.4173
G01 X16.1244 Y34.4120
G01 X16.1288 Y34.4060
G01 X16.1340 Y34.4008
G01 X16.1388 Y34.3971
G01 X16.1452 Y34.3935
G01 X16.1498 Y34.3916
G01 X16.1557 Y34.3899
G01 X16.1605 Y34.3891
G01 X16.1666 Y34.3887
G01 X18.1666 Y34.3887
G00 Z2.0000
G00 X18.1666 Y35.6587
G01 F60.00
G01 Z0.0000
G01 F60.00
G01 X18.1764 Y35.6597
G01 X18.1858 Y35.6625
G01 X18.1944 Y35.6671
G01 X18.2020 Y35.6733
G01 X18.2082 Y35.6809
G01 X18.2128 Y35.6896
G01 X18.2157 Y35.6989
G01 X18.2166 Y35.7075
G01 X18.2166 Y36.6099
G01 X18.2159 Y36.6173
G01 X18.2145 Y36.6232
G01 X18.2118 Y36.6301
G01 X18.2089 Y36.6355
G01 X18.2045 Y36.6414
G01 X18.1993 Y36.6466
G01 X18.1944 Y36.6503
G01 X18.1880 Y36.6539
G01 X18.1835 Y36.6558
G01 X18.1776 Y36.6575
G01 X18.1727 Y36.6583
G01 X18.1666 Y36.6587
G01 X16.1666 Y36.6587
G01 X16.1605 Y36.6583
G01 X16.1533 Y36.6569
G01 X16.1464 Y36.6544
G01 X16.1399 Y36.6509
G01 X16.1340 Y36.6466
G01 X16.1296 Y36.6423
G01 X16.1250 Y36.6365
G01 X16.1214 Y36.6301
G01 X16.1195 Y36.6255
G01 X16.1178 Y36.6197
G01 X16.1169 Y36.6136
G01 X16.1166 Y36.6087
G01 X16.1166 Y35.7075
G01 X16.1172 Y35.7014
G01 X16.1188 Y35.6942
G01 X16.1214 Y35.6873
G01 X16.1244 Y35.6820
G01 X16.1288 Y35.6760
G01 X16.1340 Y35.6708
G01 X16.1388 Y35.6671
G01 X16.1452 Y35.6635
G01 X16.1498 Y35.6616
G01 X16.1557 Y35.6599
G01 X16.1605 Y35.6591
G01 X16.1666 Y35.6587
G01 X18.1666 Y35.6587
G00 Z2.0000
G00 X18.1666 Y36.9287
G01 F60.00
G01 Z0.0000
G01 F60.00
G01 X18.1764 Y36.9297
G01 X18.1858 Y36.9325
G01 X18.1944 Y36.9371
G01 X18.2020 Y36.9433
G01 X18.2082 Y36.9509
G01 X18.2128 Y36.9596
G01 X18.2157 Y36.9689
G01 X18.2166 Y36.9775
G01 X18.2166 Y37.8799
G01 X18.2159 Y37.8873
G01 X18.2145 Y37.8932
G01 X18.2118 Y37.9001
G01 X18.2089 Y37.9055
G01 X18.2045 Y37.9114
G01 X18.1993 Y37.9166
G01 X18.1944 Y37.9203
G01 X18.1880 Y37.9239
G01 X18.1835 Y37.9258
G01 X18.1776 Y37.9275
G01 X18.1727 Y37.9283
G01 X18.1666 Y37.9287
G01 X16.1666 Y37.9287
G01 X16.1605 Y37.9283
G01 X16.1533 Y37.9269
G01 X16.1464 Y37.9244
G01 X16.1399 Y37.9209
G01 X16.1340 Y37.9166
G01 X16.1296 Y37.9123
G01 X16.1250 Y37.9065
G01 X16.1214 Y37.9001
G01 X16.1195 Y37.8955
G01 X16.1178 Y37.8897
G01 X16.1169 Y37.8836
G01 X16.1166 Y37.8787
G01 X16.1166 Y36.9775
G01 X16.1172 Y36.9714
G01 X16.1188 Y36.9642
G01 X16.1214 Y36.9573
G01 X16.1244 Y36.9520
G01 X16.1288 Y36.9460
G01 X16.1340 Y36.9408
G01 X16.1388 Y36.9371
G01 X16.1452 Y36.9335
G01 X16.1498 Y36.9316
G01 X16.1557 Y36.9299
G01 X16.1605 Y36.9291
G01 X16.1666 Y36.9287
G01 X18.1666 Y36.9287
G00 Z2.0000
G00 X18.1666 Y38.1987
G01 F60.00
G01 Z0.0000
G01 F60.00
G01 X18.1764 Y38.1997
G01 X18.1858 Y38.2025
G01 X18.1944 Y38.2071
G01 X18.2020 Y38.2133
G01 X18.2082 Y38.2209
G01 X18.2128 Y38.2296
G01 X18.2157 Y38.2389
G01 X18.2166 Y38.2475
G01 X18.2166 Y39.1499
G01 X18.2159 Y39.1573
G01 X18.2145 Y39.1632
G01 X18.2118 Y39.1701
G01 X18.2089 Y39.1755
G01 X18.2045 Y39.1814
G01 X18.1993 Y39.1866
G01 X18.1944 Y39.1903
G01 X18.1880 Y39.1939
G01 X18.1835 Y39.1958
G01 X18.1776 Y39.1975
G01 X18.1727 Y39.1983
G01 X18.1666 Y39.1987
G01 X16.1666 Y39.1987
G01 X16.1605 Y39.1983
G01 X16.1533 Y39.1969
G01 X16.1464 Y39.1944
G01 X16.1399 Y39.1909
G01 X16.1340 Y39.1866
G01 X16.1296 Y39.1823
G01 X16.1250 Y39.1765
G01 X16.1214 Y39.1701
G01 X16.1195 Y39.1655
G01 X16.1178 Y39.1597
G01 X16.1169 Y39.1536
G01 X16.1166 Y39.1487
G01 X16.1166 Y38.2475
G01 X16.1172 Y38.2414
G01 X16.1188 Y38.2342
G01 X16.1214 Y38.2273
G01 X16.1244 Y38.2220
G01 X16.1288 Y38.2160
G01 X16.1340 Y38.2108
G01 X16.1388 Y38.2071
G01 X16.1452 Y38.2035
G01 X16.1498 Y38.2016
G01 X16.1557 Y38.1999
G01 X16.1605 Y38.1991
G01 X16.1666 Y38.1987
G01 X18.1666 Y38.1987
G00 Z2.0000
G00 X18.1666 Y39.4687
G01 F60.00
G01 Z0.0000
G01 F60.00
G01 X18.1764 Y39.4697
G01 X18.1858 Y39.4725
G01 X18.1944 Y39.4771
G01 X18.2020 Y39.4833
G01 X18.2082 Y39.4909
G01 X18.2128 Y39.4996
G01 X18.2157 Y39.5089
G01 X18.2166 Y39.5175
G01 X18.2166 Y40.4199
G01 X18.2159 Y40.4273
G01 X18.2145 Y40.4332
G01 X18.2118 Y40.4401
G01 X18.2089 Y40.4455
G01 X18.2045 Y40.4514
G01 X18.1993 Y40.4566
G01 X18.1944 Y40.4603
G01 X18.1880 Y40.4639
G01 X18.1835 Y40.4658
G01 X18.1776 Y40.4675
G01 X18.1727 Y40.4683
G01 X18.1666 Y40.4687
G01 X16.1666 Y40.4687
G01 X16.1605 Y40.4683
G01 X16.1533 Y40.4669
G01 X16.1464 Y40.4644
G01 X16.1399 Y40.4609
G01 X16.1340 Y40.4566
G01 X16.1296 Y40.4523
G01 X16.1250 Y40.4465
G01 X16.1214 Y40.4401
G01 X16.1195 Y40.4355
G01 X16.1178 Y40.4297
G01 X16.1169 Y40.4236
G01 X16.1166 Y40.4187
G01 X16.1166 Y39.5175
G01 X16.1172 Y39.5114
G01 X16.1188 Y39.5042
G01 X16.1214 Y39.4973
G01 X16.1244 Y39.4920
G01 X16.1288 Y39.4860
G01 X16.1340 Y39.4808
G01 X16.1388 Y39.4771
G01 X16.1452 Y39.4735
G01 X16.1498 Y39.4716
G01 X16.1557 Y39.4699
G01 X16.1605 Y39.4691
G01 X16.1666 Y39.4687
G01 X18.1666 Y39.4687
G00 Z2.0000
G00 X18.1666 Y40.7387
G01 F60.00
G01 Z0.0000
G01 F60.00
G01 X18.1764 Y40.7397
G01 X18.1858 Y40.7425
G01 X18.1944 Y40.7471
G01 X18.2020 Y40.7533
G01 X18.2082 Y40.7609
G01 X18.2128 Y40.7696
G01 X18.2154 Y40.7777
G01 X18.2166 Y40.7875
G01 X18.2166 Y41.6899
G01 X18.2159 Y41.6973
G01 X18.2141 Y41.7044
G01 X18.2113 Y41.7112
G01 X18.2075 Y41.7175
G01 X18.2028 Y41.7232
G01 X18.1974 Y41.7281
G01 X18.1913 Y41.7322
G01 X18.1846 Y41.7354
G01 X18.1764 Y41.7377
G01 X18.1666 Y41.7387
G01 X17.3950 Y41.7387
G01 X17.3760 Y41.7475
G01 X17.3275 Y41.7649
G01 X17.2752 Y41.7781
G01 X17.2206 Y41.7863
G01 X17.1678 Y41.7889
G01 X15.5295 Y41.7890
G01 X15.4756 Y41.7863
G01 X15.4234 Y41.7786
G01 X15.3675 Y41.7645
G01 X15.3189 Y41.7471
G01 X15.2701 Y41.7240
G01 X15.2218 Y41.6948
G01 X15.1804 Y41.6641
G01 X15.1422 Y41.6295
G01 X14.0534 Y40.5408
G01 X14.0180 Y40.5017
G01 X13.9850 Y40.4574
G01 X13.9572 Y40.4111
G01 X13.9342 Y40.3623
G01 X13.9153 Y40.3091
G01 X13.9024 Y40.2566
G01 X13.8949 Y40.2056
G01 X13.8923 Y40.1542
G01 X13.8949 Y40.0978
G01 X13.9026 Y40.0456
G01 X13.9160 Y39.9920
G01 X13.9342 Y39.9411
G01 X13.9572 Y39.8923
G01 X13.9850 Y39.8460
G01 X14.0172 Y39.8026
G01 X14.0534 Y39.7626
G01 X14.0934 Y39.7264
G01 X14.1368 Y39.6942
G01 X14.1831 Y39.6664
G01 X14.2319 Y39.6433
G01 X14.2828 Y39.6251
G01 X14.3352 Y39.6120
G01 X14.3886 Y39.6041
G01 X14.4425 Y39.6015
G01 X14.4965 Y39.6041
G01 X14.5487 Y39.6118
G01 X14.6046 Y39.6259
G01 X14.6531 Y39.6433
G01 X14.6997 Y39.6653
G01 X14.7482 Y39.6942
G01 X14.7935 Y39.7280
G01 X14.8316 Y39.7626
G01 X15.7574 Y40.6885
G01 X17.1678 Y40.6885
G01 X17.2206 Y40.6911
G01 X17.2752 Y40.6993
G01 X17.3275 Y40.7125
G01 X17.3760 Y40.7299
G01 X17.3950 Y40.7387
G01 X18.1666 Y40.7387
G00 Z2.0000
G00 X18.1666 Y42.0087
G01 F60.00
G01 Z0.0000
G01 F60.00
G01 X18.1764 Y42.0097
G01 X18.1858 Y42.0125
G01 X18.1934 Y42.0165
G01 X18.2011 Y42.0225
G01 X18.2075 Y42.0299
G01 X18.2123 Y42.0384
G01 X18.2154 Y42.0477
G01 X18.2166 Y42.0575
G01 X18.2166 Y42.9612
G01 X18.2157 Y42.9685
G01 X18.2133 Y42.9767
G01 X18.2095 Y42.9844
G01 X18.2053 Y42.9904
G01 X18.2002 Y42.9958
G01 X18.1944 Y43.0003
G01 X18.1869 Y43.0044
G01 X18.1800 Y43.0069
G01 X18.1727 Y43.0083
G01 X18.1666 Y43.0087
G01 X17.3950 Y43.0087
G01 X17.3760 Y43.0175
G01 X17.3275 Y43.0349
G01 X17.2752 Y43.0481
G01 X17.2206 Y43.0563
G01 X17.1666 Y43.0590
G01 X14.4352 Y43.0590
G01 X14.3813 Y43.0563
G01 X14.3267 Y43.0481
G01 X14.2755 Y43.0353
G01 X14.2269 Y43.0180
G01 X14.1758 Y42.9940
G01 X14.1275 Y42.9648
G01 X14.0861 Y42.9341
G01 X14.0470 Y42.8986
G01 X12.2780 Y41.1296
G01 X12.2420 Y41.0894
G01 X12.2113 Y41.0480
G01 X12.1847 Y41.0038
G01 X12.1605 Y40.9529
G01 X12.1423 Y40.9020
G01 X12.1287 Y40.8472
G01 X12.1212 Y40.7962
G01 X12.1186 Y40.7448
G01 X12.1212 Y40.6884
G01 X12.1294 Y40.6338
G01 X12.1430 Y40.5802
G01 X12.1605 Y40.5317
G01 X12.1824 Y40.4851
G01 X12.2113 Y40.4366
G01 X12.2435 Y40.3932
G01 X12.2797 Y40.3532
G01 X12.3217 Y40.3154
G01 X12.3652 Y40.2835
G01 X12.4094 Y40.2570
G01 X12.4560 Y40.2349
G01 X12.5091 Y40.2157
G01 X12.5615 Y40.2026
G01 X12.6149 Y40.1947
G01 X12.6713 Y40.1921
G01 X12.7228 Y40.1947
G01 X12.7737 Y40.2022
G01 X12.8262 Y40.2151
G01 X12.8794 Y40.2339
G01 X12.9282 Y40.2570
G01 X12.9745 Y40.2848
G01 X13.0160 Y40.3154
G01 X13.0579 Y40.3532
G01 X14.6631 Y41.9585
G01 X17.1678 Y41.9585
G01 X17.2206 Y41.9611
G01 X17.2752 Y41.9693
G01 X17.3275 Y41.9825
G01 X17.3760 Y41.9999
G01 X17.3950 Y42.0087
G01 X18.1666 Y42.0087
G00 Z2.0000
G00 X18.1666 Y43.2787
G01 F60.00
G01 Z0.0000
G01 F60.00
G01 X18.1764 Y43.2797
G01 X18.1858 Y43.2825
G01 X18.1944 Y43.2871
G01 X18.2020 Y43.2933
G01 X18.2082 Y43.3009
G01 X18.2128 Y43.3096
G01 X18.2157 Y43.3189
G01 X18.2166 Y43.3275
G01 X18.2166 Y44.2299
G01 X18.2159 Y44.2373
G01 X18.2145 Y44.2432
G01 X18.2118 Y44.2501
G01 X18.2089 Y44.2555
G01 X18.2045 Y44.2614
G01 X18.1993 Y44.2666
G01 X18.1944 Y44.2703
G01 X18.1880 Y44.2739
G01 X18.1835 Y44.2758
G01 X18.1776 Y44.2775
G01 X18.1727 Y44.2783
G01 X18.1666 Y44.2787
G01 X16.1666 Y44.2787
G01 X16.1605 Y44.2783
G01 X16.1533 Y44.2769
G01 X16.1464 Y44.2744
G01 X16.1399 Y44.2709
G01 X16.1340 Y44.2666
G01 X16.1296 Y44.2623
G01 X16.1250 Y44.2565
G01 X16.1214 Y44.2501
G01 X16.1195 Y44.2455
G01 X16.1178 Y44.2397
G01 X16.1169 Y44.2336
G01 X16.1166 Y44.2287
G01 X16.1166 Y43.3275
G01 X16.1172 Y43.3214
G01 X16.1188 Y43.3142
G01 X16.1214 Y43.3073
G01 X16.1244 Y43.3020
G01 X16.1288 Y43.2960
G01 X16.1340 Y43.2908
G01 X16.1388 Y43.2871
G01 X16.1452 Y43.2835
G01 X16.1498 Y43.2816
G01 X16.1557 Y43.2799
G01 X16.1605 Y43.2791
G01 X16.1666 Y43.2787
G01 X18.1666 Y43.2787
G00 Z2.0000
G00 X18.1666 Y44.5487
G01 F60.00
G01 Z0.0000
G01 F60.00
G01 X18.1764 Y44.5497
G01 X18.1858 Y44.5525
G01 X18.1944 Y44.5571
G01 X18.2020 Y44.5633
G01 X18.2082 Y44.5709
G01 X18.2128 Y44.5796
G01 X18.2157 Y44.5889
G01 X18.2166 Y44.5975
G01 X18.2166 Y45.4999
G01 X18.2159 Y45.5073
G01 X18.2145 Y45.5132
G01 X18.2118 Y45.5201
G01 X18.2089 Y45.5255
G01 X18.2045 Y45.5314
G01 X18.1993 Y45.5366
G01 X18.1944 Y45.5403
G01 X18.1880 Y45.5439
G01 X18.1835 Y45.5458
G01 X18.1776 Y45.5475
G01 X18.1727 Y45.5483
G01 X18.1666 Y45.5487
G01 X16.1666 Y45.5487
G01 X16.1605 Y45.5483
G01 X16.1533 Y45.5469
G01 X16.1464 Y45.5444
G01 X16.1399 Y45.5409
G01 X16.1340 Y45.5366
G01 X16.1296 Y45.5323
G01 X16.1250 Y45.5265
G01 X16.1214 Y45.5201
G01 X16.1195 Y45.5155
G01 X16.1178 Y45.5097
G01 X16.1169 Y45.5036
G01 X16.1166 Y45.4987
G01 X16.1166 Y44.5975
G01 X16.1172 Y44.5914
G01 X16.1188 Y44.5842
G01 X16.1214 Y44.5773
G01 X16.1244 Y44.5720
G01 X16.1288 Y44.5660
G01 X16.1340 Y44.5608
G01 X16.1388 Y44.5571
G01 X16.1452 Y44.5535
G01 X16.1498 Y44.5516
G01 X16.1557 Y44.5499
G01 X16.1605 Y44.5491
G01 X16.1666 Y44.5487
G01 X18.1666 Y44.5487
G00 Z2.0000
G00 X18.1666 Y45.8187
G01 F60.00
G01 Z0.0000
G01 F60.00
G01 X18.1764 Y45.8197
G01 X18.1858 Y45.8225
G01 X18.1944 Y45.8271
G01 X18.2020 Y45.8333
G01 X18.2082 Y45.8409
G01 X18.2128 Y45.8496
G01 X18.2157 Y45.8589
G01 X18.2166 Y45.8675
G01 X18.2166 Y46.7699
G01 X18.2159 Y46.7773
G01 X18.2145 Y46.7832
G01 X18.2118 Y46.7901
G01 X18.2089 Y46.7955
G01 X18.2045 Y46.8014
G01 X18.1993 Y46.8066
G01 X18.1944 Y46.8103
G01 X18.1880 Y46.8139
G01 X18.1835 Y46.8158
G01 X18.1776 Y46.8175
G01 X18.1727 Y46.8183
G01 X18.1666 Y46.8187
G01 X16.1666 Y46.8187
G01 X16.1605 Y46.8183
G01 X16.1533 Y46.8169
G01 X16.1464 Y46.8144
G01 X16.1399 Y46.8109
G01 X16.1340 Y46.8066
G01 X16.1296 Y46.8023
G01 X16.1250 Y46.7965
G01 X16.1214 Y46.7901
G01 X16.1195 Y46.7855
G01 X16.1178 Y46.7797
G01 X16.1169 Y46.7736
G01 X16.1166 Y46.7687
G01 X16.1166 Y45.8675
G01 X16.1172 Y45.8614
G01 X16.1188 Y45.8542
G01 X16.1214 Y45.8473
G01 X16.1244 Y45.8420
G01 X16.1288 Y45.8360
G01 X16.1340 Y45.8308
G01 X16.1388 Y45.8271
G01 X16.1452 Y45.8235
G01 X16.1498 Y45.8216
G01 X16.1557 Y45.8199
G01 X16.1605 Y45.8191
G01 X16.1666 Y45.8187
G01 X18.1666 Y45.8187
G00 Z2.0000
G00 X24.1166 Y36.3187
G01 F60.00
G01 Z0.0000
G01 F60.00
G01 X24.1176 Y36.3089
G01 X24.1204 Y36.2996
G01 X24.1250 Y36.2909
G01 X24.1313 Y36.2833
G01 X24.1388 Y36.2771
G01 X24.1475 Y36.2725
G01 X24.1569 Y36.2697
G01 X24.1666 Y36.2687
G01 X29.1666 Y36.2687
G01 X29.1764 Y36.2697
G01 X29.1858 Y36.2725
G01 X29.1944 Y36.2771
G01 X29.2020 Y36.2833
G01 X29.2082 Y36.2909
G01 X29.2128 Y36.2996
G01 X29.2157 Y36.3089
G01 X29.2166 Y36.3187
G01 X29.2166 Y41.3187
G01 X29.2157 Y41.3285
G01 X29.2128 Y41.3378
G01 X29.2082 Y41.3465
G01 X29.2020 Y41.3541
G01 X29.1944 Y41.3603
G01 X29.1858 Y41.3649
G01 X29.1764 Y41.3677
G01 X29.1666 Y41.3687
G01 X24.1666 Y41.3687
G01 X24.1569 Y41.3677
G01 X24.1475 Y41.3649
G01 X24.1388 Y41.3603
G01 X24.1313 Y41.3541
G01 X24.1250 Y41.3465
G01 X24.1204 Y41.3378
G01 X24.1176 Y41.3285
G01 X24.1166 Y41.3187
G01 X24.1166 Y36.3187
G00 Z2.0000
G00 X29.6167 Y35.8686
G01 F60.00
G01 Z0.0000
G01 F60.00
G01 X29.6167 Y41.7686
G01 X23.7167 Y41.7686
G01 X23.7167 Y35.8686
G01 X29.6167 Y35.8686
G00 Z2.0000
G00 X24.2621 Y24.8448
G01 F60.00
G01 Z0.0000
G01 F60.00
G01 X24.2512 Y24.8148
G01 X24.2441 Y24.7863
G01 X24.2397 Y24.7571
G01 X24.2383 Y24.7277
G01 X24.2383 Y20.6844
G01 X24.2397 Y20.6550
G01 X24.2436 Y20.6283
G01 X24.2512 Y20.5973
G01 X24.2621 Y20.5673
G01 X24.2737 Y20.5429
G01 X24.2876 Y20.5197
G01 X24.3064 Y20.4940
G01 X24.3262 Y20.4722
G01 X25.0993 Y19.6991
G01 X25.1222 Y19.6787
G01 X25.1439 Y19.6627
G01 X25.1670 Y19.6487
G01 X25.1958 Y19.6349
G01 X25.2235 Y19.6250
G01 X25.2521 Y19.6178
G01 X25.2836 Y19.6133
G01 X25.3106 Y19.6121
G01 X25.4527 Y19.6121
G01 X25.4537 Y19.6024
G01 X25.4565 Y19.5931
G01 X25.4611 Y19.5844
G01 X25.4674 Y19.5768
G01 X25.4749 Y19.5706
G01 X25.4825 Y19.5665
G01 X25.4918 Y19.5634
G01 X25.5015 Y19.5622
G01 X27.4527 Y19.5622
G01 X27.4601 Y19.5627
G01 X27.4661 Y19.5640
G01 X27.4719 Y19.5660
G01 X27.4784 Y19.5693
G01 X27.4835 Y19.5728
G01 X27.4881 Y19.5768
G01 X27.4921 Y19.5814
G01 X27.4956 Y19.5865
G01 X27.4984 Y19.5919
G01 X27.5006 Y19.5977
G01 X27.5020 Y19.6037
G01 X27.5027 Y19.6097
G01 X27.5027 Y20.2122
G01 X27.5022 Y20.2195
G01 X27.5009 Y20.2255
G01 X27.4984 Y20.2325
G01 X27.4950 Y20.2390
G01 X27.4906 Y20.2449
G01 X27.4854 Y20.2501
G01 X27.4795 Y20.2544
G01 X27.4741 Y20.2574
G01 X27.4684 Y20.2597
G01 X27.4637 Y20.2610
G01 X27.4576 Y20.2620
G01 X27.4527 Y20.2622
G01 X25.5015 Y20.2622
G01 X25.4918 Y20.2610
G01 X25.4836 Y20.2584
G01 X25.4749 Y20.2538
G01 X25.4674 Y20.2476
G01 X25.4611 Y20.2400
G01 X25.4565 Y20.2313
G01 X25.4537 Y20.2220
G01 X25.4527 Y20.2123
G01 X25.4349 Y20.2123
G01 X24.8385 Y20.8087
G01 X24.8385 Y24.4144
G01 X24.8625 Y24.4118
G01 X24.8796 Y24.4109
G01 X24.8968 Y24.4109
G01 X24.9152 Y24.4119
G01 X24.9323 Y24.4136
G01 X24.9481 Y24.4160
G01 X24.9637 Y24.4191
G01 X24.9816 Y24.4235
G01 X24.9980 Y24.4285
G01 X25.0142 Y24.4343
G01 X25.0312 Y24.4413
G01 X25.0456 Y24.4482
G01 X25.0597 Y24.4557
G01 X25.0744 Y24.4645
G01 X25.0897 Y24.4746
G01 X25.1035 Y24.4849
G01 X25.1168 Y24.4958
G01 X25.1304 Y24.5082
G01 X25.1417 Y24.5195
G01 X25.1524 Y24.5313
G01 X25.1634 Y24.5445
G01 X25.1744 Y24.5593
G01 X25.1839 Y24.5736
G01 X25.1927 Y24.5883
G01 X25.2014 Y24.6045
G01 X25.2082 Y24.6190
G01 X25.2143 Y24.6337
G01 X25.2202 Y24.6499
G01 X25.2255 Y24.6675
G01 X25.2297 Y24.6841
G01 X25.2331 Y24.7010
G01 X25.2357 Y24.7192
G01 X25.2373 Y24.7351
G01 X25.2381 Y24.7510
G01 X25.2381 Y24.7682
G01 X25.2373 Y24.7866
G01 X25.2354 Y24.8049
G01 X25.2331 Y24.8206
G01 X25.2297 Y24.8375
G01 X25.2255 Y24.8542
G01 X25.2206 Y24.8706
G01 X25.2148 Y24.8868
G01 X25.2082 Y24.9026
G01 X25.2008 Y24.9182
G01 X25.1933 Y24.9322
G01 X25.1832 Y24.9491
G01 X25.1744 Y24.9623
G01 X25.1634 Y24.9771
G01 X25.1532 Y24.9894
G01 X25.1417 Y25.0021
G01 X25.1296 Y25.0143
G01 X25.1177 Y25.0250
G01 X25.1026 Y25.0375
G01 X25.0897 Y25.0470
G01 X25.0744 Y25.0571
G01 X25.0607 Y25.0653
G01 X25.0456 Y25.0734
G01 X25.0301 Y25.0808
G01 X25.0142 Y25.0874
G01 X24.9980 Y25.0931
G01 X24.9827 Y25.0978
G01 X24.9637 Y25.1026
G01 X24.9481 Y25.1056
G01 X24.9311 Y25.1082
G01 X24.9140 Y25.1099
G01 X24.8980 Y25.1107
G01 X24.8784 Y25.1107
G01 X24.8625 Y25.1099
G01 X24.8442 Y25.1080
G01 X24.8284 Y25.1056
G01 X24.8115 Y25.1023
G01 X24.7949 Y25.0981
G01 X24.7773 Y25.0927
G01 X24.7623 Y25.0874
G01 X24.7464 Y25.0808
G01 X24.7309 Y25.0734
G01 X24.7157 Y25.0653
G01 X24.7010 Y25.0565
G01 X24.6867 Y25.0470
G01 X24.6729 Y25.0367
G01 X24.6623 Y25.0280
G01 X24.5383 Y25.0278
G01 X24.5090 Y25.0264
G01 X24.4775 Y25.0215
G01 X24.4513 Y25.0149
G01 X24.4236 Y25.0050
G01 X24.3969 Y24.9924
G01 X24.3717 Y24.9773
G01 X24.3480 Y24.9597
G01 X24.3262 Y24.9399
G01 X24.3064 Y24.9181
G01 X24.2889 Y24.8944
G01 X24.2737 Y24.8692
G01 X24.2621 Y24.8448
G00 Z2.0000
G00 X22.0550 Y24.6180
G01 F60.00
G01 Z0.0000
G01 F60.00
G01 X22.0644 Y24.6022
G01 X22.0740 Y24.5879
G01 X22.0842 Y24.5741
G01 X22.0951 Y24.5608
G01 X22.1066 Y24.5481
G01 X22.1188 Y24.5359
G01 X22.1315 Y24.5244
G01 X22.1458 Y24.5127
G01 X22.1586 Y24.5032
G01 X22.1692 Y24.4961
G01 X22.1934 Y24.4782
G01 X22.2197 Y24.4625
G01 X22.2453 Y24.4504
G01 X22.2707 Y24.4413
G01 X22.3028 Y24.4331
G01 X22.3307 Y24.4290
G01 X22.3601 Y24.4276
G01 X23.2347 Y24.4276
G01 X23.2347 Y20.1384
G01 X23.2361 Y20.1102
G01 X23.2405 Y20.0811
G01 X23.2476 Y20.0525
G01 X23.2567 Y20.0270
G01 X23.2713 Y19.9960
G01 X23.2853 Y19.9729
G01 X23.3036 Y19.9483
G01 X23.3226 Y19.9274
G01 X24.8200 Y18.4300
G01 X24.8418 Y18.4102
G01 X24.8655 Y18.3927
G01 X24.8907 Y18.3775
G01 X24.9185 Y18.3645
G01 X24.9451 Y18.3550
G01 X24.9737 Y18.3478
G01 X25.0028 Y18.3435
G01 X25.0298 Y18.3421
G01 X25.4527 Y18.3421
G01 X25.4537 Y18.3324
G01 X25.4565 Y18.3231
G01 X25.4611 Y18.3144
G01 X25.4674 Y18.3068
G01 X25.4749 Y18.3006
G01 X25.4825 Y18.2965
G01 X25.4918 Y18.2934
G01 X25.5015 Y18.2922
G01 X27.4527 Y18.2922
G01 X27.4613 Y18.2929
G01 X27.4707 Y18.2956
G01 X27.4784 Y18.2993
G01 X27.4854 Y18.3043
G01 X27.4889 Y18.3077
G01 X27.4929 Y18.3124
G01 X27.4979 Y18.3208
G01 X27.5002 Y18.3265
G01 X27.5015 Y18.3312
G01 X27.5027 Y18.3410
G01 X27.5027 Y18.9434
G01 X27.5022 Y18.9495
G01 X27.5006 Y18.9567
G01 X27.4984 Y18.9625
G01 X27.4956 Y18.9679
G01 X27.4914 Y18.9739
G01 X27.4872 Y18.9784
G01 X27.4825 Y18.9824
G01 X27.4763 Y18.9863
G01 X27.4707 Y18.9889
G01 X27.4649 Y18.9907
G01 X27.4588 Y18.9918
G01 X27.4527 Y18.9922
G01 X25.5015 Y18.9922
G01 X25.4918 Y18.9910
G01 X25.4836 Y18.9884
G01 X25.4749 Y18.9838
G01 X25.4674 Y18.9776
G01 X25.4611 Y18.9700
G01 X25.4565 Y18.9613
G01 X25.4537 Y18.9520
G01 X25.4527 Y18.9423
G01 X25.1565 Y18.9423
G01 X23.8349 Y20.2639
G01 X23.8349 Y24.7289
G01 X23.8335 Y24.7571
G01 X23.8292 Y24.7863
G01 X23.8220 Y24.8148
G01 X23.8130 Y24.8403
G01 X23.7983 Y24.8713
G01 X23.7844 Y24.8944
G01 X23.7660 Y24.9190
G01 X23.7470 Y24.9399
G01 X23.7252 Y24.9597
G01 X23.7016 Y24.9772
G01 X23.6763 Y24.9924
G01 X23.6496 Y25.0050
G01 X23.6219 Y25.0149
G01 X23.5934 Y25.0221
G01 X23.5667 Y25.0261
G01 X23.5348 Y25.0278
G01 X22.6163 Y25.0278
G01 X22.6015 Y25.0429
G01 X22.5878 Y25.0552
G01 X22.5754 Y25.0653
G01 X22.5626 Y25.0748
G01 X22.5474 Y25.0851
G01 X22.5316 Y25.0945
G01 X22.5175 Y25.1020
G01 X22.5031 Y25.1089
G01 X22.4861 Y25.1160
G01 X22.4699 Y25.1217
G01 X22.4535 Y25.1267
G01 X22.4356 Y25.1312
G01 X22.4200 Y25.1342
G01 X22.4042 Y25.1366
G01 X22.3859 Y25.1385
G01 X22.3687 Y25.1393
G01 X22.3503 Y25.1393
G01 X22.3344 Y25.1385
G01 X22.3185 Y25.1369
G01 X22.3003 Y25.1342
G01 X22.2834 Y25.1309
G01 X22.2656 Y25.1264
G01 X22.2503 Y25.1217
G01 X22.2353 Y25.1164
G01 X22.2183 Y25.1094
G01 X22.2028 Y25.1020
G01 X22.1865 Y25.0933
G01 X22.1718 Y25.0844
G01 X22.1586 Y25.0756
G01 X22.1458 Y25.0661
G01 X22.1315 Y25.0544
G01 X22.1188 Y25.0429
G01 X22.1066 Y25.0307
G01 X22.0943 Y25.0171
G01 X22.0835 Y25.0038
G01 X22.0740 Y24.9909
G01 X22.0651 Y24.9777
G01 X22.0556 Y24.9619
G01 X22.0470 Y24.9457
G01 X22.0401 Y24.9312
G01 X22.0340 Y24.9165
G01 X22.0282 Y24.9004
G01 X22.0228 Y24.8828
G01 X22.0186 Y24.8661
G01 X22.0153 Y24.8492
G01 X22.0126 Y24.8310
G01 X22.0111 Y24.8152
G01 X22.0103 Y24.7992
G01 X22.0102 Y24.7808
G01 X22.0111 Y24.7637
G01 X22.0129 Y24.7453
G01 X22.0153 Y24.7296
G01 X22.0184 Y24.7139
G01 X22.0228 Y24.6961
G01 X22.0278 Y24.6796
G01 X22.0340 Y24.6623
G01 X22.0401 Y24.6476
G01 X22.0470 Y24.6331
G01 X22.0550 Y24.6180
G00 Z2.0000
G00 X3.3486 Y15.0015
G01 F60.00
G01 Z0.0000
G01 F60.00
G01 X3.3070 Y14.7225
G01 X3.2933 Y14.4431
G01 X3.3070 Y14.1638
G01 X3.3481 Y13.8871
G01 X3.4160 Y13.6158
G01 X3.5103 Y13.3525
G01 X3.6298 Y13.0996
G01 X3.7736 Y12.8597
G01 X3.9402 Y12.6351
G01 X4.1281 Y12.4278
G01 X4.3353 Y12.2400
G01 X4.5599 Y12.0734
G01 X4.7998 Y11.9296
G01 X5.0527 Y11.8100
G01 X5.3160 Y11.7158
G01 X5.5873 Y11.6479
G01 X5.8640 Y11.6068
G01 X6.1433 Y11.5931
G01 X6.4227 Y11.6068
G01 X6.6993 Y11.6479
G01 X6.9706 Y11.7158
G01 X7.2340 Y11.8100
G01 X7.4868 Y11.9296
G01 X7.7267 Y12.0734
G01 X7.9513 Y12.2400
G01 X8.1586 Y12.4278
G01 X8.3464 Y12.6351
G01 X8.5130 Y12.8597
G01 X8.6568 Y13.0996
G01 X8.7764 Y13.3525
G01 X8.8706 Y13.6158
G01 X8.9386 Y13.8871
G01 X8.9796 Y14.1638
G01 X8.9933 Y14.4431
G01 X8.9796 Y14.7225
G01 X8.9386 Y14.9991
G01 X8.8706 Y15.2704
G01 X8.7764 Y15.5338
G01 X8.6568 Y15.7866
G01 X8.5130 Y16.0265
G01 X8.3464 Y16.2511
G01 X8.1586 Y16.4584
G01 X7.9513 Y16.6462
G01 X7.7267 Y16.8128
G01 X7.4868 Y16.9566
G01 X7.2340 Y17.0762
G01 X6.9706 Y17.1704
G01 X6.6994 Y17.2383
G01 X6.4227 Y17.2794
G01 X6.1433 Y17.2931
G01 X5.8640 Y17.2794
G01 X5.5873 Y17.2383
G01 X5.3160 Y17.1704
G01 X5.0527 Y17.0762
G01 X4.7998 Y16.9566
G01 X4.5599 Y16.8128
G01 X4.3353 Y16.6462
G01 X4.1281 Y16.4584
G01 X3.9402 Y16.2511
G01 X3.7736 Y16.0265
G01 X3.6298 Y15.7866
G01 X3.5103 Y15.5338
G01 X3.4160 Y15.2704
G01 X3.3486 Y15.0015
G00 Z2.0000
G00 X3.3486 Y55.5797
G01 F60.00
G01 Z0.0000
G01 F60.00
G01 X3.3070 Y55.3007
G01 X3.2933 Y55.0213
G01 X3.3070 Y54.7420
G01 X3.3481 Y54.4653
G01 X3.4160 Y54.1940
G01 X3.5103 Y53.9307
G01 X3.6298 Y53.6778
G01 X3.7736 Y53.4379
G01 X3.9402 Y53.2133
G01 X4.1281 Y53.0060
G01 X4.3353 Y52.8182
G01 X4.5599 Y52.6516
G01 X4.7998 Y52.5078
G01 X5.0527 Y52.3882
G01 X5.3160 Y52.2940
G01 X5.5873 Y52.2261
G01 X5.8640 Y52.1850
G01 X6.1433 Y52.1713
G01 X6.4227 Y52.1850
G01 X6.6993 Y52.2261
G01 X6.9706 Y52.2940
G01 X7.2340 Y52.3882
G01 X7.4868 Y52.5078
G01 X7.7267 Y52.6516
G01 X7.9513 Y52.8182
G01 X8.1586 Y53.0060
G01 X8.3464 Y53.2133
G01 X8.5130 Y53.4379
G01 X8.6568 Y53.6778
G01 X8.7764 Y53.9307
G01 X8.8706 Y54.1940
G01 X8.9386 Y54.4653
G01 X8.9796 Y54.7420
G01 X8.9933 Y55.0213
G01 X8.9796 Y55.3007
G01 X8.9386 Y55.5773
G01 X8.8706 Y55.8486
G01 X8.7764 Y56.1120
G01 X8.6568 Y56.3648
G01 X8.5130 Y56.6047
G01 X8.3464 Y56.8293
G01 X8.1586 Y57.0366
G01 X7.9513 Y57.2244
G01 X7.7267 Y57.3910
G01 X7.4868 Y57.5348
G01 X7.2340 Y57.6544
G01 X6.9706 Y57.7486
G01 X6.6994 Y57.8165
G01 X6.4227 Y57.8576
G01 X6.1433 Y57.8713
G01 X5.8640 Y57.8576
G01 X5.5873 Y57.8165
G01 X5.3160 Y57.7486
G01 X5.0527 Y57.6544
G01 X4.7998 Y57.5348
G01 X4.5599 Y57.3910
G01 X4.3353 Y57.2244
G01 X4.1281 Y57.0366
G01 X3.9402 Y56.8293
G01 X3.7736 Y56.6047
G01 X3.6298 Y56.3648
G01 X3.5103 Y56.1120
G01 X3.4160 Y55.8486
G01 X3.3486 Y55.5797
G00 Z2.0000
G00 X3.1360 Y56.2640
G01 F60.00
G01 Z0.0000
G01 F60.00
G01 X2.9177 Y55.4480
G01 X2.9177 Y54.5942
G01 X3.1363 Y53.7769
G01 X3.5617 Y53.0403
G01 X4.1624 Y52.4396
G01 X4.8990 Y52.0142
G01 X5.7163 Y51.7956
G01 X6.5701 Y51.7956
G01 X7.3874 Y52.0142
G01 X8.1240 Y52.4396
G01 X8.7247 Y53.0403
G01 X9.1501 Y53.7769
G01 X9.3697 Y54.5942
G01 X9.3697 Y55.4480
G01 X9.1505 Y56.2639
G01 X8.7247 Y57.0019
G01 X8.1240 Y57.6026
G01 X7.3878 Y58.0284
G01 X6.5701 Y58.2476
G01 X5.7163 Y58.2476
G01 X4.8987 Y58.0284
G01 X4.1624 Y57.6026
G01 X3.5617 Y57.0019
G01 X3.1360 Y56.2640
G00 Z2.0000
G00 X41.7160 Y56.2640
G01 F60.00
G01 Z0.0000
G01 F60.00
G01 X41.4977 Y55.4480
G01 X41.4977 Y54.5942
G01 X41.7163 Y53.7769
G01 X42.1417 Y53.0403
G01 X42.7424 Y52.4396
G01 X43.4790 Y52.0142
G01 X44.2963 Y51.7956
G01 X45.1501 Y51.7956
G01 X45.9674 Y52.0142
G01 X46.7040 Y52.4396
G01 X47.3047 Y53.0403
G01 X47.7301 Y53.7769
G01 X47.9497 Y54.5942
G01 X47.9497 Y55.4480
G01 X47.7305 Y56.2639
G01 X47.3047 Y57.0019
G01 X46.7040 Y57.6026
G01 X45.9678 Y58.0284
G01 X45.1501 Y58.2476
G01 X44.2963 Y58.2476
G01 X43.4787 Y58.0284
G01 X42.7424 Y57.6026
G01 X42.1417 Y57.0019
G01 X41.7160 Y56.2640
G00 Z2.0000
G00 X41.9286 Y55.5797
G01 F60.00
G01 Z0.0000
G01 F60.00
G01 X41.8870 Y55.3007
G01 X41.8733 Y55.0213
G01 X41.8870 Y54.7420
G01 X41.9281 Y54.4653
G01 X41.9960 Y54.1940
G01 X42.0903 Y53.9307
G01 X42.2098 Y53.6778
G01 X42.3536 Y53.4379
G01 X42.5202 Y53.2133
G01 X42.7081 Y53.0060
G01 X42.9153 Y52.8182
G01 X43.1399 Y52.6516
G01 X43.3798 Y52.5078
G01 X43.6327 Y52.3882
G01 X43.8960 Y52.2940
G01 X44.1673 Y52.2261
G01 X44.4440 Y52.1850
G01 X44.7233 Y52.1713
G01 X45.0027 Y52.1850
G01 X45.2793 Y52.2261
G01 X45.5506 Y52.2940
G01 X45.8140 Y52.3882
G01 X46.0668 Y52.5078
G01 X46.3067 Y52.6516
G01 X46.5313 Y52.8182
G01 X46.7386 Y53.0060
G01 X46.9264 Y53.2133
G01 X47.0930 Y53.4379
G01 X47.2368 Y53.6778
G01 X47.3564 Y53.9307
G01 X47.4506 Y54.1940
G01 X47.5186 Y54.4653
G01 X47.5596 Y54.7420
G01 X47.5733 Y55.0213
G01 X47.5596 Y55.3007
G01 X47.5186 Y55.5773
G01 X47.4506 Y55.8486
G01 X47.3564 Y56.1120
G01 X47.2368 Y56.3648
G01 X47.0930 Y56.6047
G01 X46.9264 Y56.8293
G01 X46.7386 Y57.0366
G01 X46.5313 Y57.2244
G01 X46.3067 Y57.3910
G01 X46.0668 Y57.5348
G01 X45.8140 Y57.6544
G01 X45.5506 Y57.7486
G01 X45.2794 Y57.8165
G01 X45.0027 Y57.8576
G01 X44.7233 Y57.8713
G01 X44.4440 Y57.8576
G01 X44.1673 Y57.8165
G01 X43.8960 Y57.7486
G01 X43.6327 Y57.6544
G01 X43.3798 Y57.5348
G01 X43.1399 Y57.3910
G01 X42.9153 Y57.2244
G01 X42.7081 Y57.0366
G01 X42.5202 Y56.8293
G01 X42.3536 Y56.6047
G01 X42.2098 Y56.3648
G01 X42.0903 Y56.1120
G01 X41.9960 Y55.8486
G01 X41.9286 Y55.5797
G00 Z2.0000
M05
G00 Z2.0000
G00 Z8.00


