(G-CODE GENERATED BY FLATCAM v8.994 - www.flatcam.org - Version Date: 2020/11/7)

(Name: preprototiposecadosv3-f_cu.gbr_iso_combined_cnc)
(Type: G-code from Geometry)
(Units: MM)

(Created on Saturday, 02 September 2023 at 20:59)

(This preprocessor is the default preprocessor used by FlatCAM.)
(It is made to work with MACH3 compatible motion controllers.)

(TOOL DIAMETER: 0.1 mm)
(Feedrate_XY: 60.0 mm/min)
(Feedrate_Z: 60.0 mm/min)
(Feedrate rapids 1500.0 mm/min)

(Z_Cut: -0.0 mm)
(Z_Move: 2.0 mm)
(Z Start: None mm)
(Z End: 5.0 mm)
(X,Y End: None mm)
(Steps per circle: 64)
(Preprocessor Geometry: default)

(X range:    0.9500 ...   58.2500  mm)
(Y range:    1.3500 ...   60.6500  mm)

(Spindle Speed: 0.0 RPM)
G21
G90
G94

G01 F60.00

M5
G00 Z15.0000
G00 X0.0000 Y0.0000
T1
M6    
(MSG, Change to Tool Dia = 0.1000)
M0
G00 Z15.0000

M03
G01 F60.00
G00 X1.0000 Y1.3500
G01 F60.00
G01 Z-0.0000
G01 F60.00
G01 X58.2000 Y1.3500
G01 X58.2098 Y1.3510
G01 X58.2191 Y1.3538
G01 X58.2246 Y1.3565
G01 X58.2288 Y1.3591
G01 X58.2362 Y1.3655
G01 X58.2422 Y1.3733
G01 X58.2466 Y1.3820
G01 X58.2493 Y1.3915
G01 X58.2500 Y1.4000
G01 X58.2500 Y60.6000
G01 X58.2496 Y60.6061
G01 X58.2488 Y60.6110
G01 X58.2457 Y60.6203
G01 X58.2409 Y60.6288
G01 X58.2345 Y60.6362
G01 X58.2267 Y60.6422
G01 X58.2180 Y60.6466
G01 X58.2085 Y60.6493
G01 X58.2000 Y60.6500
G01 X1.0000 Y60.6500
G01 X0.9939 Y60.6496
G01 X0.9890 Y60.6488
G01 X0.9797 Y60.6457
G01 X0.9712 Y60.6409
G01 X0.9638 Y60.6345
G01 X0.9578 Y60.6267
G01 X0.9538 Y60.6191
G01 X0.9510 Y60.6098
G01 X0.9500 Y60.6000
G01 X0.9500 Y1.4000
G01 X0.9510 Y1.3902
G01 X0.9538 Y1.3809
G01 X0.9584 Y1.3722
G01 X0.9646 Y1.3646
G01 X0.9722 Y1.3584
G01 X0.9809 Y1.3538
G01 X0.9902 Y1.3510
G01 X1.0000 Y1.3500
G00 Z2.0000
G00 X11.5020 Y5.0286
G01 F60.00
G01 Z-0.0000
G01 F60.00
G01 X11.7216 Y4.2113
G01 X12.1470 Y3.4747
G01 X12.7477 Y2.8740
G01 X13.4840 Y2.4482
G01 X14.3016 Y2.2290
G01 X15.1554 Y2.2290
G01 X15.9730 Y2.4482
G01 X16.7093 Y2.8740
G01 X17.3100 Y3.4747
G01 X17.7354 Y4.2113
G01 X17.9540 Y5.0286
G01 X17.9540 Y5.8824
G01 X17.7354 Y6.6997
G01 X17.3100 Y7.4363
G01 X16.7093 Y8.0370
G01 X15.9727 Y8.4624
G01 X15.1554 Y8.6810
G01 X14.3016 Y8.6810
G01 X13.4843 Y8.4624
G01 X12.7477 Y8.0370
G01 X12.1470 Y7.4363
G01 X11.7216 Y6.6997
G01 X11.5020 Y5.8824
G01 X11.5020 Y5.0286
G00 Z2.0000
G00 X14.1700 Y8.2500
G01 F60.00
G01 Z-0.0000
G01 F60.00
G01 X13.9011 Y8.1826
G01 X13.6378 Y8.0884
G01 X13.3849 Y7.9688
G01 X13.1450 Y7.8250
G01 X12.9204 Y7.6584
G01 X12.7131 Y7.4706
G01 X12.5253 Y7.2633
G01 X12.3587 Y7.0387
G01 X12.2149 Y6.7988
G01 X12.0953 Y6.5459
G01 X12.0011 Y6.2826
G01 X11.9332 Y6.0113
G01 X11.8921 Y5.7346
G01 X11.8784 Y5.4553
G01 X11.8921 Y5.1760
G01 X11.9332 Y4.8993
G01 X12.0011 Y4.6280
G01 X12.0953 Y4.3647
G01 X12.2149 Y4.1118
G01 X12.3587 Y3.8719
G01 X12.5253 Y3.6473
G01 X12.7131 Y3.4400
G01 X12.9204 Y3.2522
G01 X13.1450 Y3.0856
G01 X13.3849 Y2.9418
G01 X13.6378 Y2.8222
G01 X13.9011 Y2.7280
G01 X14.1724 Y2.6601
G01 X14.4491 Y2.6190
G01 X14.7284 Y2.6053
G01 X15.0077 Y2.6190
G01 X15.2844 Y2.6601
G01 X15.5557 Y2.7280
G01 X15.8190 Y2.8222
G01 X16.0719 Y2.9418
G01 X16.3118 Y3.0856
G01 X16.5364 Y3.2522
G01 X16.7437 Y3.4400
G01 X16.9315 Y3.6473
G01 X17.0981 Y3.8719
G01 X17.2419 Y4.1118
G01 X17.3615 Y4.3647
G01 X17.4557 Y4.6280
G01 X17.5236 Y4.8993
G01 X17.5647 Y5.1760
G01 X17.5784 Y5.4553
G01 X17.5647 Y5.7346
G01 X17.5237 Y6.0112
G01 X17.4557 Y6.2826
G01 X17.3615 Y6.5459
G01 X17.2419 Y6.7988
G01 X17.0981 Y7.0387
G01 X16.9315 Y7.2633
G01 X16.7437 Y7.4706
G01 X16.5364 Y7.6584
G01 X16.3118 Y7.8250
G01 X16.0719 Y7.9688
G01 X15.8190 Y8.0884
G01 X15.5557 Y8.1826
G01 X15.2844 Y8.2505
G01 X15.0077 Y8.2916
G01 X14.7284 Y8.3053
G01 X14.4491 Y8.2916
G01 X14.1700 Y8.2500
G00 Z2.0000
G00 X20.3142 Y10.0838
G01 F60.00
G01 Z-0.0000
G01 F60.00
G01 X22.4142 Y10.0838
G01 X22.4228 Y10.0845
G01 X22.4310 Y10.0867
G01 X22.4399 Y10.0909
G01 X22.4469 Y10.0959
G01 X22.4504 Y10.0993
G01 X22.4544 Y10.1040
G01 X22.4571 Y10.1081
G01 X22.4599 Y10.1135
G01 X22.4630 Y10.1228
G01 X22.4640 Y10.1289
G01 X22.4642 Y10.1338
G01 X22.4642 Y12.3835
G01 X23.0467 Y12.3835
G01 X24.3262 Y11.1041
G01 X24.3262 Y9.4969
G01 X24.3154 Y9.4858
G01 X24.3051 Y9.4728
G01 X24.2967 Y9.4597
G01 X24.2893 Y9.4449
G01 X24.2835 Y9.4299
G01 X24.2794 Y9.4146
G01 X24.2768 Y9.3987
G01 X24.2758 Y9.3827
G01 X24.2755 Y8.7646
G01 X24.2758 Y8.1462
G01 X24.2770 Y8.1287
G01 X24.2802 Y8.1113
G01 X24.2852 Y8.0945
G01 X24.2886 Y8.0859
G01 X24.2924 Y8.0775
G01 X24.2973 Y8.0685
G01 X24.3025 Y8.0602
G01 X24.3086 Y8.0517
G01 X24.3145 Y8.0444
G01 X24.3211 Y8.0373
G01 X24.3288 Y8.0300
G01 X24.3370 Y8.0231
G01 X24.3450 Y8.0173
G01 X24.3532 Y8.0120
G01 X24.3626 Y8.0068
G01 X24.3717 Y8.0026
G01 X24.3812 Y7.9988
G01 X24.3911 Y7.9957
G01 X24.4005 Y7.9933
G01 X24.4106 Y7.9914
G01 X24.4208 Y7.9902
G01 X24.4345 Y7.9896
G01 X25.2179 Y7.9896
G01 X25.2349 Y7.9906
G01 X25.2511 Y7.9933
G01 X25.2621 Y7.9961
G01 X25.2727 Y7.9997
G01 X25.2835 Y8.0041
G01 X25.2935 Y8.0092
G01 X25.3031 Y8.0149
G01 X25.3123 Y8.0213
G01 X25.3210 Y8.0283
G01 X25.3295 Y8.0362
G01 X25.3374 Y8.0447
G01 X25.3445 Y8.0536
G01 X25.3511 Y8.0633
G01 X25.3567 Y8.0728
G01 X25.3615 Y8.0825
G01 X25.3660 Y8.0933
G01 X25.3696 Y8.1042
G01 X25.3723 Y8.1153
G01 X25.3749 Y8.1311
G01 X25.3758 Y8.1472
G01 X25.3758 Y8.5853
G01 X25.3853 Y8.6058
G01 X25.4027 Y8.6543
G01 X25.4159 Y8.7067
G01 X25.4241 Y8.7613
G01 X25.4267 Y8.8127
G01 X25.4268 Y11.3320
G01 X25.4241 Y11.3859
G01 X25.4164 Y11.4381
G01 X25.4031 Y11.4917
G01 X25.3839 Y11.5448
G01 X25.3618 Y11.5914
G01 X25.3353 Y11.6356
G01 X25.3011 Y11.6820
G01 X25.2656 Y11.7211
G01 X24.5152 Y12.4715
G01 X31.9490 Y12.4715
G01 X31.9500 Y12.4618
G01 X31.9528 Y12.4525
G01 X31.9574 Y12.4438
G01 X31.9636 Y12.4362
G01 X31.9712 Y12.4300
G01 X31.9787 Y12.4259
G01 X31.9880 Y12.4228
G01 X31.9978 Y12.4216
G01 X33.9527 Y12.4217
G01 X33.9611 Y12.4231
G01 X33.9704 Y12.4264
G01 X33.9778 Y12.4307
G01 X33.9844 Y12.4362
G01 X33.9906 Y12.4438
G01 X33.9947 Y12.4513
G01 X33.9975 Y12.4595
G01 X33.9989 Y12.4679
G01 X33.9990 Y13.0716
G01 X33.9986 Y13.0777
G01 X33.9978 Y13.0826
G01 X33.9956 Y13.0896
G01 X33.9919 Y13.0973
G01 X33.9869 Y13.1043
G01 X33.9807 Y13.1103
G01 X33.9736 Y13.1151
G01 X33.9658 Y13.1187
G01 X33.9575 Y13.1209
G01 X33.9502 Y13.1216
G01 X31.9990 Y13.1216
G01 X31.9892 Y13.1206
G01 X31.9799 Y13.1178
G01 X31.9712 Y13.1132
G01 X31.9636 Y13.1070
G01 X31.9574 Y13.0994
G01 X31.9528 Y13.0907
G01 X31.9500 Y13.0814
G01 X31.9490 Y13.0717
G01 X23.9149 Y13.0717
G01 X23.6638 Y13.3229
G01 X23.6238 Y13.3591
G01 X23.5804 Y13.3913
G01 X23.5341 Y13.4191
G01 X23.4853 Y13.4422
G01 X23.4333 Y13.4607
G01 X23.3796 Y13.4739
G01 X23.3286 Y13.4814
G01 X23.2759 Y13.4840
G01 X22.4642 Y13.4841
G01 X22.4642 Y15.7338
G01 X22.4640 Y15.7387
G01 X22.4630 Y15.7448
G01 X22.4613 Y15.7506
G01 X22.4589 Y15.7563
G01 X22.4564 Y15.7605
G01 X22.4529 Y15.7655
G01 X22.4487 Y15.7700
G01 X22.4440 Y15.7740
G01 X22.4367 Y15.7785
G01 X22.4299 Y15.7813
G01 X22.4228 Y15.7831
G01 X22.4142 Y15.7838
G01 X20.3142 Y15.7838
G01 X20.3081 Y15.7834
G01 X20.3033 Y15.7826
G01 X20.2951 Y15.7800
G01 X20.2875 Y15.7760
G01 X20.2815 Y15.7717
G01 X20.2756 Y15.7655
G01 X20.2707 Y15.7584
G01 X20.2671 Y15.7506
G01 X20.2649 Y15.7423
G01 X20.2642 Y15.7338
G01 X20.2642 Y10.1338
G01 X20.2652 Y10.1240
G01 X20.2680 Y10.1147
G01 X20.2726 Y10.1060
G01 X20.2788 Y10.0984
G01 X20.2864 Y10.0922
G01 X20.2951 Y10.0876
G01 X20.3045 Y10.0848
G01 X20.3142 Y10.0838
G00 Z2.0000
G00 X26.8567 Y10.7120
G01 F60.00
G01 Z-0.0000
G01 F60.00
G01 X27.8694 Y9.6993
G01 X27.8694 Y9.5217
G01 X27.8643 Y9.5146
G01 X27.8606 Y9.5069
G01 X27.8579 Y9.4974
G01 X27.8572 Y9.4889
G01 X27.8572 Y8.6641
G01 X27.5542 Y8.3610
G01 X27.5188 Y8.3219
G01 X27.4880 Y8.2805
G01 X27.4588 Y8.2322
G01 X27.4349 Y8.1811
G01 X27.4175 Y8.1325
G01 X27.4050 Y8.0825
G01 X27.3966 Y8.0280
G01 X27.3938 Y7.9728
G01 X27.3938 Y6.4066
G01 X27.3785 Y6.4065
G01 X27.3700 Y6.4054
G01 X27.3607 Y6.4023
G01 X27.3564 Y6.4001
G01 X27.3512 Y6.3968
G01 X27.3465 Y6.3928
G01 X27.3431 Y6.3893
G01 X27.3394 Y6.3844
G01 X27.3369 Y6.3802
G01 X27.3344 Y6.3746
G01 X27.3328 Y6.3699
G01 X27.3315 Y6.3639
G01 X27.3311 Y6.3591
G01 X27.3310 Y5.2566
G01 X27.3315 Y5.2493
G01 X27.3332 Y5.2421
G01 X27.3358 Y5.2352
G01 X27.3401 Y5.2278
G01 X27.3448 Y5.2221
G01 X27.3512 Y5.2164
G01 X27.3585 Y5.2119
G01 X27.3653 Y5.2091
G01 X27.3725 Y5.2073
G01 X27.3798 Y5.2066
G01 X28.4810 Y5.2066
G01 X28.4883 Y5.2071
G01 X28.4955 Y5.2088
G01 X28.5035 Y5.2119
G01 X28.5098 Y5.2157
G01 X28.5155 Y5.2204
G01 X28.5212 Y5.2268
G01 X28.5251 Y5.2330
G01 X28.5281 Y5.2398
G01 X28.5303 Y5.2481
G01 X28.5310 Y5.2554
G01 X28.5310 Y6.3566
G01 X28.5303 Y6.3651
G01 X28.5285 Y6.3723
G01 X28.5257 Y6.3791
G01 X28.5212 Y6.3864
G01 X28.5164 Y6.3920
G01 X28.5098 Y6.3975
G01 X28.5024 Y6.4018
G01 X28.4944 Y6.4048
G01 X28.4944 Y7.7449
G01 X28.7884 Y8.0389
G01 X28.9322 Y8.0389
G01 X28.9420 Y8.0399
G01 X28.9490 Y8.0418
G01 X28.9558 Y8.0448
G01 X28.9620 Y8.0487
G01 X28.9676 Y8.0535
G01 X28.9724 Y8.0591
G01 X28.9763 Y8.0653
G01 X28.9793 Y8.0721
G01 X28.9812 Y8.0791
G01 X28.9822 Y8.0889
G01 X28.9822 Y9.4901
G01 X28.9812 Y9.4987
G01 X28.9788 Y9.5069
G01 X28.9751 Y9.5146
G01 X28.9700 Y9.5217
G01 X28.9701 Y9.9271
G01 X28.9676 Y9.9786
G01 X28.9595 Y10.0344
G01 X28.9464 Y10.0868
G01 X28.9282 Y10.1377
G01 X28.9039 Y10.1886
G01 X28.8773 Y10.2328
G01 X28.8467 Y10.2742
G01 X28.8089 Y10.3162
G01 X27.6340 Y11.4910
G01 X27.5929 Y11.5280
G01 X27.5515 Y11.5586
G01 X27.5073 Y11.5852
G01 X27.4564 Y11.6095
G01 X27.4055 Y11.6277
G01 X27.3531 Y11.6408
G01 X27.3022 Y11.6484
G01 X27.2433 Y11.6513
G01 X27.1919 Y11.6487
G01 X27.1385 Y11.6408
G01 X27.0861 Y11.6277
G01 X27.0352 Y11.6095
G01 X26.9864 Y11.5864
G01 X26.9422 Y11.5599
G01 X26.8949 Y11.5248
G01 X26.8567 Y11.4902
G01 X26.8205 Y11.4502
G01 X26.7883 Y11.4068
G01 X26.7617 Y11.3626
G01 X26.7366 Y11.3094
G01 X26.7192 Y11.2608
G01 X26.7061 Y11.2084
G01 X26.6982 Y11.1550
G01 X26.6956 Y11.1036
G01 X26.6985 Y11.0447
G01 X26.7061 Y10.9938
G01 X26.7192 Y10.9414
G01 X26.7374 Y10.8905
G01 X26.7594 Y10.8439
G01 X26.7897 Y10.7934
G01 X26.8205 Y10.7520
G01 X26.8567 Y10.7120
G00 Z2.0000
G00 X29.6944 Y9.5217
G01 F60.00
G01 Z-0.0000
G01 F60.00
G01 X29.6893 Y9.5146
G01 X29.6856 Y9.5069
G01 X29.6829 Y9.4974
G01 X29.6822 Y9.4889
G01 X29.6822 Y8.0889
G01 X29.6827 Y8.0816
G01 X29.6847 Y8.0732
G01 X29.6875 Y8.0664
G01 X29.6920 Y8.0591
G01 X29.6960 Y8.0544
G01 X29.6995 Y8.0510
G01 X29.7044 Y8.0473
G01 X29.7097 Y8.0442
G01 X29.7154 Y8.0418
G01 X29.7212 Y8.0401
G01 X29.7261 Y8.0393
G01 X29.7322 Y8.0389
G01 X30.7572 Y8.0389
G01 X30.7657 Y8.0396
G01 X30.7729 Y8.0414
G01 X30.7797 Y8.0442
G01 X30.7870 Y8.0487
G01 X30.7917 Y8.0527
G01 X30.7959 Y8.0572
G01 X30.7994 Y8.0621
G01 X30.8019 Y8.0664
G01 X30.8043 Y8.0721
G01 X30.8060 Y8.0779
G01 X30.8070 Y8.0840
G01 X30.8072 Y8.0889
G01 X30.8072 Y9.4889
G01 X30.8065 Y9.4974
G01 X30.8038 Y9.5069
G01 X30.8001 Y9.5146
G01 X30.7950 Y9.5217
G01 X30.7950 Y10.5363
G01 X30.8174 Y10.5738
G01 X30.8405 Y10.6226
G01 X30.8587 Y10.6735
G01 X30.8712 Y10.7235
G01 X30.8799 Y10.7817
G01 X30.8824 Y10.8332
G01 X30.8799 Y10.8847
G01 X30.8718 Y10.9405
G01 X30.8579 Y10.9953
G01 X30.8405 Y11.0438
G01 X30.8185 Y11.0904
G01 X30.7896 Y11.1389
G01 X30.7558 Y11.1841
G01 X30.7212 Y11.2223
G01 X30.6830 Y11.2569
G01 X30.6378 Y11.2907
G01 X30.5904 Y11.3190
G01 X30.5427 Y11.3416
G01 X30.4918 Y11.3598
G01 X30.4394 Y11.3729
G01 X30.3848 Y11.3809
G01 X30.3333 Y11.3834
G01 X30.2447 Y11.3836
G01 X30.1920 Y11.3810
G01 X30.1374 Y11.3730
G01 X30.0861 Y11.3602
G01 X30.0341 Y11.3417
G01 X29.9853 Y11.3186
G01 X29.9390 Y11.2908
G01 X29.8956 Y11.2586
G01 X29.8556 Y11.2224
G01 X29.8194 Y11.1824
G01 X29.7872 Y11.1390
G01 X29.7589 Y11.0916
G01 X29.7363 Y11.0439
G01 X29.7175 Y10.9907
G01 X29.7046 Y10.9382
G01 X29.6971 Y10.8872
G01 X29.6945 Y10.8358
G01 X29.6944 Y9.5217
G00 Z2.0000
G00 X32.9688 Y9.4484
G01 F60.00
G01 Z-0.0000
G01 F60.00
G01 X33.5928 Y8.8244
G01 X33.5928 Y7.9076
G01 X33.5954 Y7.8549
G01 X33.6034 Y7.8003
G01 X33.6173 Y7.7455
G01 X33.6347 Y7.6970
G01 X33.6567 Y7.6504
G01 X33.6849 Y7.6029
G01 X33.7178 Y7.5585
G01 X33.7558 Y7.5168
G01 X33.7940 Y7.4823
G01 X33.8354 Y7.4515
G01 X33.8837 Y7.4223
G01 X33.9325 Y7.3992
G01 X33.9834 Y7.3810
G01 X34.0358 Y7.3679
G01 X34.0867 Y7.3603
G01 X34.1431 Y7.3573
G01 X34.1946 Y7.3598
G01 X34.2480 Y7.3675
G01 X34.2568 Y7.3695
G01 X34.4160 Y7.2103
G01 X34.4160 Y6.0150
G01 X34.4174 Y5.9868
G01 X34.4220 Y5.9564
G01 X34.4293 Y5.9279
G01 X34.4384 Y5.9025
G01 X34.4411 Y5.8964
G01 X34.4411 Y5.3263
G01 X34.4415 Y5.3202
G01 X34.4423 Y5.3153
G01 X34.4440 Y5.3095
G01 X34.4459 Y5.3049
G01 X34.4495 Y5.2985
G01 X34.4532 Y5.2936
G01 X34.4575 Y5.2893
G01 X34.4633 Y5.2847
G01 X34.4686 Y5.2816
G01 X34.4754 Y5.2788
G01 X34.4826 Y5.2770
G01 X34.4886 Y5.2764
G01 X34.9411 Y5.2763
G01 X34.9472 Y5.2767
G01 X34.9521 Y5.2775
G01 X34.9579 Y5.2792
G01 X34.9625 Y5.2811
G01 X34.9678 Y5.2841
G01 X34.9738 Y5.2884
G01 X34.9781 Y5.2927
G01 X34.9827 Y5.2985
G01 X34.9858 Y5.3038
G01 X34.9882 Y5.3095
G01 X34.9901 Y5.3165
G01 X34.9910 Y5.3226
G01 X34.9911 Y5.8964
G01 X34.9938 Y5.9025
G01 X35.0029 Y5.9279
G01 X35.0102 Y5.9564
G01 X35.0148 Y5.9868
G01 X35.0162 Y6.0150
G01 X35.0162 Y7.3346
G01 X35.0149 Y7.3628
G01 X35.0099 Y7.3955
G01 X35.0033 Y7.4217
G01 X34.9934 Y7.4494
G01 X34.9796 Y7.4782
G01 X34.9656 Y7.5013
G01 X34.9489 Y7.5240
G01 X34.9283 Y7.5468
G01 X34.6812 Y7.7939
G01 X34.6832 Y7.8027
G01 X34.6907 Y7.8537
G01 X34.6934 Y7.9076
G01 X34.6933 Y9.1366
G01 X34.6907 Y9.1893
G01 X34.6822 Y9.2451
G01 X34.6697 Y9.2951
G01 X34.6523 Y9.3437
G01 X34.6295 Y9.3926
G01 X34.5992 Y9.4431
G01 X34.5684 Y9.4845
G01 X34.5313 Y9.5253
G01 X34.4922 Y9.5607
G01 X34.4467 Y9.5942
G01 X34.4003 Y9.6218
G01 X34.3537 Y9.6438
G01 X34.3164 Y9.6572
G01 X33.7470 Y10.2266
G01 X33.7060 Y10.2636
G01 X33.6636 Y10.2950
G01 X33.6194 Y10.3216
G01 X33.5662 Y10.3467
G01 X33.5176 Y10.3641
G01 X33.4652 Y10.3772
G01 X33.4118 Y10.3851
G01 X33.3591 Y10.3877
G01 X33.3015 Y10.3848
G01 X33.2506 Y10.3772
G01 X33.1982 Y10.3641
G01 X33.1451 Y10.3449
G01 X33.0985 Y10.3228
G01 X33.0522 Y10.2950
G01 X33.0070 Y10.2612
G01 X32.9688 Y10.2266
G01 X32.9326 Y10.1866
G01 X32.8991 Y10.1411
G01 X32.8726 Y10.0969
G01 X32.8495 Y10.0481
G01 X32.8313 Y9.9972
G01 X32.8188 Y9.9472
G01 X32.8103 Y9.8914
G01 X32.8077 Y9.8350
G01 X32.8103 Y9.7836
G01 X32.8182 Y9.7302
G01 X32.8313 Y9.6778
G01 X32.8487 Y9.6292
G01 X32.8726 Y9.5781
G01 X32.9004 Y9.5318
G01 X32.9310 Y9.4904
G01 X32.9688 Y9.4484
G00 Z2.0000
G00 X34.2911 Y5.1563
G01 F60.00
G01 Z-0.0000
G01 F60.00
G01 X34.2911 Y6.7063
G01 X34.2904 Y6.7148
G01 X34.2877 Y6.7243
G01 X34.2833 Y6.7330
G01 X34.2773 Y6.7408
G01 X34.2699 Y6.7472
G01 X34.2614 Y6.7520
G01 X34.2556 Y6.7541
G01 X34.2509 Y6.7553
G01 X34.2411 Y6.7563
G01 X32.8161 Y6.7563
G01 X32.8063 Y6.7553
G01 X32.7970 Y6.7525
G01 X32.7894 Y6.7485
G01 X32.7816 Y6.7425
G01 X32.7752 Y6.7351
G01 X32.7704 Y6.7266
G01 X32.7673 Y6.7173
G01 X32.7665 Y6.7124
G01 X32.7661 Y6.7063
G01 X32.7661 Y5.1563
G01 X32.7668 Y5.1478
G01 X32.7695 Y5.1383
G01 X32.7739 Y5.1296
G01 X32.7799 Y5.1218
G01 X32.7873 Y5.1154
G01 X32.7915 Y5.1128
G01 X32.7970 Y5.1101
G01 X32.8063 Y5.1073
G01 X32.8161 Y5.1063
G01 X34.2423 Y5.1063
G01 X34.2521 Y5.1075
G01 X34.2614 Y5.1106
G01 X34.2699 Y5.1154
G01 X34.2765 Y5.1209
G01 X34.2827 Y5.1285
G01 X34.2873 Y5.1372
G01 X34.2901 Y5.1465
G01 X34.2911 Y5.1563
G00 Z2.0000
G00 X36.9411 Y5.3263
G01 F60.00
G01 Z-0.0000
G01 F60.00
G01 X36.9411 Y6.7063
G01 X36.9404 Y6.7148
G01 X36.9382 Y6.7231
G01 X36.9352 Y6.7299
G01 X36.9313 Y6.7361
G01 X36.9265 Y6.7417
G01 X36.9209 Y6.7465
G01 X36.9147 Y6.7504
G01 X36.9079 Y6.7534
G01 X36.9009 Y6.7553
G01 X36.8936 Y6.7562
G01 X36.4411 Y6.7563
G01 X36.4326 Y6.7556
G01 X36.4243 Y6.7534
G01 X36.4175 Y6.7504
G01 X36.4113 Y6.7465
G01 X36.4057 Y6.7417
G01 X36.4002 Y6.7351
G01 X36.3964 Y6.7288
G01 X36.3936 Y6.7220
G01 X36.3918 Y6.7148
G01 X36.3911 Y6.7075
G01 X36.3911 Y5.3263
G01 X36.3918 Y5.3178
G01 X36.3940 Y5.3095
G01 X36.3970 Y5.3027
G01 X36.4009 Y5.2965
G01 X36.4057 Y5.2909
G01 X36.4113 Y5.2861
G01 X36.4175 Y5.2822
G01 X36.4243 Y5.2792
G01 X36.4313 Y5.2773
G01 X36.4374 Y5.2764
G01 X36.8923 Y5.2763
G01 X36.9021 Y5.2775
G01 X36.9114 Y5.2806
G01 X36.9199 Y5.2854
G01 X36.9265 Y5.2909
G01 X36.9327 Y5.2985
G01 X36.9373 Y5.3072
G01 X36.9401 Y5.3165
G01 X36.9411 Y5.3263
G00 Z2.0000
G00 X39.2661 Y5.1563
G01 F60.00
G01 Z-0.0000
G01 F60.00
G01 X39.2661 Y6.7063
G01 X39.2654 Y6.7148
G01 X39.2627 Y6.7243
G01 X39.2583 Y6.7330
G01 X39.2523 Y6.7408
G01 X39.2449 Y6.7472
G01 X39.2364 Y6.7520
G01 X39.2306 Y6.7541
G01 X39.2259 Y6.7553
G01 X39.2161 Y6.7563
G01 X37.7911 Y6.7563
G01 X37.7813 Y6.7553
G01 X37.7720 Y6.7525
G01 X37.7644 Y6.7485
G01 X37.7566 Y6.7425
G01 X37.7502 Y6.7351
G01 X37.7454 Y6.7266
G01 X37.7423 Y6.7173
G01 X37.7415 Y6.7124
G01 X37.7411 Y6.7063
G01 X37.7411 Y5.1563
G01 X37.7418 Y5.1478
G01 X37.7445 Y5.1383
G01 X37.7489 Y5.1296
G01 X37.7549 Y5.1218
G01 X37.7623 Y5.1154
G01 X37.7665 Y5.1128
G01 X37.7720 Y5.1101
G01 X37.7813 Y5.1073
G01 X37.7911 Y5.1063
G01 X39.2173 Y5.1063
G01 X39.2271 Y5.1075
G01 X39.2364 Y5.1106
G01 X39.2449 Y5.1154
G01 X39.2515 Y5.1209
G01 X39.2577 Y5.1285
G01 X39.2623 Y5.1372
G01 X39.2651 Y5.1465
G01 X39.2661 Y5.1563
G00 Z2.0000
G00 X38.5661 Y2.6563
G01 F60.00
G01 Z-0.0000
G01 F60.00
G01 X40.2161 Y2.6563
G01 X40.2246 Y2.6570
G01 X40.2329 Y2.6592
G01 X40.2407 Y2.6628
G01 X40.2478 Y2.6676
G01 X40.2515 Y2.6709
G01 X40.2555 Y2.6755
G01 X40.2590 Y2.6806
G01 X40.2613 Y2.6849
G01 X40.2632 Y2.6895
G01 X40.2649 Y2.6953
G01 X40.2657 Y2.7002
G01 X40.2661 Y2.7063
G01 X40.2661 Y4.0063
G01 X40.2654 Y4.0148
G01 X40.2632 Y4.0231
G01 X40.2596 Y4.0309
G01 X40.2548 Y4.0380
G01 X40.2515 Y4.0417
G01 X40.2469 Y4.0457
G01 X40.2428 Y4.0485
G01 X40.2375 Y4.0515
G01 X40.2329 Y4.0534
G01 X40.2271 Y4.0551
G01 X40.2210 Y4.0561
G01 X40.2161 Y4.0563
G01 X38.5661 Y4.0563
G01 X38.5576 Y4.0556
G01 X38.5493 Y4.0534
G01 X38.5415 Y4.0498
G01 X38.5344 Y4.0450
G01 X38.5274 Y4.0380
G01 X38.5245 Y4.0341
G01 X38.5214 Y4.0288
G01 X38.5190 Y4.0231
G01 X38.5176 Y4.0184
G01 X38.5165 Y4.0124
G01 X38.5161 Y4.0075
G01 X38.5161 Y2.7051
G01 X38.5173 Y2.6953
G01 X38.5204 Y2.6860
G01 X38.5245 Y2.6785
G01 X38.5307 Y2.6709
G01 X38.5383 Y2.6647
G01 X38.5470 Y2.6601
G01 X38.5563 Y2.6573
G01 X38.5661 Y2.6563
G00 Z2.0000
G00 X38.1161 Y2.4063
G01 F60.00
G01 Z-0.0000
G01 F60.00
G01 X38.1161 Y4.3063
G01 X38.1157 Y4.3124
G01 X38.1143 Y4.3196
G01 X38.1123 Y4.3254
G01 X38.1096 Y4.3309
G01 X38.1063 Y4.3361
G01 X38.1015 Y4.3417
G01 X38.0969 Y4.3457
G01 X38.0918 Y4.3492
G01 X38.0864 Y4.3520
G01 X38.0806 Y4.3541
G01 X38.0746 Y4.3556
G01 X38.0673 Y4.3563
G01 X37.0661 Y4.3563
G01 X37.0600 Y4.3559
G01 X37.0528 Y4.3545
G01 X37.0470 Y4.3525
G01 X37.0415 Y4.3498
G01 X37.0363 Y4.3465
G01 X37.0307 Y4.3417
G01 X37.0259 Y4.3361
G01 X37.0226 Y4.3309
G01 X37.0199 Y4.3254
G01 X37.0179 Y4.3196
G01 X37.0165 Y4.3124
G01 X37.0161 Y4.3063
G01 X37.0161 Y2.4063
G01 X37.0165 Y2.4002
G01 X37.0179 Y2.3930
G01 X37.0199 Y2.3872
G01 X37.0226 Y2.3817
G01 X37.0259 Y2.3765
G01 X37.0307 Y2.3709
G01 X37.0353 Y2.3669
G01 X37.0404 Y2.3634
G01 X37.0458 Y2.3606
G01 X37.0516 Y2.3585
G01 X37.0576 Y2.3570
G01 X37.0649 Y2.3563
G01 X38.0673 Y2.3563
G01 X38.0771 Y2.3575
G01 X38.0864 Y2.3606
G01 X38.0949 Y2.3654
G01 X38.1015 Y2.3709
G01 X38.1077 Y2.3785
G01 X38.1123 Y2.3872
G01 X38.1151 Y2.3965
G01 X38.1161 Y2.4063
G00 Z2.0000
G00 X35.8161 Y2.4063
G01 F60.00
G01 Z-0.0000
G01 F60.00
G01 X35.8161 Y4.3063
G01 X35.8154 Y4.3148
G01 X35.8127 Y4.3243
G01 X35.8083 Y4.3330
G01 X35.8023 Y4.3408
G01 X35.7949 Y4.3472
G01 X35.7864 Y4.3520
G01 X35.7806 Y4.3541
G01 X35.7759 Y4.3553
G01 X35.7661 Y4.3563
G01 X33.9661 Y4.3563
G01 X33.9563 Y4.3553
G01 X33.9470 Y4.3525
G01 X33.9394 Y4.3485
G01 X33.9316 Y4.3425
G01 X33.9252 Y4.3351
G01 X33.9204 Y4.3266
G01 X33.9173 Y4.3173
G01 X33.9165 Y4.3124
G01 X33.9161 Y4.3063
G01 X33.9161 Y2.4063
G01 X33.9168 Y2.3978
G01 X33.9195 Y2.3883
G01 X33.9239 Y2.3796
G01 X33.9299 Y2.3718
G01 X33.9373 Y2.3654
G01 X33.9458 Y2.3606
G01 X33.9516 Y2.3585
G01 X33.9563 Y2.3573
G01 X33.9661 Y2.3563
G01 X35.7673 Y2.3563
G01 X35.7771 Y2.3575
G01 X35.7864 Y2.3606
G01 X35.7949 Y2.3654
G01 X35.8015 Y2.3709
G01 X35.8077 Y2.3785
G01 X35.8123 Y2.3872
G01 X35.8151 Y2.3965
G01 X35.8161 Y2.4063
G00 Z2.0000
G00 X36.9490 Y12.4216
G01 F60.00
G01 Z-0.0000
G01 F60.00
G01 X38.8990 Y12.4216
G01 X38.9075 Y12.4223
G01 X38.9147 Y12.4241
G01 X38.9215 Y12.4269
G01 X38.9288 Y12.4314
G01 X38.9344 Y12.4362
G01 X38.9392 Y12.4418
G01 X38.9431 Y12.4480
G01 X38.9461 Y12.4548
G01 X38.9480 Y12.4618
G01 X38.9489 Y12.4691
G01 X38.9490 Y13.0716
G01 X38.9485 Y13.0789
G01 X38.9465 Y13.0873
G01 X38.9437 Y13.0941
G01 X38.9399 Y13.1004
G01 X38.9344 Y13.1070
G01 X38.9288 Y13.1118
G01 X38.9215 Y13.1163
G01 X38.9147 Y13.1191
G01 X38.9075 Y13.1209
G01 X38.9002 Y13.1216
G01 X36.9490 Y13.1216
G01 X36.9405 Y13.1209
G01 X36.9333 Y13.1191
G01 X36.9265 Y13.1163
G01 X36.9192 Y13.1118
G01 X36.9136 Y13.1070
G01 X36.9088 Y13.1014
G01 X36.9049 Y13.0952
G01 X36.9019 Y13.0884
G01 X36.9000 Y13.0814
G01 X36.8991 Y13.0741
G01 X36.8990 Y12.4704
G01 X36.9002 Y12.4606
G01 X36.9033 Y12.4513
G01 X36.9074 Y12.4438
G01 X36.9136 Y12.4362
G01 X36.9212 Y12.4300
G01 X36.9299 Y12.4254
G01 X36.9392 Y12.4226
G01 X36.9490 Y12.4216
G00 Z2.0000
G00 X36.9490 Y13.6916
G01 F60.00
G01 Z-0.0000
G01 F60.00
G01 X38.8990 Y13.6916
G01 X38.9075 Y13.6923
G01 X38.9147 Y13.6941
G01 X38.9215 Y13.6969
G01 X38.9288 Y13.7014
G01 X38.9344 Y13.7062
G01 X38.9392 Y13.7118
G01 X38.9431 Y13.7180
G01 X38.9461 Y13.7248
G01 X38.9480 Y13.7318
G01 X38.9489 Y13.7391
G01 X38.9490 Y14.3416
G01 X38.9485 Y14.3489
G01 X38.9465 Y14.3573
G01 X38.9437 Y14.3641
G01 X38.9399 Y14.3704
G01 X38.9344 Y14.3770
G01 X38.9288 Y14.3818
G01 X38.9215 Y14.3863
G01 X38.9147 Y14.3891
G01 X38.9075 Y14.3909
G01 X38.9002 Y14.3916
G01 X36.9490 Y14.3916
G01 X36.9405 Y14.3909
G01 X36.9333 Y14.3891
G01 X36.9265 Y14.3863
G01 X36.9192 Y14.3818
G01 X36.9136 Y14.3770
G01 X36.9088 Y14.3714
G01 X36.9049 Y14.3652
G01 X36.9019 Y14.3584
G01 X36.9000 Y14.3514
G01 X36.8991 Y14.3441
G01 X36.8990 Y13.7404
G01 X36.9002 Y13.7306
G01 X36.9033 Y13.7213
G01 X36.9074 Y13.7138
G01 X36.9136 Y13.7062
G01 X36.9212 Y13.7000
G01 X36.9299 Y13.6954
G01 X36.9392 Y13.6926
G01 X36.9490 Y13.6916
G00 Z2.0000
G00 X36.9490 Y14.9616
G01 F60.00
G01 Z-0.0000
G01 F60.00
G01 X38.8990 Y14.9616
G01 X38.9075 Y14.9623
G01 X38.9147 Y14.9641
G01 X38.9215 Y14.9669
G01 X38.9288 Y14.9714
G01 X38.9344 Y14.9762
G01 X38.9392 Y14.9818
G01 X38.9431 Y14.9880
G01 X38.9461 Y14.9948
G01 X38.9480 Y15.0018
G01 X38.9489 Y15.0091
G01 X38.9490 Y15.6116
G01 X38.9485 Y15.6189
G01 X38.9465 Y15.6273
G01 X38.9437 Y15.6341
G01 X38.9399 Y15.6404
G01 X38.9344 Y15.6470
G01 X38.9288 Y15.6518
G01 X38.9215 Y15.6563
G01 X38.9147 Y15.6591
G01 X38.9075 Y15.6609
G01 X38.9002 Y15.6616
G01 X36.9490 Y15.6616
G01 X36.9405 Y15.6609
G01 X36.9333 Y15.6591
G01 X36.9265 Y15.6563
G01 X36.9192 Y15.6518
G01 X36.9136 Y15.6470
G01 X36.9088 Y15.6414
G01 X36.9049 Y15.6352
G01 X36.9019 Y15.6284
G01 X36.9000 Y15.6214
G01 X36.8991 Y15.6141
G01 X36.8990 Y15.0104
G01 X36.9002 Y15.0006
G01 X36.9033 Y14.9913
G01 X36.9074 Y14.9838
G01 X36.9136 Y14.9762
G01 X36.9212 Y14.9700
G01 X36.9299 Y14.9654
G01 X36.9392 Y14.9626
G01 X36.9490 Y14.9616
G00 Z2.0000
G00 X36.9490 Y16.2316
G01 F60.00
G01 Z-0.0000
G01 F60.00
G01 X38.8990 Y16.2316
G01 X38.9075 Y16.2323
G01 X38.9147 Y16.2341
G01 X38.9215 Y16.2369
G01 X38.9288 Y16.2414
G01 X38.9344 Y16.2462
G01 X38.9392 Y16.2518
G01 X38.9431 Y16.2580
G01 X38.9461 Y16.2648
G01 X38.9480 Y16.2718
G01 X38.9489 Y16.2791
G01 X38.9490 Y16.8816
G01 X38.9485 Y16.8889
G01 X38.9465 Y16.8973
G01 X38.9437 Y16.9041
G01 X38.9399 Y16.9104
G01 X38.9344 Y16.9170
G01 X38.9288 Y16.9218
G01 X38.9226 Y16.9257
G01 X38.9158 Y16.9287
G01 X38.9075 Y16.9309
G01 X38.9002 Y16.9316
G01 X36.9490 Y16.9316
G01 X36.9405 Y16.9309
G01 X36.9333 Y16.9291
G01 X36.9265 Y16.9263
G01 X36.9192 Y16.9218
G01 X36.9136 Y16.9170
G01 X36.9088 Y16.9114
G01 X36.9049 Y16.9052
G01 X36.9019 Y16.8984
G01 X36.9000 Y16.8914
G01 X36.8991 Y16.8841
G01 X36.8990 Y16.2804
G01 X36.9002 Y16.2706
G01 X36.9033 Y16.2613
G01 X36.9074 Y16.2538
G01 X36.9136 Y16.2462
G01 X36.9212 Y16.2400
G01 X36.9299 Y16.2354
G01 X36.9392 Y16.2326
G01 X36.9490 Y16.2316
G00 Z2.0000
G00 X36.8990 Y18.1516
G01 F60.00
G01 Z-0.0000
G01 F60.00
G01 X36.8991 Y17.5491
G01 X36.9000 Y17.5418
G01 X36.9019 Y17.5348
G01 X36.9049 Y17.5280
G01 X36.9088 Y17.5218
G01 X36.9136 Y17.5162
G01 X36.9192 Y17.5114
G01 X36.9265 Y17.5069
G01 X36.9333 Y17.5041
G01 X36.9417 Y17.5021
G01 X36.9490 Y17.5016
G01 X38.9002 Y17.5016
G01 X38.9100 Y17.5028
G01 X38.9181 Y17.5054
G01 X38.9268 Y17.5100
G01 X38.9344 Y17.5162
G01 X38.9406 Y17.5238
G01 X38.9452 Y17.5325
G01 X38.9480 Y17.5418
G01 X38.9490 Y17.5515
G01 X39.9819 Y17.5515
G01 X39.9867 Y17.5439
G01 X40.0175 Y17.5025
G01 X40.0529 Y17.4634
G01 X40.6515 Y16.8647
G01 X40.6515 Y11.9899
G01 X40.6542 Y11.9360
G01 X40.6617 Y11.8850
G01 X40.6752 Y11.8302
G01 X40.6934 Y11.7793
G01 X40.7177 Y11.7284
G01 X40.7443 Y11.6842
G01 X40.7749 Y11.6428
G01 X40.8119 Y11.6017
G01 X42.9216 Y9.4920
G01 X42.9598 Y9.4575
G01 X43.0032 Y9.4253
G01 X43.0495 Y9.3975
G01 X43.0983 Y9.3744
G01 X43.1492 Y9.3562
G01 X43.2016 Y9.3431
G01 X43.2550 Y9.3352
G01 X43.3077 Y9.3326
G01 X49.8944 Y9.3325
G01 X49.8944 Y6.4066
G01 X49.8849 Y6.4056
G01 X49.8756 Y6.4028
G01 X49.8680 Y6.3988
G01 X49.8602 Y6.3928
G01 X49.8538 Y6.3854
G01 X49.8490 Y6.3769
G01 X49.8459 Y6.3675
G01 X49.8448 Y6.3590
G01 X49.8447 Y5.2566
G01 X49.8451 Y5.2505
G01 X49.8465 Y5.2433
G01 X49.8490 Y5.2363
G01 X49.8531 Y5.2288
G01 X49.8577 Y5.2230
G01 X49.8639 Y5.2172
G01 X49.8701 Y5.2131
G01 X49.8779 Y5.2095
G01 X49.8862 Y5.2073
G01 X49.8935 Y5.2066
G01 X50.9959 Y5.2066
G01 X51.0008 Y5.2070
G01 X51.0068 Y5.2081
G01 X51.0161 Y5.2114
G01 X51.0245 Y5.2164
G01 X51.0317 Y5.2230
G01 X51.0376 Y5.2309
G01 X51.0413 Y5.2386
G01 X51.0440 Y5.2480
G01 X51.0447 Y5.2566
G01 X51.0447 Y6.3578
G01 X51.0437 Y6.3663
G01 X51.0409 Y6.3757
G01 X51.0363 Y6.3844
G01 X51.0301 Y6.3919
G01 X51.0225 Y6.3982
G01 X51.0138 Y6.4028
G01 X51.0045 Y6.4056
G01 X50.9950 Y6.4066
G01 X50.9949 Y9.8840
G01 X50.9923 Y9.9367
G01 X50.9844 Y9.9901
G01 X50.9713 Y10.0425
G01 X50.9526 Y10.0945
G01 X50.9288 Y10.1443
G01 X50.9022 Y10.1885
G01 X50.8716 Y10.2299
G01 X50.8338 Y10.2719
G01 X50.7938 Y10.3081
G01 X50.7483 Y10.3416
G01 X50.7041 Y10.3681
G01 X50.6575 Y10.3902
G01 X50.6044 Y10.4094
G01 X50.5496 Y10.4229
G01 X50.4986 Y10.4304
G01 X50.4447 Y10.4331
G01 X48.6848 Y10.4331
G01 X48.6849 Y22.0423
G01 X48.6819 Y22.0987
G01 X48.6743 Y22.1496
G01 X48.6615 Y22.2009
G01 X48.6430 Y22.2529
G01 X48.6187 Y22.3038
G01 X48.5921 Y22.3480
G01 X48.5615 Y22.3894
G01 X48.5245 Y22.4305
G01 X46.5233 Y24.4318
G01 X46.5232 Y27.7415
G01 X46.5203 Y27.7967
G01 X46.5127 Y27.8476
G01 X46.5002 Y27.8977
G01 X46.4814 Y27.9509
G01 X46.4577 Y28.0008
G01 X46.4305 Y28.0460
G01 X46.3999 Y28.0874
G01 X46.3621 Y28.1294
G01 X43.8143 Y30.6772
G01 X43.7723 Y30.7150
G01 X43.7309 Y30.7456
G01 X43.6846 Y30.7734
G01 X43.6358 Y30.7965
G01 X43.5826 Y30.8153
G01 X43.5325 Y30.8278
G01 X43.4816 Y30.8354
G01 X43.4252 Y30.8384
G01 X42.2839 Y30.8383
G01 X42.2312 Y30.8357
G01 X42.1766 Y30.8275
G01 X42.1242 Y30.8143
G01 X42.0757 Y30.7969
G01 X42.0567 Y30.7881
G01 X41.2851 Y30.7881
G01 X41.2766 Y30.7874
G01 X41.2671 Y30.7847
G01 X41.2605 Y30.7816
G01 X41.2543 Y30.7775
G01 X41.2489 Y30.7726
G01 X41.2442 Y30.7669
G01 X41.2404 Y30.7606
G01 X41.2376 Y30.7538
G01 X41.2358 Y30.7466
G01 X41.2351 Y30.7393
G01 X41.2351 Y29.8381
G01 X41.2361 Y29.8283
G01 X41.2385 Y29.8201
G01 X41.2416 Y29.8135
G01 X41.2457 Y29.8073
G01 X41.2515 Y29.8011
G01 X41.2584 Y29.7959
G01 X41.2648 Y29.7924
G01 X41.2718 Y29.7899
G01 X41.2802 Y29.7883
G01 X42.0567 Y29.7881
G01 X42.0757 Y29.7793
G01 X42.1242 Y29.7619
G01 X42.1766 Y29.7487
G01 X42.2312 Y29.7405
G01 X42.2826 Y29.7379
G01 X43.1973 Y29.7378
G01 X45.4227 Y27.5124
G01 X45.4227 Y24.2039
G01 X45.4254 Y24.1500
G01 X45.4333 Y24.0966
G01 X45.4464 Y24.0442
G01 X45.4642 Y23.9945
G01 X45.4877 Y23.9445
G01 X45.5155 Y23.8982
G01 X45.5477 Y23.8548
G01 X45.5831 Y23.8157
G01 X47.5842 Y21.8145
G01 X47.5842 Y10.4331
G01 X43.5368 Y10.4331
G01 X41.7521 Y12.2178
G01 X41.7521 Y17.0926
G01 X41.7494 Y17.1465
G01 X41.7417 Y17.1987
G01 X41.7276 Y17.2547
G01 X41.7102 Y17.3032
G01 X41.6882 Y17.3498
G01 X41.6593 Y17.3983
G01 X41.6255 Y17.4435
G01 X41.5909 Y17.4817
G01 X40.8319 Y18.2407
G01 X40.7919 Y18.2769
G01 X40.7495 Y18.3084
G01 X40.7022 Y18.3369
G01 X40.6534 Y18.3600
G01 X40.6025 Y18.3782
G01 X40.5501 Y18.3913
G01 X40.4967 Y18.3992
G01 X40.4428 Y18.4019
G01 X40.3889 Y18.3992
G01 X40.3355 Y18.3913
G01 X40.2831 Y18.3782
G01 X40.2322 Y18.3600
G01 X40.1834 Y18.3369
G01 X40.1371 Y18.3091
G01 X40.0937 Y18.2769
G01 X40.0537 Y18.2407
G01 X40.0175 Y18.2007
G01 X39.9867 Y18.1593
G01 X39.9819 Y18.1517
G01 X38.9490 Y18.1517
G01 X38.9480 Y18.1614
G01 X38.9452 Y18.1707
G01 X38.9406 Y18.1794
G01 X38.9344 Y18.1870
G01 X38.9268 Y18.1932
G01 X38.9181 Y18.1978
G01 X38.9088 Y18.2006
G01 X38.9002 Y18.2016
G01 X36.9490 Y18.2016
G01 X36.9392 Y18.2006
G01 X36.9299 Y18.1978
G01 X36.9212 Y18.1932
G01 X36.9136 Y18.1870
G01 X36.9074 Y18.1794
G01 X36.9028 Y18.1707
G01 X36.9000 Y18.1614
G01 X36.8990 Y18.1516
G00 Z2.0000
G00 X36.9490 Y20.0416
G01 F60.00
G01 Z-0.0000
G01 F60.00
G01 X38.8990 Y20.0416
G01 X38.9075 Y20.0423
G01 X38.9147 Y20.0441
G01 X38.9215 Y20.0469
G01 X38.9288 Y20.0514
G01 X38.9344 Y20.0562
G01 X38.9392 Y20.0618
G01 X38.9431 Y20.0680
G01 X38.9461 Y20.0748
G01 X38.9480 Y20.0818
G01 X38.9489 Y20.0891
G01 X38.9490 Y20.6916
G01 X38.9485 Y20.6989
G01 X38.9465 Y20.7073
G01 X38.9437 Y20.7141
G01 X38.9399 Y20.7204
G01 X38.9344 Y20.7270
G01 X38.9288 Y20.7318
G01 X38.9226 Y20.7357
G01 X38.9158 Y20.7387
G01 X38.9075 Y20.7409
G01 X38.9002 Y20.7416
G01 X36.9490 Y20.7416
G01 X36.9405 Y20.7409
G01 X36.9333 Y20.7391
G01 X36.9265 Y20.7363
G01 X36.9192 Y20.7318
G01 X36.9136 Y20.7270
G01 X36.9088 Y20.7214
G01 X36.9049 Y20.7152
G01 X36.9019 Y20.7084
G01 X36.9000 Y20.7014
G01 X36.8991 Y20.6941
G01 X36.8990 Y20.0904
G01 X36.9002 Y20.0806
G01 X36.9033 Y20.0713
G01 X36.9074 Y20.0638
G01 X36.9136 Y20.0562
G01 X36.9212 Y20.0500
G01 X36.9299 Y20.0454
G01 X36.9392 Y20.0426
G01 X36.9490 Y20.0416
G00 Z2.0000
G00 X36.9490 Y21.3116
G01 F60.00
G01 Z-0.0000
G01 F60.00
G01 X38.9002 Y21.3116
G01 X38.9100 Y21.3128
G01 X38.9181 Y21.3154
G01 X38.9268 Y21.3200
G01 X38.9344 Y21.3262
G01 X38.9406 Y21.3338
G01 X38.9452 Y21.3425
G01 X38.9480 Y21.3518
G01 X38.9490 Y21.3615
G01 X39.9699 Y21.3615
G01 X39.9748 Y21.3538
G01 X40.0056 Y21.3124
G01 X40.0436 Y21.2707
G01 X40.0818 Y21.2362
G01 X40.1232 Y21.2054
G01 X40.1737 Y21.1751
G01 X40.2203 Y21.1531
G01 X40.2688 Y21.1357
G01 X40.3236 Y21.1218
G01 X40.3770 Y21.1139
G01 X40.4284 Y21.1113
G01 X40.4861 Y21.1140
G01 X40.5382 Y21.1218
G01 X40.5883 Y21.1343
G01 X40.6415 Y21.1531
G01 X40.6903 Y21.1762
G01 X40.7345 Y21.2027
G01 X40.7800 Y21.2362
G01 X40.8200 Y21.2724
G01 X41.4978 Y21.9502
G01 X42.3004 Y21.9502
G01 X43.7980 Y20.4526
G01 X43.7983 Y17.5395
G01 X43.7987 Y17.5291
G01 X43.7997 Y17.5194
G01 X43.8014 Y17.5095
G01 X43.8038 Y17.4994
G01 X43.8067 Y17.4897
G01 X43.8104 Y17.4797
G01 X43.8147 Y17.4703
G01 X43.8195 Y17.4614
G01 X43.8246 Y17.4531
G01 X43.8300 Y17.4454
G01 X43.8360 Y17.4379
G01 X43.8422 Y17.4310
G01 X43.8489 Y17.4244
G01 X43.8558 Y17.4183
G01 X43.8638 Y17.4122
G01 X43.8720 Y17.4066
G01 X43.8803 Y17.4016
G01 X43.8884 Y17.3975
G01 X43.8966 Y17.3939
G01 X43.9061 Y17.3903
G01 X43.9153 Y17.3875
G01 X43.9243 Y17.3853
G01 X43.9331 Y17.3837
G01 X43.9433 Y17.3825
G01 X43.9570 Y17.3819
G01 X44.7414 Y17.3819
G01 X44.7524 Y17.3824
G01 X44.7635 Y17.3837
G01 X44.7742 Y17.3857
G01 X44.7846 Y17.3884
G01 X44.7952 Y17.3920
G01 X44.8054 Y17.3962
G01 X44.8151 Y17.4010
G01 X44.8246 Y17.4066
G01 X44.8339 Y17.4129
G01 X44.8423 Y17.4196
G01 X44.8503 Y17.4269
G01 X44.8579 Y17.4349
G01 X44.8652 Y17.4436
G01 X44.8716 Y17.4525
G01 X44.8774 Y17.4618
G01 X44.8826 Y17.4717
G01 X44.8893 Y17.4879
G01 X44.8942 Y17.5047
G01 X44.8971 Y17.5215
G01 X44.8980 Y17.5307
G01 X44.8983 Y17.5398
G01 X44.8986 Y20.6805
G01 X44.8959 Y20.7344
G01 X44.8880 Y20.7878
G01 X44.8749 Y20.8402
G01 X44.8571 Y20.8899
G01 X44.8336 Y20.9399
G01 X44.8058 Y20.9862
G01 X44.7736 Y21.0296
G01 X44.7374 Y21.0696
G01 X42.9174 Y22.8896
G01 X42.8774 Y22.9258
G01 X42.8360 Y22.9566
G01 X42.7855 Y22.9869
G01 X42.7366 Y23.0097
G01 X42.6880 Y23.0271
G01 X42.6380 Y23.0396
G01 X42.5822 Y23.0481
G01 X42.5295 Y23.0507
G01 X41.2687 Y23.0507
G01 X41.2160 Y23.0481
G01 X41.1626 Y23.0402
G01 X41.1102 Y23.0271
G01 X41.0616 Y23.0097
G01 X41.0105 Y22.9858
G01 X40.9642 Y22.9580
G01 X40.9208 Y22.9258
G01 X40.8817 Y22.8904
G01 X40.0418 Y22.0506
G01 X40.0056 Y22.0106
G01 X39.9748 Y21.9692
G01 X39.9700 Y21.9617
G01 X38.9490 Y21.9617
G01 X38.9480 Y21.9714
G01 X38.9452 Y21.9807
G01 X38.9406 Y21.9894
G01 X38.9344 Y21.9970
G01 X38.9268 Y22.0032
G01 X38.9181 Y22.0078
G01 X38.9088 Y22.0106
G01 X38.9002 Y22.0116
G01 X36.9490 Y22.0116
G01 X36.9417 Y22.0111
G01 X36.9357 Y22.0098
G01 X36.9287 Y22.0073
G01 X36.9223 Y22.0038
G01 X36.9154 Y21.9986
G01 X36.9103 Y21.9933
G01 X36.9055 Y21.9862
G01 X36.9024 Y21.9796
G01 X36.9002 Y21.9726
G01 X36.8991 Y21.9641
G01 X36.8990 Y21.3604
G01 X36.9002 Y21.3506
G01 X36.9033 Y21.3413
G01 X36.9074 Y21.3338
G01 X36.9136 Y21.3262
G01 X36.9212 Y21.3200
G01 X36.9299 Y21.3154
G01 X36.9392 Y21.3126
G01 X36.9490 Y21.3116
G00 Z2.0000
G00 X38.9490 Y19.4217
G01 F60.00
G01 Z-0.0000
G01 F60.00
G01 X38.9480 Y19.4314
G01 X38.9452 Y19.4407
G01 X38.9406 Y19.4494
G01 X38.9344 Y19.4570
G01 X38.9268 Y19.4632
G01 X38.9181 Y19.4678
G01 X38.9088 Y19.4706
G01 X38.9002 Y19.4716
G01 X36.9490 Y19.4716
G01 X36.9417 Y19.4711
G01 X36.9345 Y19.4694
G01 X36.9265 Y19.4663
G01 X36.9202 Y19.4625
G01 X36.9145 Y19.4578
G01 X36.9096 Y19.4524
G01 X36.9055 Y19.4462
G01 X36.9024 Y19.4396
G01 X36.9002 Y19.4326
G01 X36.8991 Y19.4241
G01 X36.8990 Y18.8216
G01 X36.8995 Y18.8143
G01 X36.9012 Y18.8071
G01 X36.9043 Y18.7991
G01 X36.9081 Y18.7928
G01 X36.9136 Y18.7862
G01 X36.9192 Y18.7814
G01 X36.9254 Y18.7775
G01 X36.9322 Y18.7745
G01 X36.9405 Y18.7723
G01 X36.9478 Y18.7716
G01 X38.8990 Y18.7716
G01 X38.9088 Y18.7726
G01 X38.9181 Y18.7754
G01 X38.9268 Y18.7800
G01 X38.9344 Y18.7862
G01 X38.9406 Y18.7938
G01 X38.9452 Y18.8025
G01 X38.9480 Y18.8118
G01 X38.9490 Y18.8215
G01 X39.9175 Y18.8215
G01 X39.9223 Y18.8139
G01 X39.9531 Y18.7725
G01 X39.9911 Y18.7308
G01 X40.0293 Y18.6963
G01 X40.0707 Y18.6655
G01 X40.1212 Y18.6352
G01 X40.1678 Y18.6132
G01 X40.2163 Y18.5958
G01 X40.2711 Y18.5819
G01 X40.3269 Y18.5738
G01 X40.3784 Y18.5713
G01 X40.4311 Y18.5739
G01 X40.4881 Y18.5825
G01 X40.5381 Y18.5950
G01 X40.5890 Y18.6132
G01 X40.6399 Y18.6375
G01 X40.6841 Y18.6641
G01 X40.7255 Y18.6947
G01 X40.7675 Y18.7325
G01 X41.1506 Y19.1156
G01 X42.1767 Y18.0895
G01 X42.1768 Y16.2911
G01 X42.1794 Y16.2384
G01 X42.1873 Y16.1850
G01 X42.2004 Y16.1326
G01 X42.2178 Y16.0840
G01 X42.2417 Y16.0329
G01 X42.2695 Y15.9866
G01 X42.3017 Y15.9432
G01 X42.3371 Y15.9041
G01 X43.7980 Y14.4432
G01 X43.7984 Y13.7016
G01 X43.7991 Y13.6909
G01 X43.8007 Y13.6795
G01 X43.8030 Y13.6685
G01 X43.8059 Y13.6582
G01 X43.8095 Y13.6482
G01 X43.8140 Y13.6379
G01 X43.8192 Y13.6280
G01 X43.8250 Y13.6187
G01 X43.8303 Y13.6112
G01 X43.8363 Y13.6038
G01 X43.8426 Y13.5968
G01 X43.8496 Y13.5900
G01 X43.8568 Y13.5837
G01 X43.8642 Y13.5781
G01 X43.8722 Y13.5726
G01 X43.8806 Y13.5677
G01 X43.8890 Y13.5634
G01 X43.8978 Y13.5596
G01 X43.9065 Y13.5564
G01 X43.9158 Y13.5536
G01 X43.9252 Y13.5513
G01 X43.9348 Y13.5497
G01 X43.9442 Y13.5486
G01 X43.9538 Y13.5481
G01 X44.7476 Y13.5483
G01 X44.7618 Y13.5497
G01 X44.7761 Y13.5524
G01 X44.7905 Y13.5565
G01 X44.8042 Y13.5618
G01 X44.8172 Y13.5684
G01 X44.8300 Y13.5764
G01 X44.8413 Y13.5849
G01 X44.8524 Y13.5952
G01 X44.8627 Y13.6066
G01 X44.8716 Y13.6187
G01 X44.8795 Y13.6319
G01 X44.8859 Y13.6453
G01 X44.8911 Y13.6595
G01 X44.8949 Y13.6741
G01 X44.8973 Y13.6890
G01 X44.8983 Y13.7040
G01 X44.8986 Y14.3231
G01 X44.8983 Y14.9415
G01 X44.8979 Y14.9512
G01 X44.8969 Y14.9606
G01 X44.8952 Y14.9705
G01 X44.8931 Y14.9797
G01 X44.8903 Y14.9890
G01 X44.8871 Y14.9980
G01 X44.8832 Y15.0070
G01 X44.8792 Y15.0149
G01 X44.8723 Y15.0265
G01 X44.8652 Y15.0364
G01 X44.8567 Y15.0465
G01 X44.8482 Y15.0551
G01 X44.8385 Y15.0635
G01 X44.8280 Y15.0712
G01 X44.8172 Y15.0778
G01 X44.8060 Y15.0836
G01 X44.7952 Y15.0880
G01 X44.7840 Y15.0918
G01 X44.7726 Y15.0946
G01 X44.7611 Y15.0966
G01 X44.7521 Y15.0976
G01 X44.7428 Y15.0981
G01 X44.6995 Y15.0981
G01 X43.2773 Y16.5203
G01 X43.2772 Y18.3186
G01 X43.2746 Y18.3713
G01 X43.2661 Y18.4271
G01 X43.2536 Y18.4771
G01 X43.2362 Y18.5257
G01 X43.2128 Y18.5757
G01 X43.1831 Y18.6251
G01 X43.1523 Y18.6665
G01 X43.1161 Y18.7065
G01 X41.5879 Y20.2347
G01 X41.5459 Y20.2725
G01 X41.5045 Y20.3031
G01 X41.4582 Y20.3309
G01 X41.4071 Y20.3548
G01 X41.3585 Y20.3722
G01 X41.3073 Y20.3850
G01 X41.2503 Y20.3934
G01 X41.2000 Y20.3958
G01 X41.1012 Y20.3958
G01 X41.0485 Y20.3932
G01 X40.9975 Y20.3857
G01 X40.9427 Y20.3722
G01 X40.8918 Y20.3540
G01 X40.8409 Y20.3297
G01 X40.7967 Y20.3031
G01 X40.7553 Y20.2725
G01 X40.7151 Y20.2364
G01 X39.9893 Y19.5107
G01 X39.9531 Y19.4707
G01 X39.9223 Y19.4293
G01 X39.9175 Y19.4217
G01 X38.9490 Y19.4217
G00 Z2.0000
G00 X39.3990 Y19.8220
G01 F60.00
G01 Z-0.0000
G01 F60.00
G01 X39.7142 Y19.8220
G01 X39.7216 Y19.8227
G01 X39.7299 Y19.8249
G01 X39.7366 Y19.8279
G01 X39.7428 Y19.8319
G01 X39.7484 Y19.8367
G01 X40.5243 Y20.6146
G01 X40.5296 Y20.6213
G01 X40.5337 Y20.6288
G01 X40.5365 Y20.6369
G01 X40.5379 Y20.6454
G01 X40.5378 Y20.6540
G01 X40.5362 Y20.6624
G01 X40.5326 Y20.6716
G01 X40.5281 Y20.6789
G01 X40.5224 Y20.6853
G01 X40.5147 Y20.6913
G01 X40.5059 Y20.6957
G01 X40.4977 Y20.6981
G01 X40.2598 Y20.7271
G01 X40.2517 Y20.7287
G01 X40.1087 Y20.7663
G01 X39.9778 Y20.8251
G01 X39.8575 Y20.9019
G01 X39.8028 Y20.9514
G01 X39.7988 Y20.9542
G01 X39.7934 Y20.9572
G01 X39.7889 Y20.9591
G01 X39.7830 Y20.9608
G01 X39.7769 Y20.9618
G01 X39.7720 Y20.9620
G01 X39.3978 Y20.9620
G01 X39.3905 Y20.9613
G01 X39.3822 Y20.9591
G01 X39.3754 Y20.9561
G01 X39.3692 Y20.9522
G01 X39.3654 Y20.9490
G01 X39.3611 Y20.9447
G01 X39.3574 Y20.9398
G01 X39.3543 Y20.9345
G01 X39.3524 Y20.9300
G01 X39.3505 Y20.9241
G01 X39.3494 Y20.9181
G01 X39.3490 Y20.9132
G01 X39.3490 Y19.8708
G01 X39.3502 Y19.8610
G01 X39.3533 Y19.8517
G01 X39.3574 Y19.8442
G01 X39.3636 Y19.8366
G01 X39.3712 Y19.8304
G01 X39.3799 Y19.8258
G01 X39.3892 Y19.8230
G01 X39.3990 Y19.8220
G00 Z2.0000
G00 X41.0397 Y20.8081
G01 F60.00
G01 Z-0.0000
G01 F60.00
G01 X41.2219 Y20.7960
G01 X41.3537 Y20.7845
G01 X41.3695 Y20.7807
G01 X41.3830 Y20.7795
G01 X41.4069 Y20.7725
G01 X41.4963 Y20.7506
G01 X41.5100 Y20.7443
G01 X41.5273 Y20.7387
G01 X41.5636 Y20.7219
G01 X41.6368 Y20.6911
G01 X41.6494 Y20.6839
G01 X41.6639 Y20.6767
G01 X41.7103 Y20.6457
G01 X41.7637 Y20.6120
G01 X41.7733 Y20.6035
G01 X41.7823 Y20.5973
G01 X41.8607 Y20.5275
G01 X41.8688 Y20.5196
G01 X41.8932 Y20.4980
G01 X41.9106 Y20.4776
G01 X43.3135 Y19.0748
G01 X43.3172 Y19.0716
G01 X43.3223 Y19.0681
G01 X43.3277 Y19.0653
G01 X43.3323 Y19.0635
G01 X43.3382 Y19.0620
G01 X43.3431 Y19.0612
G01 X43.3529 Y19.0612
G01 X43.3625 Y19.0632
G01 X43.3671 Y19.0648
G01 X43.3726 Y19.0675
G01 X43.3768 Y19.0701
G01 X43.3816 Y19.0740
G01 X43.3882 Y19.0812
G01 X43.3927 Y19.0885
G01 X43.3955 Y19.0953
G01 X43.3975 Y19.1037
G01 X43.3980 Y19.1110
G01 X43.3980 Y20.2660
G01 X43.3976 Y20.2721
G01 X43.3965 Y20.2782
G01 X43.3946 Y20.2840
G01 X43.3927 Y20.2885
G01 X43.3889 Y20.2948
G01 X43.3833 Y20.3014
G01 X42.1473 Y21.5364
G01 X42.1418 Y21.5412
G01 X42.1356 Y21.5451
G01 X42.1277 Y21.5485
G01 X42.1205 Y21.5503
G01 X42.1120 Y21.5510
G01 X41.6838 Y21.5510
G01 X41.6777 Y21.5505
G01 X41.6705 Y21.5488
G01 X41.6636 Y21.5462
G01 X41.6572 Y21.5426
G01 X41.6496 Y21.5364
G01 X41.3686 Y21.2553
G01 X41.0043 Y20.8897
G01 X41.0007 Y20.8847
G01 X40.9973 Y20.8782
G01 X40.9951 Y20.8724
G01 X40.9935 Y20.8652
G01 X40.9930 Y20.8579
G01 X40.9936 Y20.8505
G01 X40.9949 Y20.8445
G01 X40.9974 Y20.8376
G01 X41.0002 Y20.8321
G01 X41.0045 Y20.8261
G01 X41.0087 Y20.8216
G01 X41.0144 Y20.8170
G01 X41.0208 Y20.8132
G01 X41.0264 Y20.8108
G01 X41.0336 Y20.8089
G01 X41.0397 Y20.8081
G00 Z2.0000
G00 X34.3990 Y18.3650
G01 F60.00
G01 Z-0.0000
G01 F60.00
G01 X34.3990 Y17.2970
G01 X34.3997 Y17.2885
G01 X34.4019 Y17.2802
G01 X34.4049 Y17.2734
G01 X34.4096 Y17.2662
G01 X34.4163 Y17.2591
G01 X34.4244 Y17.2535
G01 X34.4333 Y17.2495
G01 X34.4429 Y17.2474
G01 X34.4490 Y17.2470
G01 X34.5987 Y17.2470
G01 X34.6579 Y17.2368
G01 X34.6734 Y17.2337
G01 X34.7476 Y17.2226
G01 X34.8135 Y17.1924
G01 X34.8970 Y17.1548
G01 X35.0182 Y17.0607
G01 X35.0516 Y17.0216
G01 X36.4145 Y15.6588
G01 X36.4212 Y15.6534
G01 X36.4287 Y15.6493
G01 X36.4380 Y15.6462
G01 X36.4465 Y15.6451
G01 X36.4551 Y15.6454
G01 X36.4635 Y15.6472
G01 X36.4726 Y15.6509
G01 X36.4798 Y15.6556
G01 X36.4844 Y15.6596
G01 X36.4877 Y15.6633
G01 X36.4906 Y15.6672
G01 X36.4937 Y15.6725
G01 X36.4961 Y15.6782
G01 X36.4978 Y15.6840
G01 X36.4986 Y15.6889
G01 X36.4990 Y15.6950
G01 X36.4990 Y20.0900
G01 X36.4983 Y20.0985
G01 X36.4961 Y20.1068
G01 X36.4919 Y20.1157
G01 X36.4869 Y20.1227
G01 X36.4826 Y20.1270
G01 X36.4788 Y20.1302
G01 X36.4704 Y20.1352
G01 X36.4611 Y20.1385
G01 X36.4515 Y20.1399
G01 X36.4465 Y20.1399
G01 X36.4405 Y20.1393
G01 X36.4310 Y20.1366
G01 X36.4223 Y20.1322
G01 X36.4145 Y20.1262
G01 X34.8892 Y18.6009
G01 X34.8761 Y18.5908
G01 X34.8485 Y18.5641
G01 X34.7956 Y18.5328
G01 X34.7587 Y18.5061
G01 X34.7363 Y18.4970
G01 X34.7165 Y18.4854
G01 X34.6779 Y18.4716
G01 X34.6130 Y18.4444
G01 X34.5862 Y18.4398
G01 X34.5742 Y18.4361
G01 X34.5308 Y18.4311
G01 X34.4398 Y18.4141
G01 X34.4338 Y18.4126
G01 X34.4292 Y18.4109
G01 X34.4226 Y18.4075
G01 X34.4166 Y18.4031
G01 X34.4113 Y18.3979
G01 X34.4076 Y18.3930
G01 X34.4039 Y18.3865
G01 X34.4012 Y18.3796
G01 X34.3996 Y18.3724
G01 X34.3990 Y18.3650
G00 Z2.0000
G00 X33.9990 Y19.4217
G01 F60.00
G01 Z-0.0000
G01 F60.00
G01 X33.9980 Y19.4314
G01 X33.9952 Y19.4407
G01 X33.9906 Y19.4494
G01 X33.9844 Y19.4570
G01 X33.9768 Y19.4632
G01 X33.9681 Y19.4678
G01 X33.9588 Y19.4706
G01 X33.9502 Y19.4716
G01 X31.9990 Y19.4716
G01 X31.9917 Y19.4711
G01 X31.9845 Y19.4694
G01 X31.9776 Y19.4668
G01 X31.9712 Y19.4632
G01 X31.9645 Y19.4578
G01 X31.9596 Y19.4524
G01 X31.9555 Y19.4462
G01 X31.9524 Y19.4396
G01 X31.9502 Y19.4326
G01 X31.9491 Y19.4241
G01 X31.9490 Y18.8216
G01 X31.9495 Y18.8143
G01 X31.9512 Y18.8071
G01 X31.9543 Y18.7991
G01 X31.9581 Y18.7928
G01 X31.9628 Y18.7871
G01 X31.9692 Y18.7814
G01 X31.9765 Y18.7769
G01 X31.9833 Y18.7741
G01 X31.9905 Y18.7723
G01 X31.9978 Y18.7716
G01 X33.9502 Y18.7716
G01 X33.9600 Y18.7728
G01 X33.9681 Y18.7754
G01 X33.9768 Y18.7800
G01 X33.9844 Y18.7862
G01 X33.9906 Y18.7938
G01 X33.9952 Y18.8025
G01 X33.9980 Y18.8118
G01 X33.9990 Y18.8215
G01 X34.4220 Y18.8215
G01 X34.4489 Y18.8229
G01 X34.4781 Y18.8272
G01 X34.5066 Y18.8344
G01 X34.5332 Y18.8439
G01 X34.5610 Y18.8569
G01 X34.5862 Y18.8721
G01 X34.6099 Y18.8896
G01 X34.6317 Y18.9094
G01 X36.1291 Y20.4068
G01 X36.1497 Y20.4296
G01 X36.1665 Y20.4523
G01 X36.1804 Y20.4754
G01 X36.1951 Y20.5064
G01 X36.2041 Y20.5319
G01 X36.2113 Y20.5604
G01 X36.2156 Y20.5896
G01 X36.2170 Y20.6178
G01 X36.2170 Y24.9070
G01 X37.0941 Y24.9070
G01 X37.1210 Y24.9084
G01 X37.1477 Y24.9123
G01 X37.1787 Y24.9199
G01 X37.2064 Y24.9298
G01 X37.2309 Y24.9413
G01 X37.2583 Y24.9576
G01 X37.2825 Y24.9755
G01 X37.2931 Y24.9826
G01 X37.3079 Y24.9936
G01 X37.3211 Y25.0046
G01 X37.3329 Y25.0153
G01 X37.3442 Y25.0266
G01 X37.3566 Y25.0402
G01 X37.3683 Y25.0544
G01 X37.3778 Y25.0673
G01 X37.3866 Y25.0805
G01 X37.3961 Y25.0962
G01 X37.4048 Y25.1125
G01 X37.4116 Y25.1270
G01 X37.4177 Y25.1417
G01 X37.4239 Y25.1590
G01 X37.4292 Y25.1766
G01 X37.4331 Y25.1921
G01 X37.4362 Y25.2078
G01 X37.4390 Y25.2260
G01 X37.4407 Y25.2431
G01 X37.4414 Y25.2590
G01 X37.4415 Y25.2774
G01 X37.4405 Y25.2958
G01 X37.4390 Y25.3116
G01 X37.4366 Y25.3274
G01 X37.4331 Y25.3455
G01 X37.4286 Y25.3633
G01 X37.4239 Y25.3786
G01 X37.4186 Y25.3936
G01 X37.4116 Y25.4106
G01 X37.4042 Y25.4262
G01 X37.3967 Y25.4402
G01 X37.3873 Y25.4560
G01 X37.3770 Y25.4713
G01 X37.3675 Y25.4841
G01 X37.3574 Y25.4965
G01 X37.3451 Y25.5101
G01 X37.3320 Y25.5231
G01 X37.3202 Y25.5338
G01 X37.3079 Y25.5440
G01 X37.2931 Y25.5550
G01 X37.2778 Y25.5651
G01 X37.2642 Y25.5733
G01 X37.2501 Y25.5809
G01 X37.2323 Y25.5893
G01 X37.2176 Y25.5953
G01 X37.2014 Y25.6011
G01 X37.1850 Y25.6061
G01 X37.1695 Y25.6100
G01 X37.1502 Y25.6138
G01 X37.1344 Y25.6162
G01 X37.1173 Y25.6179
G01 X37.1002 Y25.6187
G01 X37.0842 Y25.6187
G01 X37.0646 Y25.6177
G01 X37.0488 Y25.6162
G01 X37.0318 Y25.6136
G01 X37.0149 Y25.6103
G01 X36.9994 Y25.6064
G01 X36.9807 Y25.6007
G01 X36.9656 Y25.5953
G01 X36.9498 Y25.5888
G01 X36.9342 Y25.5814
G01 X36.9202 Y25.5739
G01 X36.9033 Y25.5638
G01 X36.8901 Y25.5550
G01 X36.8763 Y25.5447
G01 X36.8630 Y25.5338
G01 X36.8512 Y25.5231
G01 X36.8355 Y25.5072
G01 X35.9169 Y25.5072
G01 X35.8850 Y25.5055
G01 X35.8560 Y25.5009
G01 X35.8298 Y25.4943
G01 X35.8043 Y25.4853
G01 X35.7754 Y25.4718
G01 X35.7502 Y25.4566
G01 X35.7246 Y25.4375
G01 X35.7047 Y25.4193
G01 X35.6865 Y25.3994
G01 X35.6673 Y25.3738
G01 X35.6522 Y25.3486
G01 X35.6387 Y25.3197
G01 X35.6297 Y25.2942
G01 X35.6231 Y25.2680
G01 X35.6182 Y25.2365
G01 X35.6168 Y25.2071
G01 X35.6168 Y20.7433
G01 X34.2952 Y19.4217
G01 X33.9990 Y19.4217
G00 Z2.0000
G00 X31.9990 Y20.0416
G01 F60.00
G01 Z-0.0000
G01 F60.00
G01 X33.9502 Y20.0416
G01 X33.9600 Y20.0428
G01 X33.9681 Y20.0454
G01 X33.9768 Y20.0500
G01 X33.9844 Y20.0562
G01 X33.9906 Y20.0638
G01 X33.9952 Y20.0725
G01 X33.9980 Y20.0818
G01 X33.9990 Y20.0915
G01 X34.1411 Y20.0915
G01 X34.1681 Y20.0927
G01 X34.1997 Y20.0972
G01 X34.2282 Y20.1044
G01 X34.2559 Y20.1143
G01 X34.2847 Y20.1281
G01 X34.3078 Y20.1421
G01 X34.3296 Y20.1581
G01 X34.3525 Y20.1785
G01 X35.1255 Y20.9516
G01 X35.1468 Y20.9753
G01 X35.1629 Y20.9971
G01 X35.1774 Y21.0212
G01 X35.1906 Y21.0489
G01 X35.2012 Y21.0790
G01 X35.2077 Y21.1052
G01 X35.2117 Y21.1319
G01 X35.2134 Y21.1638
G01 X35.2134 Y25.2083
G01 X35.2120 Y25.2365
G01 X35.2081 Y25.2632
G01 X35.2005 Y25.2942
G01 X35.1896 Y25.3241
G01 X35.1780 Y25.3486
G01 X35.1642 Y25.3718
G01 X35.1453 Y25.3975
G01 X35.1237 Y25.4210
G01 X35.1037 Y25.4391
G01 X35.0820 Y25.4552
G01 X35.0559 Y25.4712
G01 X35.0282 Y25.4844
G01 X35.0004 Y25.4943
G01 X34.9719 Y25.5015
G01 X34.9452 Y25.5055
G01 X34.9134 Y25.5072
G01 X34.7894 Y25.5074
G01 X34.7788 Y25.5161
G01 X34.7660 Y25.5256
G01 X34.7507 Y25.5359
G01 X34.7350 Y25.5453
G01 X34.7209 Y25.5528
G01 X34.7065 Y25.5597
G01 X34.6895 Y25.5667
G01 X34.6721 Y25.5729
G01 X34.6557 Y25.5778
G01 X34.6402 Y25.5817
G01 X34.6245 Y25.5848
G01 X34.6063 Y25.5876
G01 X34.5892 Y25.5893
G01 X34.5721 Y25.5901
G01 X34.5549 Y25.5901
G01 X34.5378 Y25.5893
G01 X34.5207 Y25.5876
G01 X34.5037 Y25.5850
G01 X34.4868 Y25.5817
G01 X34.4690 Y25.5772
G01 X34.4537 Y25.5725
G01 X34.4375 Y25.5667
G01 X34.4217 Y25.5602
G01 X34.4072 Y25.5534
G01 X34.3899 Y25.5441
G01 X34.3763 Y25.5359
G01 X34.3620 Y25.5264
G01 X34.3482 Y25.5161
G01 X34.3358 Y25.5060
G01 X34.3213 Y25.4928
G01 X34.3100 Y25.4815
G01 X34.2993 Y25.4697
G01 X34.2868 Y25.4546
G01 X34.2773 Y25.4417
G01 X34.2678 Y25.4274
G01 X34.2584 Y25.4116
G01 X34.2509 Y25.3976
G01 X34.2435 Y25.3820
G01 X34.2365 Y25.3650
G01 X34.2312 Y25.3500
G01 X34.2262 Y25.3336
G01 X34.2220 Y25.3169
G01 X34.2189 Y25.3012
G01 X34.2160 Y25.2818
G01 X34.2144 Y25.2659
G01 X34.2137 Y25.2500
G01 X34.2136 Y25.2328
G01 X34.2144 Y25.2145
G01 X34.2161 Y25.1974
G01 X34.2187 Y25.1804
G01 X34.2223 Y25.1623
G01 X34.2265 Y25.1457
G01 X34.2312 Y25.1304
G01 X34.2365 Y25.1154
G01 X34.2435 Y25.0984
G01 X34.2509 Y25.0828
G01 X34.2590 Y25.0677
G01 X34.2685 Y25.0519
G01 X34.2773 Y25.0387
G01 X34.2868 Y25.0258
G01 X34.2977 Y25.0125
G01 X34.3100 Y24.9989
G01 X34.3213 Y24.9876
G01 X34.3349 Y24.9752
G01 X34.3482 Y24.9643
G01 X34.3620 Y24.9540
G01 X34.3773 Y24.9439
G01 X34.3921 Y24.9351
G01 X34.4061 Y24.9276
G01 X34.4205 Y24.9207
G01 X34.4375 Y24.9137
G01 X34.4537 Y24.9079
G01 X34.4701 Y24.9029
G01 X34.4880 Y24.8984
G01 X34.5037 Y24.8954
G01 X34.5194 Y24.8930
G01 X34.5365 Y24.8913
G01 X34.5549 Y24.8903
G01 X34.5721 Y24.8903
G01 X34.5892 Y24.8911
G01 X34.6132 Y24.8938
G01 X34.6132 Y21.2881
G01 X34.0168 Y20.6917
G01 X33.9990 Y20.6917
G01 X33.9980 Y20.7014
G01 X33.9952 Y20.7107
G01 X33.9906 Y20.7194
G01 X33.9844 Y20.7270
G01 X33.9768 Y20.7332
G01 X33.9681 Y20.7378
G01 X33.9588 Y20.7406
G01 X33.9502 Y20.7416
G01 X31.9990 Y20.7416
G01 X31.9941 Y20.7414
G01 X31.9880 Y20.7404
G01 X31.9833 Y20.7391
G01 X31.9776 Y20.7368
G01 X31.9723 Y20.7338
G01 X31.9663 Y20.7295
G01 X31.9620 Y20.7252
G01 X31.9574 Y20.7194
G01 X31.9543 Y20.7141
G01 X31.9515 Y20.7073
G01 X31.9500 Y20.7014
G01 X31.9491 Y20.6941
G01 X31.9490 Y20.0904
G01 X31.9502 Y20.0806
G01 X31.9533 Y20.0713
G01 X31.9581 Y20.0628
G01 X31.9645 Y20.0554
G01 X31.9723 Y20.0494
G01 X31.9810 Y20.0450
G01 X31.9905 Y20.0423
G01 X31.9990 Y20.0416
G00 Z2.0000
G00 X31.9990 Y16.2316
G01 F60.00
G01 Z-0.0000
G01 F60.00
G01 X33.9502 Y16.2316
G01 X33.9575 Y16.2323
G01 X33.9635 Y16.2338
G01 X33.9693 Y16.2359
G01 X33.9747 Y16.2387
G01 X33.9798 Y16.2422
G01 X33.9844 Y16.2462
G01 X33.9892 Y16.2518
G01 X33.9925 Y16.2570
G01 X33.9947 Y16.2613
G01 X33.9968 Y16.2671
G01 X33.9988 Y16.2767
G01 X33.9990 Y16.3165
G01 X34.4419 Y16.3165
G01 X35.6955 Y15.0629
G01 X35.6955 Y14.1860
G01 X35.6969 Y14.1588
G01 X35.7004 Y14.1355
G01 X35.7035 Y14.1224
G01 X35.7035 Y6.0638
G01 X35.7051 Y6.0354
G01 X35.7086 Y6.0121
G01 X35.7146 Y5.9880
G01 X35.7242 Y5.9612
G01 X35.7342 Y5.9399
G01 X35.7411 Y5.9282
G01 X35.7412 Y5.3238
G01 X35.7423 Y5.3153
G01 X35.7454 Y5.3060
G01 X35.7495 Y5.2985
G01 X35.7557 Y5.2909
G01 X35.7623 Y5.2854
G01 X35.7697 Y5.2811
G01 X35.7790 Y5.2778
G01 X35.7874 Y5.2764
G01 X36.2411 Y5.2763
G01 X36.2496 Y5.2770
G01 X36.2591 Y5.2797
G01 X36.2657 Y5.2828
G01 X36.2719 Y5.2869
G01 X36.2773 Y5.2918
G01 X36.2820 Y5.2975
G01 X36.2858 Y5.3038
G01 X36.2886 Y5.3106
G01 X36.2904 Y5.3178
G01 X36.2911 Y5.3251
G01 X36.2911 Y6.7063
G01 X36.2909 Y6.7112
G01 X36.2899 Y6.7173
G01 X36.2868 Y6.7266
G01 X36.2840 Y6.7320
G01 X36.2813 Y6.7361
G01 X36.2773 Y6.7408
G01 X36.2738 Y6.7442
G01 X36.2689 Y6.7479
G01 X36.2647 Y6.7504
G01 X36.2556 Y6.7541
G01 X36.2460 Y6.7561
G01 X36.2337 Y6.7563
G01 X36.2337 Y14.1780
G01 X36.2323 Y14.2052
G01 X36.2288 Y14.2285
G01 X36.2257 Y14.2416
G01 X36.2257 Y15.1740
G01 X36.2244 Y15.1988
G01 X36.2206 Y15.2245
G01 X36.2143 Y15.2498
G01 X36.2060 Y15.2731
G01 X36.1944 Y15.2978
G01 X36.1810 Y15.3201
G01 X36.1655 Y15.3410
G01 X36.1481 Y15.3603
G01 X34.7393 Y16.7691
G01 X34.7180 Y16.7880
G01 X34.6991 Y16.8020
G01 X34.6768 Y16.8154
G01 X34.6510 Y16.8274
G01 X34.6288 Y16.8353
G01 X34.6047 Y16.8414
G01 X34.5778 Y16.8454
G01 X34.5518 Y16.8467
G01 X33.9990 Y16.8467
G01 X33.9988 Y16.8865
G01 X33.9978 Y16.8926
G01 X33.9965 Y16.8973
G01 X33.9925 Y16.9062
G01 X33.9892 Y16.9114
G01 X33.9844 Y16.9170
G01 X33.9798 Y16.9210
G01 X33.9747 Y16.9245
G01 X33.9693 Y16.9273
G01 X33.9635 Y16.9294
G01 X33.9575 Y16.9309
G01 X33.9502 Y16.9316
G01 X31.9990 Y16.9316
G01 X31.9941 Y16.9314
G01 X31.9880 Y16.9304
G01 X31.9810 Y16.9282
G01 X31.9733 Y16.9245
G01 X31.9663 Y16.9195
G01 X31.9603 Y16.9133
G01 X31.9561 Y16.9073
G01 X31.9524 Y16.8996
G01 X31.9502 Y16.8926
G01 X31.9491 Y16.8841
G01 X31.9490 Y16.2804
G01 X31.9502 Y16.2706
G01 X31.9533 Y16.2613
G01 X31.9581 Y16.2528
G01 X31.9645 Y16.2454
G01 X31.9723 Y16.2394
G01 X31.9810 Y16.2350
G01 X31.9905 Y16.2323
G01 X31.9990 Y16.2316
G00 Z2.0000
G00 X31.9990 Y14.9616
G01 F60.00
G01 Z-0.0000
G01 F60.00
G01 X33.9502 Y14.9616
G01 X33.9563 Y14.9621
G01 X33.9635 Y14.9638
G01 X33.9704 Y14.9664
G01 X33.9768 Y14.9700
G01 X33.9826 Y14.9746
G01 X33.9877 Y14.9799
G01 X33.9919 Y14.9859
G01 X33.9949 Y14.9918
G01 X35.1485 Y13.8382
G01 X35.1485 Y6.7563
G01 X35.1362 Y6.7561
G01 X35.1266 Y6.7541
G01 X35.1175 Y6.7504
G01 X35.1094 Y6.7450
G01 X35.1024 Y6.7380
G01 X35.0995 Y6.7341
G01 X35.0964 Y6.7288
G01 X35.0929 Y6.7196
G01 X35.0916 Y6.7136
G01 X35.0912 Y6.7088
G01 X35.0912 Y5.3238
G01 X35.0923 Y5.3153
G01 X35.0954 Y5.3060
G01 X35.0995 Y5.2985
G01 X35.1057 Y5.2909
G01 X35.1123 Y5.2854
G01 X35.1197 Y5.2811
G01 X35.1290 Y5.2778
G01 X35.1374 Y5.2764
G01 X35.5911 Y5.2763
G01 X35.5996 Y5.2770
G01 X35.6091 Y5.2797
G01 X35.6147 Y5.2822
G01 X35.6209 Y5.2861
G01 X35.6265 Y5.2909
G01 X35.6305 Y5.2955
G01 X35.6346 Y5.3017
G01 X35.6377 Y5.3083
G01 X35.6396 Y5.3142
G01 X35.6409 Y5.3214
G01 X35.6411 Y5.9279
G01 X35.6479 Y5.9396
G01 X35.6580 Y5.9609
G01 X35.6677 Y5.9877
G01 X35.6737 Y6.0117
G01 X35.6772 Y6.0350
G01 X35.6788 Y6.0634
G01 X35.6787 Y13.9480
G01 X35.6774 Y13.9740
G01 X35.6736 Y13.9997
G01 X35.6673 Y14.0250
G01 X35.6590 Y14.0483
G01 X35.6474 Y14.0730
G01 X35.6340 Y14.0953
G01 X35.6185 Y14.1162
G01 X35.6011 Y14.1355
G01 X34.2366 Y15.4999
G01 X34.2162 Y15.5180
G01 X34.1973 Y15.5320
G01 X34.1771 Y15.5442
G01 X34.1515 Y15.5565
G01 X34.1281 Y15.5649
G01 X34.1017 Y15.5716
G01 X34.0760 Y15.5754
G01 X34.0512 Y15.5767
G01 X33.9990 Y15.5767
G01 X33.9989 Y15.6153
G01 X33.9975 Y15.6237
G01 X33.9947 Y15.6319
G01 X33.9925 Y15.6362
G01 X33.9892 Y15.6414
G01 X33.9852 Y15.6461
G01 X33.9807 Y15.6503
G01 X33.9757 Y15.6538
G01 X33.9715 Y15.6563
G01 X33.9658 Y15.6587
G01 X33.9611 Y15.6601
G01 X33.9551 Y15.6612
G01 X33.9490 Y15.6616
G01 X31.9990 Y15.6616
G01 X31.9905 Y15.6609
G01 X31.9822 Y15.6587
G01 X31.9754 Y15.6557
G01 X31.9692 Y15.6518
G01 X31.9636 Y15.6470
G01 X31.9588 Y15.6414
G01 X31.9549 Y15.6352
G01 X31.9519 Y15.6284
G01 X31.9500 Y15.6214
G01 X31.9491 Y15.6141
G01 X31.9490 Y15.0104
G01 X31.9502 Y15.0006
G01 X31.9533 Y14.9913
G01 X31.9581 Y14.9828
G01 X31.9645 Y14.9754
G01 X31.9723 Y14.9694
G01 X31.9810 Y14.9650
G01 X31.9892 Y14.9626
G01 X31.9990 Y14.9616
G00 Z2.0000
G00 X22.9140 Y22.8840
G01 F60.00
G01 Z-0.0000
G01 F60.00
G01 X23.6525 Y22.8840
G01 X23.7250 Y22.8763
G01 X23.7871 Y22.8714
G01 X23.7928 Y22.8704
G01 X23.8063 Y22.8689
G01 X23.8685 Y22.8516
G01 X23.9299 Y22.8372
G01 X23.9479 Y22.8297
G01 X23.9602 Y22.8266
G01 X23.9952 Y22.8095
G01 X24.0682 Y22.7784
G01 X24.0864 Y22.7684
G01 X24.0937 Y22.7651
G01 X24.1519 Y22.7260
G01 X24.1921 Y22.7011
G01 X24.2130 Y22.6855
G01 X24.2568 Y22.6466
G01 X24.2900 Y22.6182
G01 X24.3112 Y22.5971
G01 X24.3244 Y22.5864
G01 X24.3367 Y22.5716
G01 X25.9790 Y20.9302
G01 X25.9972 Y20.9085
G01 X26.0276 Y20.8700
G01 X26.0651 Y20.8250
G01 X26.0712 Y20.8150
G01 X26.0808 Y20.8034
G01 X26.1186 Y20.7372
G01 X26.1423 Y20.6983
G01 X26.1488 Y20.6827
G01 X26.1551 Y20.6717
G01 X26.1612 Y20.6564
G01 X26.1738 Y20.6204
G01 X26.1793 Y20.6061
G01 X26.1977 Y20.5615
G01 X26.2037 Y20.5419
G01 X26.2051 Y20.5356
G01 X26.2071 Y20.5301
G01 X26.2191 Y20.4675
G01 X26.2305 Y20.4200
G01 X26.2324 Y20.3975
G01 X26.2344 Y20.3883
G01 X26.2410 Y20.2902
G01 X26.2410 Y20.2735
G01 X26.2428 Y20.2422
G01 X26.2410 Y20.2220
G01 X26.2410 Y17.9910
G01 X26.2415 Y17.9837
G01 X26.2428 Y17.9777
G01 X26.2453 Y17.9707
G01 X26.2481 Y17.9653
G01 X26.2516 Y17.9602
G01 X26.2557 Y17.9556
G01 X27.0725 Y17.1398
G01 X27.0792 Y17.1344
G01 X27.0879 Y17.1298
G01 X27.0973 Y17.1270
G01 X27.1070 Y17.1260
G01 X28.5850 Y17.1260
G01 X28.6035 Y17.1269
G01 X28.6128 Y17.1262
G01 X28.6198 Y17.1252
G01 X28.7487 Y17.1144
G01 X28.7617 Y17.1117
G01 X28.7704 Y17.1107
G01 X28.8066 Y17.1003
G01 X28.8706 Y17.0853
G01 X28.8794 Y17.0841
G01 X29.3123 Y17.0840
G01 X29.3390 Y17.0822
G01 X29.3593 Y17.0803
G01 X29.4385 Y17.0693
G01 X29.5127 Y17.0409
G01 X29.5697 Y17.0151
G01 X29.6401 Y16.9675
G01 X29.6926 Y16.9196
G01 X29.7386 Y16.8691
G01 X29.7861 Y16.7986
G01 X29.8117 Y16.7410
G01 X29.8358 Y16.6772
G01 X29.8504 Y16.6042
G01 X29.8550 Y16.5421
G01 X29.8550 Y15.7269
G01 X29.8504 Y15.6651
G01 X29.8348 Y15.5915
G01 X29.8110 Y15.5238
G01 X29.7777 Y15.4592
G01 X29.7414 Y15.4055
G01 X29.6925 Y15.3466
G01 X29.6302 Y15.2952
G01 X29.6235 Y15.2901
G01 X29.6176 Y15.2838
G01 X29.6124 Y15.2755
G01 X29.6092 Y15.2675
G01 X29.6074 Y15.2591
G01 X29.6070 Y15.2530
G01 X29.6072 Y15.2311
G01 X29.6085 Y15.2239
G01 X29.6108 Y15.2169
G01 X29.6141 Y15.2103
G01 X29.6191 Y15.2033
G01 X29.8165 Y15.0058
G01 X29.8243 Y14.9998
G01 X29.8330 Y14.9954
G01 X29.8425 Y14.9927
G01 X29.8510 Y14.9920
G01 X30.1724 Y14.9920
G01 X30.3323 Y14.9756
G01 X30.4780 Y14.9358
G01 X30.6135 Y14.8742
G01 X30.7320 Y14.7942
G01 X30.7360 Y14.7904
G01 X30.7809 Y14.7513
G01 X30.7895 Y14.7464
G01 X30.7989 Y14.7432
G01 X30.8050 Y14.7422
G01 X30.8100 Y14.7420
G01 X31.5002 Y14.7420
G01 X31.5100 Y14.7432
G01 X31.5193 Y14.7463
G01 X31.5278 Y14.7511
G01 X31.5352 Y14.7575
G01 X31.5412 Y14.7653
G01 X31.5456 Y14.7740
G01 X31.5483 Y14.7835
G01 X31.5490 Y14.7920
G01 X31.5490 Y17.1020
G01 X31.5485 Y17.1093
G01 X31.5465 Y17.1177
G01 X31.5437 Y17.1245
G01 X31.5399 Y17.1308
G01 X31.5369 Y17.1347
G01 X31.5326 Y17.1390
G01 X31.5288 Y17.1422
G01 X31.5236 Y17.1455
G01 X31.5181 Y17.1482
G01 X31.5135 Y17.1498
G01 X31.5088 Y17.1510
G01 X31.5027 Y17.1519
G01 X31.2760 Y17.1520
G01 X31.2699 Y17.1516
G01 X31.2639 Y17.1505
G01 X31.2547 Y17.1472
G01 X31.2503 Y17.1449
G01 X31.2453 Y17.1415
G01 X31.1574 Y17.0693
G01 X31.0347 Y16.9994
G01 X30.8954 Y16.9426
G01 X30.7509 Y16.9106
G01 X30.6035 Y16.9011
G01 X30.4590 Y16.9135
G01 X30.3156 Y16.9477
G01 X30.1806 Y17.0043
G01 X30.0549 Y17.0827
G01 X30.0485 Y17.0874
G01 X29.9559 Y17.1659
G01 X29.9020 Y17.2187
G01 X29.8931 Y17.2268
G01 X29.8892 Y17.2315
G01 X29.8823 Y17.2384
G01 X29.8635 Y17.2619
G01 X29.7981 Y17.3407
G01 X29.7912 Y17.3523
G01 X29.7833 Y17.3618
G01 X29.7648 Y17.3949
G01 X29.7210 Y17.4672
G01 X29.7142 Y17.4845
G01 X29.7083 Y17.4948
G01 X29.6964 Y17.5267
G01 X29.6647 Y17.6059
G01 X29.6628 Y17.6145
G01 X29.6573 Y17.6291
G01 X29.6479 Y17.6793
G01 X29.6325 Y17.7461
G01 X29.6307 Y17.7649
G01 X29.6288 Y17.7763
G01 X29.6268 Y17.8160
G01 X29.6220 Y17.8760
G01 X29.6219 Y17.8853
G01 X29.6201 Y17.9240
G01 X29.6218 Y17.9370
G01 X29.6220 Y17.9420
G01 X29.6220 Y19.5210
G01 X29.6215 Y19.5283
G01 X29.6195 Y19.5367
G01 X29.6166 Y19.5435
G01 X29.6129 Y19.5498
G01 X29.6073 Y19.5564
G01 X29.0973 Y20.0654
G01 X29.0937 Y20.0687
G01 X29.0887 Y20.0723
G01 X29.0834 Y20.0752
G01 X29.0765 Y20.0779
G01 X29.0705 Y20.0793
G01 X29.0632 Y20.0800
G01 X28.7545 Y20.0800
G01 X28.6859 Y20.0868
G01 X28.6238 Y20.0923
G01 X28.6159 Y20.0938
G01 X28.6072 Y20.0940
G01 X28.5980 Y20.0951
G01 X28.5330 Y20.1133
G01 X28.4791 Y20.1265
G01 X28.4635 Y20.1332
G01 X28.4490 Y20.1372
G01 X28.3799 Y20.1689
G01 X28.3414 Y20.1845
G01 X28.3312 Y20.1908
G01 X28.3118 Y20.1996
G01 X28.2419 Y20.2465
G01 X28.2189 Y20.2604
G01 X28.2086 Y20.2693
G01 X28.1936 Y20.2789
G01 X28.1454 Y20.3222
G01 X28.1180 Y20.3457
G01 X28.1126 Y20.3510
G01 X28.0839 Y20.3770
G01 X28.0758 Y20.3875
G01 X28.0723 Y20.3914
G01 X27.7556 Y20.7071
G01 X27.7467 Y20.7187
G01 X27.6732 Y20.8082
G01 X27.6673 Y20.8170
G01 X27.6546 Y20.8322
G01 X27.6303 Y20.8769
G01 X27.5951 Y20.9347
G01 X27.5878 Y20.9503
G01 X27.5820 Y20.9604
G01 X27.5762 Y20.9784
G01 X27.5668 Y21.0036
G01 X27.5475 Y21.0514
G01 X27.5377 Y21.0767
G01 X27.5356 Y21.0862
G01 X27.5301 Y21.1004
G01 X27.5198 Y21.1508
G01 X27.5064 Y21.2114
G01 X27.5045 Y21.2273
G01 X27.5020 Y21.2415
G01 X27.4999 Y21.2807
G01 X27.4950 Y21.3459
G01 X27.4949 Y21.3586
G01 X27.4932 Y21.3932
G01 X27.4948 Y21.4060
G01 X27.4950 Y21.4110
G01 X27.4949 Y21.8125
G01 X27.4945 Y21.8173
G01 X27.4932 Y21.8233
G01 X27.4916 Y21.8280
G01 X27.4891 Y21.8336
G01 X27.4866 Y21.8378
G01 X27.4829 Y21.8427
G01 X27.4786 Y21.8470
G01 X27.4748 Y21.8502
G01 X27.4675 Y21.8547
G01 X27.4607 Y21.8575
G01 X27.4523 Y21.8595
G01 X27.4450 Y21.8600
G01 X26.5356 Y21.8600
G01 X26.4530 Y21.8687
G01 X26.4055 Y21.8724
G01 X26.3979 Y21.8738
G01 X26.3915 Y21.8740
G01 X26.3787 Y21.8753
G01 X26.3392 Y21.8870
G01 X26.3093 Y21.8952
G01 X26.2629 Y21.9057
G01 X26.2446 Y21.9135
G01 X26.2298 Y21.9168
G01 X26.1523 Y21.9527
G01 X26.1424 Y21.9571
G01 X26.1214 Y21.9655
G01 X26.1143 Y21.9698
G01 X26.0928 Y21.9796
G01 X26.0535 Y22.0067
G01 X26.0095 Y22.0357
G01 X26.0001 Y22.0416
G01 X25.9934 Y22.0468
G01 X25.9750 Y22.0582
G01 X25.8651 Y22.1559
G01 X25.8535 Y22.1717
G01 X25.8493 Y22.1764
G01 X25.2523 Y22.7724
G01 X25.2412 Y22.7819
G01 X25.2149 Y22.8154
G01 X25.1494 Y22.8935
G01 X25.1441 Y22.9025
G01 X25.1349 Y22.9146
G01 X25.1172 Y22.9462
G01 X25.0730 Y23.0186
G01 X25.0609 Y23.0449
G01 X25.0514 Y23.0707
G01 X25.0163 Y23.1571
G01 X25.0148 Y23.1651
G01 X25.0122 Y23.1754
G01 X25.0083 Y23.1864
G01 X25.0027 Y23.2152
G01 X24.9834 Y23.2991
G01 X24.9820 Y23.3135
G01 X24.9817 Y23.3203
G01 X24.9800 Y23.3333
G01 X24.9799 Y23.3416
G01 X24.9739 Y23.4246
G01 X24.9730 Y23.4328
G01 X24.9730 Y23.4663
G01 X24.9723 Y23.4758
G01 X24.9730 Y23.4840
G01 X24.9730 Y24.2882
G01 X24.9718 Y24.2980
G01 X24.9687 Y24.3073
G01 X24.9639 Y24.3158
G01 X24.9575 Y24.3232
G01 X24.9497 Y24.3292
G01 X24.9410 Y24.3336
G01 X24.9315 Y24.3363
G01 X24.9230 Y24.3370
G01 X22.9140 Y24.3370
G01 X22.9067 Y24.3365
G01 X22.8983 Y24.3345
G01 X22.8915 Y24.3317
G01 X22.8852 Y24.3279
G01 X22.8804 Y24.3240
G01 X22.8761 Y24.3197
G01 X22.8724 Y24.3148
G01 X22.8699 Y24.3106
G01 X22.8674 Y24.3050
G01 X22.8658 Y24.3003
G01 X22.8645 Y24.2943
G01 X22.8640 Y24.2882
G01 X22.8640 Y22.9328
G01 X22.8652 Y22.9230
G01 X22.8678 Y22.9149
G01 X22.8724 Y22.9062
G01 X22.8786 Y22.8986
G01 X22.8862 Y22.8924
G01 X22.8949 Y22.8878
G01 X22.9042 Y22.8850
G01 X22.9140 Y22.8840
G00 Z2.0000
G00 X20.3142 Y19.0838
G01 F60.00
G01 Z-0.0000
G01 F60.00
G01 X22.4142 Y19.0838
G01 X22.4227 Y19.0845
G01 X22.4299 Y19.0863
G01 X22.4367 Y19.0891
G01 X22.4440 Y19.0936
G01 X22.4487 Y19.0976
G01 X22.4528 Y19.1021
G01 X22.4558 Y19.1060
G01 X22.4589 Y19.1113
G01 X22.4613 Y19.1170
G01 X22.4630 Y19.1228
G01 X22.4638 Y19.1277
G01 X22.4642 Y19.1338
G01 X22.4642 Y21.3835
G01 X23.4024 Y21.3835
G01 X24.7408 Y20.0451
G01 X24.7409 Y17.5739
G01 X24.7435 Y17.5212
G01 X24.7510 Y17.4702
G01 X24.7645 Y17.4154
G01 X24.7827 Y17.3645
G01 X24.8047 Y17.3179
G01 X24.8350 Y17.2674
G01 X24.8658 Y17.2260
G01 X24.9020 Y17.1860
G01 X26.3009 Y15.7871
G01 X26.3409 Y15.7509
G01 X26.3823 Y15.7201
G01 X26.4317 Y15.6904
G01 X26.4794 Y15.6678
G01 X26.5303 Y15.6496
G01 X26.5827 Y15.6365
G01 X26.6373 Y15.6285
G01 X26.6900 Y15.6259
G01 X27.9564 Y15.6256
G01 X27.9634 Y15.6196
G01 X27.9709 Y15.6139
G01 X27.9790 Y15.6085
G01 X27.9868 Y15.6039
G01 X27.9952 Y15.5996
G01 X28.0040 Y15.5958
G01 X28.0127 Y15.5926
G01 X28.0216 Y15.5899
G01 X28.0369 Y15.5865
G01 X28.0526 Y15.5847
G01 X28.0621 Y15.5843
G01 X28.1065 Y15.5843
G01 X28.1065 Y14.8202
G01 X28.1091 Y14.7675
G01 X28.1171 Y14.7129
G01 X28.1302 Y14.6605
G01 X28.1484 Y14.6096
G01 X28.1710 Y14.5619
G01 X28.2007 Y14.5125
G01 X28.2315 Y14.4711
G01 X28.2677 Y14.4311
G01 X29.0463 Y13.6525
G01 X29.0863 Y13.6163
G01 X29.1277 Y13.5855
G01 X29.1760 Y13.5563
G01 X29.2271 Y13.5324
G01 X29.2757 Y13.5150
G01 X29.3257 Y13.5025
G01 X29.3815 Y13.4940
G01 X29.4354 Y13.4913
G01 X30.1512 Y13.4914
G01 X30.2064 Y13.4943
G01 X30.2573 Y13.5019
G01 X30.3074 Y13.5144
G01 X30.3606 Y13.5332
G01 X30.4094 Y13.5563
G01 X30.4577 Y13.5855
G01 X30.4991 Y13.6163
G01 X30.5373 Y13.6508
G01 X30.5753 Y13.6925
G01 X30.6061 Y13.7339
G01 X30.6109 Y13.7415
G01 X31.9490 Y13.7415
G01 X31.9500 Y13.7318
G01 X31.9528 Y13.7225
G01 X31.9574 Y13.7138
G01 X31.9636 Y13.7062
G01 X31.9712 Y13.7000
G01 X31.9799 Y13.6954
G01 X31.9892 Y13.6926
G01 X31.9990 Y13.6916
G01 X33.9502 Y13.6916
G01 X33.9575 Y13.6923
G01 X33.9647 Y13.6941
G01 X33.9715 Y13.6969
G01 X33.9778 Y13.7007
G01 X33.9835 Y13.7054
G01 X33.9884 Y13.7108
G01 X33.9925 Y13.7170
G01 X33.9956 Y13.7236
G01 X33.9983 Y13.7331
G01 X33.9990 Y13.7416
G01 X33.9989 Y14.3441
G01 X33.9978 Y14.3526
G01 X33.9956 Y14.3596
G01 X33.9919 Y14.3673
G01 X33.9869 Y14.3743
G01 X33.9807 Y14.3803
G01 X33.9736 Y14.3851
G01 X33.9658 Y14.3887
G01 X33.9588 Y14.3906
G01 X33.9490 Y14.3916
G01 X31.9978 Y14.3916
G01 X31.9880 Y14.3904
G01 X31.9799 Y14.3878
G01 X31.9712 Y14.3832
G01 X31.9636 Y14.3770
G01 X31.9574 Y14.3694
G01 X31.9528 Y14.3607
G01 X31.9500 Y14.3514
G01 X31.9490 Y14.3417
G01 X30.6109 Y14.3417
G01 X30.6061 Y14.3493
G01 X30.5737 Y14.3925
G01 X30.5391 Y14.4307
G01 X30.4971 Y14.4685
G01 X30.4557 Y14.4991
G01 X30.4094 Y14.5269
G01 X30.3606 Y14.5500
G01 X30.3086 Y14.5685
G01 X30.2549 Y14.5817
G01 X30.2039 Y14.5892
G01 X30.1512 Y14.5918
G01 X29.6633 Y14.5919
G01 X29.2071 Y15.0481
G01 X29.2071 Y15.5843
G01 X29.2976 Y15.5843
G01 X29.3064 Y15.5847
G01 X29.3154 Y15.5855
G01 X29.3307 Y15.5882
G01 X29.3454 Y15.5923
G01 X29.3598 Y15.5978
G01 X29.3734 Y15.6046
G01 X29.3814 Y15.6094
G01 X29.3890 Y15.6146
G01 X29.3970 Y15.6207
G01 X29.4037 Y15.6266
G01 X29.4102 Y15.6330
G01 X29.4165 Y15.6400
G01 X29.4225 Y15.6474
G01 X29.4276 Y15.6546
G01 X29.4328 Y15.6628
G01 X29.4370 Y15.6705
G01 X29.4410 Y15.6790
G01 X29.4444 Y15.6874
G01 X29.4473 Y15.6957
G01 X29.4498 Y15.7047
G01 X29.4518 Y15.7136
G01 X29.4532 Y15.7227
G01 X29.4542 Y15.7331
G01 X29.4545 Y15.7430
G01 X29.4543 Y16.5326
G01 X29.4532 Y16.5462
G01 X29.4507 Y16.5602
G01 X29.4473 Y16.5729
G01 X29.4424 Y16.5865
G01 X29.4367 Y16.5986
G01 X29.4298 Y16.6106
G01 X29.4217 Y16.6222
G01 X29.4129 Y16.6327
G01 X29.4029 Y16.6427
G01 X29.3914 Y16.6523
G01 X29.3800 Y16.6601
G01 X29.3678 Y16.6671
G01 X29.3550 Y16.6728
G01 X29.3412 Y16.6777
G01 X29.3276 Y16.6811
G01 X29.3136 Y16.6833
G01 X29.2960 Y16.6843
G01 X28.8034 Y16.6843
G01 X28.7519 Y16.7028
G01 X28.6995 Y16.7159
G01 X28.6461 Y16.7238
G01 X28.5947 Y16.7264
G01 X26.9179 Y16.7265
G01 X25.8414 Y17.8030
G01 X25.8413 Y20.2755
G01 X25.8387 Y20.3269
G01 X25.8308 Y20.3803
G01 X25.8177 Y20.4327
G01 X25.8003 Y20.4813
G01 X25.7752 Y20.5345
G01 X25.7486 Y20.5787
G01 X25.7172 Y20.6211
G01 X25.6802 Y20.6621
G01 X24.0194 Y22.3229
G01 X23.9774 Y22.3607
G01 X23.9360 Y22.3913
G01 X23.8908 Y22.4185
G01 X23.8409 Y22.4422
G01 X23.7877 Y22.4610
G01 X23.7352 Y22.4739
G01 X23.6842 Y22.4814
G01 X23.6328 Y22.4840
G01 X22.4642 Y22.4841
G01 X22.4641 Y24.7363
G01 X25.3730 Y24.7363
G01 X25.3730 Y23.4452
G01 X25.3757 Y23.3913
G01 X25.3836 Y23.3379
G01 X25.3961 Y23.2878
G01 X25.4159 Y23.2324
G01 X25.4380 Y23.1858
G01 X25.4658 Y23.1395
G01 X25.4980 Y23.0961
G01 X25.5325 Y23.0579
G01 X26.1692 Y22.4211
G01 X26.2074 Y22.3865
G01 X26.2526 Y22.3527
G01 X26.2989 Y22.3249
G01 X26.3477 Y22.3018
G01 X26.3974 Y22.2840
G01 X26.4534 Y22.2701
G01 X26.5044 Y22.2626
G01 X26.5571 Y22.2600
G01 X27.8945 Y22.2599
G01 X27.8945 Y21.3631
G01 X27.8972 Y21.3092
G01 X27.9057 Y21.2534
G01 X27.9182 Y21.2034
G01 X27.9364 Y21.1525
G01 X27.9595 Y21.1037
G01 X27.9860 Y21.0595
G01 X28.0195 Y21.0140
G01 X28.0557 Y20.9740
G01 X28.3885 Y20.6413
G01 X28.4267 Y20.6067
G01 X28.4740 Y20.5716
G01 X28.5182 Y20.5451
G01 X28.5659 Y20.5225
G01 X28.6179 Y20.5038
G01 X28.6679 Y20.4913
G01 X28.7249 Y20.4827
G01 X28.7776 Y20.4801
G01 X29.2493 Y20.4801
G01 X30.0221 Y19.7073
G01 X30.0221 Y17.8934
G01 X30.0248 Y17.8395
G01 X30.0327 Y17.7861
G01 X30.0458 Y17.7337
G01 X30.0640 Y17.6828
G01 X30.0877 Y17.6329
G01 X30.1149 Y17.5877
G01 X30.1478 Y17.5434
G01 X30.1825 Y17.5052
G01 X30.2251 Y17.4625
G01 X30.2651 Y17.4263
G01 X30.3085 Y17.3941
G01 X30.3548 Y17.3663
G01 X30.4036 Y17.3432
G01 X30.4521 Y17.3258
G01 X30.5093 Y17.3115
G01 X30.5603 Y17.3040
G01 X30.6154 Y17.3014
G01 X30.6706 Y17.3043
G01 X30.7215 Y17.3119
G01 X30.7716 Y17.3244
G01 X30.8248 Y17.3432
G01 X30.8736 Y17.3663
G01 X30.9219 Y17.3955
G01 X30.9633 Y17.4263
G01 X31.0015 Y17.4608
G01 X31.0395 Y17.5025
G01 X31.0703 Y17.5439
G01 X31.0751 Y17.5515
G01 X31.9490 Y17.5515
G01 X31.9500 Y17.5418
G01 X31.9528 Y17.5325
G01 X31.9574 Y17.5238
G01 X31.9636 Y17.5162
G01 X31.9712 Y17.5100
G01 X31.9799 Y17.5054
G01 X31.9880 Y17.5028
G01 X31.9978 Y17.5016
G01 X33.9490 Y17.5016
G01 X33.9575 Y17.5023
G01 X33.9670 Y17.5050
G01 X33.9757 Y17.5094
G01 X33.9835 Y17.5154
G01 X33.9899 Y17.5228
G01 X33.9947 Y17.5313
G01 X33.9978 Y17.5406
G01 X33.9990 Y17.5504
G01 X33.9990 Y18.1528
G01 X33.9980 Y18.1614
G01 X33.9956 Y18.1696
G01 X33.9925 Y18.1762
G01 X33.9877 Y18.1833
G01 X33.9817 Y18.1895
G01 X33.9747 Y18.1945
G01 X33.9670 Y18.1982
G01 X33.9600 Y18.2004
G01 X33.9539 Y18.2014
G01 X33.9490 Y18.2016
G01 X31.9978 Y18.2016
G01 X31.9880 Y18.2004
G01 X31.9799 Y18.1978
G01 X31.9712 Y18.1932
G01 X31.9636 Y18.1870
G01 X31.9574 Y18.1794
G01 X31.9528 Y18.1707
G01 X31.9500 Y18.1614
G01 X31.9490 Y18.1517
G01 X31.1227 Y18.1517
G01 X31.1226 Y19.9364
G01 X31.1200 Y19.9891
G01 X31.1121 Y20.0425
G01 X31.0990 Y20.0949
G01 X31.0808 Y20.1458
G01 X31.0577 Y20.1946
G01 X31.0299 Y20.2409
G01 X30.9977 Y20.2843
G01 X30.9623 Y20.3234
G01 X29.8663 Y21.4195
G01 X29.8263 Y21.4557
G01 X29.7839 Y21.4872
G01 X29.7366 Y21.5157
G01 X29.6855 Y21.5396
G01 X29.6369 Y21.5570
G01 X29.5869 Y21.5695
G01 X29.5324 Y21.5779
G01 X29.4772 Y21.5807
G01 X29.0055 Y21.5807
G01 X28.9951 Y21.5911
G01 X28.9948 Y23.4095
G01 X28.9942 Y23.4208
G01 X28.9929 Y23.4318
G01 X28.9909 Y23.4423
G01 X28.9882 Y23.4528
G01 X28.9847 Y23.4630
G01 X28.9803 Y23.4738
G01 X28.9752 Y23.4838
G01 X28.9695 Y23.4934
G01 X28.9638 Y23.5017
G01 X28.9584 Y23.5086
G01 X28.9525 Y23.5153
G01 X28.9461 Y23.5218
G01 X28.9327 Y23.5333
G01 X28.9256 Y23.5384
G01 X28.9174 Y23.5437
G01 X28.9019 Y23.5518
G01 X28.8935 Y23.5554
G01 X28.8847 Y23.5585
G01 X28.8757 Y23.5611
G01 X28.8668 Y23.5631
G01 X28.8576 Y23.5646
G01 X28.8486 Y23.5656
G01 X28.8361 Y23.5661
G01 X28.0535 Y23.5661
G01 X28.0439 Y23.5658
G01 X28.0265 Y23.5638
G01 X28.0094 Y23.5599
G01 X27.9926 Y23.5540
G01 X27.9771 Y23.5465
G01 X27.9627 Y23.5375
G01 X27.9552 Y23.5320
G01 X27.9483 Y23.5262
G01 X27.9364 Y23.5145
G01 X27.9304 Y23.5076
G01 X27.9251 Y23.5006
G01 X27.9160 Y23.4866
G01 X27.9085 Y23.4720
G01 X27.9028 Y23.4570
G01 X27.8984 Y23.4411
G01 X27.8961 Y23.4277
G01 X27.8950 Y23.4144
G01 X27.8948 Y23.3605
G01 X26.7862 Y23.3605
G01 X26.4736 Y23.6731
G01 X26.4736 Y25.2866
G01 X26.4708 Y25.3418
G01 X26.4630 Y25.3939
G01 X26.4499 Y25.4463
G01 X26.4317 Y25.4972
G01 X26.4074 Y25.5481
G01 X26.3808 Y25.5923
G01 X26.3502 Y25.6337
G01 X26.3141 Y25.6739
G01 X26.2724 Y25.7119
G01 X26.2300 Y25.7434
G01 X26.1805 Y25.7730
G01 X26.1339 Y25.7950
G01 X26.0830 Y25.8132
G01 X26.0282 Y25.8267
G01 X25.9772 Y25.8342
G01 X25.9233 Y25.8369
G01 X16.7462 Y25.8369
G01 X15.7384 Y26.8446
G01 X15.7384 Y29.0353
G01 X15.7946 Y29.0354
G01 X15.8031 Y29.0365
G01 X15.8124 Y29.0396
G01 X15.8178 Y29.0424
G01 X15.8238 Y29.0467
G01 X15.8283 Y29.0508
G01 X15.8330 Y29.0565
G01 X15.8368 Y29.0628
G01 X15.8392 Y29.0685
G01 X15.8409 Y29.0744
G01 X15.8420 Y29.0816
G01 X15.8421 Y30.2933
G01 X15.8419 Y30.2982
G01 X15.8409 Y30.3043
G01 X15.8383 Y30.3124
G01 X15.8350 Y30.3190
G01 X15.8300 Y30.3260
G01 X15.8248 Y30.3312
G01 X15.8178 Y30.3362
G01 X15.8112 Y30.3395
G01 X15.8031 Y30.3421
G01 X15.7958 Y30.3432
G01 X15.3124 Y30.3433
G01 X14.8587 Y30.7970
G01 X14.8587 Y40.3199
G01 X14.8632 Y40.3236
G01 X14.8666 Y40.3270
G01 X14.8705 Y40.3318
G01 X14.8731 Y40.3360
G01 X14.8771 Y40.3449
G01 X14.8784 Y40.3496
G01 X14.8794 Y40.3557
G01 X14.8796 Y40.5291
G01 X16.2009 Y40.5291
G01 X16.2009 Y40.3794
G01 X16.2019 Y40.3696
G01 X16.2038 Y40.3626
G01 X16.2068 Y40.3558
G01 X16.2107 Y40.3496
G01 X16.2155 Y40.3440
G01 X16.2221 Y40.3385
G01 X16.2284 Y40.3347
G01 X16.2352 Y40.3319
G01 X16.2424 Y40.3301
G01 X16.2509 Y40.3294
G01 X17.2759 Y40.3294
G01 X17.2820 Y40.3298
G01 X17.2869 Y40.3306
G01 X17.2927 Y40.3323
G01 X17.2984 Y40.3347
G01 X17.3037 Y40.3378
G01 X17.3095 Y40.3424
G01 X17.3146 Y40.3477
G01 X17.3181 Y40.3527
G01 X17.3211 Y40.3580
G01 X17.3237 Y40.3649
G01 X17.3252 Y40.3709
G01 X17.3259 Y40.3782
G01 X17.3259 Y41.7806
G01 X17.3247 Y41.7904
G01 X17.3221 Y41.7985
G01 X17.3181 Y41.8061
G01 X17.3121 Y41.8139
G01 X17.3047 Y41.8203
G01 X17.2973 Y41.8246
G01 X17.2892 Y41.8276
G01 X17.2808 Y41.8292
G01 X16.7916 Y41.8294
G01 X15.4816 Y43.1393
G01 X15.4816 Y44.1619
G01 X15.8017 Y44.1619
G01 X15.8019 Y44.1247
G01 X15.8039 Y44.1151
G01 X15.8076 Y44.1060
G01 X15.8108 Y44.1008
G01 X15.8147 Y44.0960
G01 X15.8190 Y44.0917
G01 X15.8239 Y44.0880
G01 X15.8292 Y44.0849
G01 X15.8349 Y44.0825
G01 X15.8407 Y44.0808
G01 X15.8456 Y44.0800
G01 X15.8517 Y44.0796
G01 X16.4093 Y44.0796
G01 X16.4359 Y44.0672
G01 X16.4844 Y44.0498
G01 X16.5368 Y44.0366
G01 X16.5914 Y44.0284
G01 X16.6441 Y44.0258
G01 X21.4000 Y44.0256
G01 X21.4539 Y44.0283
G01 X21.5061 Y44.0360
G01 X21.5597 Y44.0493
G01 X21.6128 Y44.0685
G01 X21.6594 Y44.0906
G01 X21.7036 Y44.1171
G01 X21.7500 Y44.1513
G01 X21.7891 Y44.1868
G01 X22.5801 Y44.9778
G01 X25.2863 Y44.9779
G01 X25.3390 Y44.9805
G01 X25.3936 Y44.9887
G01 X25.4460 Y45.0019
G01 X25.4945 Y45.0193
G01 X25.5135 Y45.0281
G01 X26.2851 Y45.0281
G01 X26.2949 Y45.0291
G01 X26.3042 Y45.0319
G01 X26.3108 Y45.0352
G01 X26.3168 Y45.0394
G01 X26.3221 Y45.0445
G01 X26.3260 Y45.0493
G01 X26.3298 Y45.0556
G01 X26.3326 Y45.0624
G01 X26.3344 Y45.0696
G01 X26.3351 Y45.0769
G01 X26.3351 Y45.9781
G01 X26.3346 Y45.9854
G01 X26.3329 Y45.9926
G01 X26.3303 Y45.9995
G01 X26.3267 Y46.0059
G01 X26.3230 Y46.0108
G01 X26.3187 Y46.0151
G01 X26.3149 Y46.0183
G01 X26.3097 Y46.0216
G01 X26.3042 Y46.0243
G01 X26.2984 Y46.0263
G01 X26.2924 Y46.0276
G01 X26.2863 Y46.0281
G01 X25.5135 Y46.0281
G01 X25.4945 Y46.0369
G01 X25.4460 Y46.0543
G01 X25.3936 Y46.0675
G01 X25.3390 Y46.0757
G01 X25.2863 Y46.0783
G01 X22.3522 Y46.0784
G01 X22.2983 Y46.0757
G01 X22.2461 Y46.0680
G01 X22.1925 Y46.0547
G01 X22.1394 Y46.0355
G01 X22.0928 Y46.0134
G01 X22.0486 Y45.9869
G01 X22.0022 Y45.9527
G01 X21.9631 Y45.9172
G01 X21.1721 Y45.1262
G01 X20.5892 Y45.1262
G01 X20.5764 Y45.1301
G01 X20.5637 Y45.1329
G01 X20.5505 Y45.1347
G01 X20.5369 Y45.1354
G01 X19.9195 Y45.1357
G01 X19.3011 Y45.1354
G01 X19.2878 Y45.1347
G01 X19.2753 Y45.1329
G01 X19.2626 Y45.1301
G01 X19.2501 Y45.1263
G01 X17.2817 Y45.1263
G01 X17.2817 Y45.2308
G01 X17.2810 Y45.2381
G01 X17.2795 Y45.2441
G01 X17.2769 Y45.2510
G01 X17.2733 Y45.2574
G01 X17.2688 Y45.2632
G01 X17.2634 Y45.2683
G01 X17.2563 Y45.2731
G01 X17.2497 Y45.2762
G01 X17.2427 Y45.2784
G01 X17.2354 Y45.2795
G01 X15.8517 Y45.2796
G01 X15.8468 Y45.2794
G01 X15.8407 Y45.2784
G01 X15.8314 Y45.2753
G01 X15.8271 Y45.2731
G01 X15.8219 Y45.2698
G01 X15.8181 Y45.2666
G01 X15.8140 Y45.2625
G01 X15.1592 Y45.2625
G01 X13.2045 Y47.2171
G01 X13.1654 Y47.2525
G01 X13.1240 Y47.2833
G01 X13.0746 Y47.3130
G01 X13.0269 Y47.3356
G01 X12.9772 Y47.3534
G01 X12.9248 Y47.3666
G01 X12.8953 Y47.3711
G01 X12.8951 Y47.5821
G01 X12.8941 Y47.5881
G01 X12.8924 Y47.5940
G01 X12.8900 Y47.5997
G01 X12.8869 Y47.6050
G01 X12.8832 Y47.6099
G01 X12.8789 Y47.6142
G01 X12.8741 Y47.6181
G01 X12.8689 Y47.6213
G01 X12.8633 Y47.6238
G01 X12.8574 Y47.6257
G01 X12.8514 Y47.6268
G01 X12.8453 Y47.6272
G01 X10.8453 Y47.6272
G01 X10.8380 Y47.6267
G01 X10.8296 Y47.6247
G01 X10.8228 Y47.6219
G01 X10.8165 Y47.6181
G01 X10.8099 Y47.6125
G01 X10.8051 Y47.6070
G01 X10.8006 Y47.5997
G01 X10.7978 Y47.5929
G01 X10.7960 Y47.5857
G01 X10.7953 Y47.5784
G01 X10.7953 Y46.0772
G01 X10.7960 Y46.0686
G01 X10.7978 Y46.0615
G01 X10.8012 Y46.0536
G01 X10.8059 Y46.0464
G01 X10.8099 Y46.0418
G01 X10.8136 Y46.0385
G01 X10.8175 Y46.0356
G01 X10.8228 Y46.0325
G01 X10.8285 Y46.0301
G01 X10.8343 Y46.0284
G01 X10.8392 Y46.0276
G01 X10.8453 Y46.0272
G01 X12.8381 Y46.0272
G01 X14.3810 Y44.4843
G01 X14.3811 Y42.9102
G01 X14.3837 Y42.8575
G01 X14.3916 Y42.8040
G01 X14.4047 Y42.7517
G01 X14.4221 Y42.7031
G01 X14.4460 Y42.6520
G01 X14.4738 Y42.6057
G01 X14.5060 Y42.5623
G01 X14.5414 Y42.5232
G01 X15.4349 Y41.6297
G01 X14.8796 Y41.6297
G01 X14.8796 Y41.7418
G01 X14.8791 Y41.7479
G01 X14.8778 Y41.7539
G01 X14.8753 Y41.7609
G01 X14.8718 Y41.7673
G01 X14.8666 Y41.7742
G01 X14.8613 Y41.7792
G01 X14.8542 Y41.7841
G01 X14.8476 Y41.7872
G01 X14.8406 Y41.7894
G01 X14.8333 Y41.7905
G01 X13.7271 Y41.7905
G01 X13.7186 Y41.7894
G01 X13.7093 Y41.7863
G01 X13.7018 Y41.7822
G01 X13.6942 Y41.7760
G01 X13.6887 Y41.7694
G01 X13.6844 Y41.7620
G01 X13.6811 Y41.7527
G01 X13.6797 Y41.7443
G01 X13.6797 Y40.3581
G01 X13.6803 Y40.3521
G01 X13.6818 Y40.3461
G01 X13.6839 Y40.3403
G01 X13.6867 Y40.3349
G01 X13.6902 Y40.3298
G01 X13.6942 Y40.3252
G01 X13.6988 Y40.3212
G01 X13.7039 Y40.3177
G01 X13.7128 Y40.3135
G01 X13.7175 Y40.3121
G01 X13.7235 Y40.3110
G01 X13.7296 Y40.3106
G01 X13.7581 Y40.3106
G01 X13.7581 Y30.5690
G01 X13.7606 Y30.5175
G01 X13.7693 Y30.4593
G01 X13.7818 Y30.4093
G01 X13.8000 Y30.3584
G01 X13.8231 Y30.3096
G01 X13.8496 Y30.2654
G01 X13.8831 Y30.2199
G01 X13.9193 Y30.1799
G01 X14.5341 Y29.5652
G01 X14.5341 Y29.0853
G01 X14.5351 Y29.0756
G01 X14.5366 Y29.0696
G01 X14.5394 Y29.0628
G01 X14.5425 Y29.0575
G01 X14.5462 Y29.0526
G01 X14.5505 Y29.0483
G01 X14.5553 Y29.0444
G01 X14.5605 Y29.0412
G01 X14.5661 Y29.0387
G01 X14.5743 Y29.0363
G01 X14.5816 Y29.0354
G01 X14.6378 Y29.0353
G01 X14.6378 Y24.0063
G01 X14.6405 Y23.9524
G01 X14.6480 Y23.9014
G01 X14.6619 Y23.8454
G01 X14.6797 Y23.7957
G01 X14.7017 Y23.7491
G01 X14.7306 Y23.7006
G01 X14.7644 Y23.6554
G01 X14.7990 Y23.6172
G01 X14.8372 Y23.5826
G01 X14.8824 Y23.5488
G01 X14.9309 Y23.5199
G01 X14.9775 Y23.4979
G01 X15.0260 Y23.4805
G01 X15.0820 Y23.4664
G01 X15.1342 Y23.4587
G01 X15.1869 Y23.4561
G01 X15.3787 Y23.4561
G01 X15.4314 Y23.4587
G01 X15.4824 Y23.4662
G01 X15.5361 Y23.4794
G01 X15.5903 Y23.4989
G01 X15.6369 Y23.5210
G01 X15.6832 Y23.5488
G01 X15.7266 Y23.5810
G01 X15.7648 Y23.6155
G01 X15.8044 Y23.6592
G01 X15.8350 Y23.7006
G01 X15.8628 Y23.7469
G01 X15.8859 Y23.7957
G01 X15.9033 Y23.8442
G01 X15.9176 Y23.9014
G01 X15.9251 Y23.9524
G01 X15.9277 Y24.0088
G01 X15.9251 Y24.0602
G01 X15.9172 Y24.1136
G01 X15.9041 Y24.1660
G01 X15.8849 Y24.2191
G01 X15.8628 Y24.2657
G01 X15.8336 Y24.3140
G01 X15.8012 Y24.3572
G01 X15.7666 Y24.3954
G01 X15.7384 Y24.4211
G01 X15.7384 Y25.2883
G01 X16.1292 Y24.8975
G01 X16.1712 Y24.8597
G01 X16.2126 Y24.8291
G01 X16.2568 Y24.8025
G01 X16.3077 Y24.7782
G01 X16.3610 Y24.7594
G01 X16.4110 Y24.7469
G01 X16.4631 Y24.7391
G01 X16.5183 Y24.7363
G01 X20.2643 Y24.7363
G01 X20.2642 Y19.1338
G01 X20.2652 Y19.1240
G01 X20.2680 Y19.1147
G01 X20.2726 Y19.1060
G01 X20.2788 Y19.0984
G01 X20.2864 Y19.0922
G01 X20.2951 Y19.0876
G01 X20.3044 Y19.0848
G01 X20.3142 Y19.0838
G00 Z2.0000
G00 X18.6435 Y30.0514
G01 F60.00
G01 Z-0.0000
G01 F60.00
G01 X18.6113 Y29.9976
G01 X18.5839 Y29.9396
G01 X18.5623 Y29.8791
G01 X18.5472 Y29.8193
G01 X18.5371 Y29.7510
G01 X18.5341 Y29.6893
G01 X18.5373 Y29.6252
G01 X18.5467 Y29.5617
G01 X18.5623 Y29.4995
G01 X18.5839 Y29.4390
G01 X18.6102 Y29.3832
G01 X18.6443 Y29.3260
G01 X18.6810 Y29.2763
G01 X18.7274 Y29.2252
G01 X18.7732 Y29.1837
G01 X18.8248 Y29.1455
G01 X18.8798 Y29.1125
G01 X18.9378 Y29.0851
G01 X18.9983 Y29.0635
G01 X19.0605 Y29.0479
G01 X19.1240 Y29.0384
G01 X19.1856 Y29.0354
G01 X19.2522 Y29.0384
G01 X19.3133 Y29.0474
G01 X19.3803 Y29.0642
G01 X19.4384 Y29.0851
G01 X19.4964 Y29.1125
G01 X19.5514 Y29.1455
G01 X19.6011 Y29.1822
G01 X19.6505 Y29.2268
G01 X19.6936 Y29.2744
G01 X19.7319 Y29.3260
G01 X19.7649 Y29.3810
G01 X19.7923 Y29.4390
G01 X19.8139 Y29.4995
G01 X19.8295 Y29.5617
G01 X19.8390 Y29.6252
G01 X19.8421 Y29.6893
G01 X19.8391 Y29.7510
G01 X19.8293 Y29.8181
G01 X19.8139 Y29.8791
G01 X19.7928 Y29.9384
G01 X19.7654 Y29.9965
G01 X19.7441 Y30.0325
G01 X19.7441 Y30.7340
G01 X23.8279 Y34.8178
G01 X25.2863 Y34.8179
G01 X25.3390 Y34.8205
G01 X25.3936 Y34.8287
G01 X25.4460 Y34.8419
G01 X25.4945 Y34.8593
G01 X25.5135 Y34.8681
G01 X26.2851 Y34.8681
G01 X26.2949 Y34.8691
G01 X26.3042 Y34.8719
G01 X26.3108 Y34.8752
G01 X26.3168 Y34.8794
G01 X26.3221 Y34.8845
G01 X26.3260 Y34.8893
G01 X26.3298 Y34.8956
G01 X26.3326 Y34.9024
G01 X26.3344 Y34.9096
G01 X26.3351 Y34.9169
G01 X26.3351 Y35.8181
G01 X26.3346 Y35.8254
G01 X26.3326 Y35.8338
G01 X26.3298 Y35.8406
G01 X26.3253 Y35.8479
G01 X26.3221 Y35.8517
G01 X26.3178 Y35.8560
G01 X26.3139 Y35.8590
G01 X26.3087 Y35.8622
G01 X26.3031 Y35.8647
G01 X26.2972 Y35.8666
G01 X26.2924 Y35.8676
G01 X26.2863 Y35.8681
G01 X25.5135 Y35.8681
G01 X25.4945 Y35.8769
G01 X25.4460 Y35.8943
G01 X25.3936 Y35.9075
G01 X25.3390 Y35.9157
G01 X25.2863 Y35.9183
G01 X23.5988 Y35.9183
G01 X23.5461 Y35.9157
G01 X23.4951 Y35.9082
G01 X23.4379 Y35.8939
G01 X23.3894 Y35.8765
G01 X23.3406 Y35.8534
G01 X23.2943 Y35.8256
G01 X23.2529 Y35.7950
G01 X23.2109 Y35.7572
G01 X18.8047 Y31.3510
G01 X18.7685 Y31.3110
G01 X18.7350 Y31.2655
G01 X18.7085 Y31.2213
G01 X18.6854 Y31.1725
G01 X18.6672 Y31.1216
G01 X18.6547 Y31.0716
G01 X18.6462 Y31.0158
G01 X18.6435 Y30.9619
G01 X18.6435 Y30.0514
G00 Z2.0000
G00 X16.7159 Y31.4264
G01 F60.00
G01 Z-0.0000
G01 F60.00
G01 X16.6883 Y31.3800
G01 X16.6663 Y31.3334
G01 X16.6489 Y31.2849
G01 X16.6350 Y31.2302
G01 X16.6270 Y31.1755
G01 X16.6244 Y31.1228
G01 X16.6245 Y30.0198
G01 X16.6108 Y29.9965
G01 X16.5844 Y29.9407
G01 X16.5626 Y29.8803
G01 X16.5467 Y29.8169
G01 X16.5374 Y29.7546
G01 X16.5341 Y29.6893
G01 X16.5373 Y29.6252
G01 X16.5467 Y29.5617
G01 X16.5619 Y29.5006
G01 X16.5839 Y29.4390
G01 X16.6113 Y29.3810
G01 X16.6443 Y29.3260
G01 X16.6826 Y29.2744
G01 X16.7257 Y29.2269
G01 X16.7732 Y29.1838
G01 X16.8248 Y29.1455
G01 X16.8798 Y29.1125
G01 X16.9378 Y29.0851
G01 X16.9983 Y29.0635
G01 X17.0605 Y29.0479
G01 X17.1240 Y29.0385
G01 X17.1881 Y29.0353
G01 X17.2522 Y29.0385
G01 X17.3157 Y29.0479
G01 X17.3768 Y29.0631
G01 X17.4406 Y29.0861
G01 X17.4964 Y29.1125
G01 X17.5494 Y29.1442
G01 X17.6030 Y29.1838
G01 X17.6522 Y29.2286
G01 X17.6936 Y29.2744
G01 X17.7305 Y29.3240
G01 X17.7649 Y29.3810
G01 X17.7932 Y29.4413
G01 X17.8139 Y29.4995
G01 X17.8295 Y29.5617
G01 X17.8390 Y29.6252
G01 X17.8421 Y29.6893
G01 X17.8390 Y29.7534
G01 X17.8295 Y29.8169
G01 X17.8139 Y29.8791
G01 X17.7923 Y29.9396
G01 X17.7649 Y29.9976
G01 X17.7326 Y30.0516
G01 X17.7251 Y30.0620
G01 X17.7251 Y30.8950
G01 X22.9180 Y36.0878
G01 X25.2863 Y36.0879
G01 X25.3390 Y36.0905
G01 X25.3936 Y36.0987
G01 X25.4460 Y36.1119
G01 X25.4945 Y36.1293
G01 X25.5135 Y36.1381
G01 X26.2851 Y36.1381
G01 X26.2924 Y36.1386
G01 X26.2996 Y36.1403
G01 X26.3076 Y36.1434
G01 X26.3139 Y36.1472
G01 X26.3205 Y36.1527
G01 X26.3253 Y36.1583
G01 X26.3292 Y36.1645
G01 X26.3322 Y36.1713
G01 X26.3344 Y36.1796
G01 X26.3351 Y36.1869
G01 X26.3351 Y37.0881
G01 X26.3346 Y37.0954
G01 X26.3333 Y37.1014
G01 X26.3313 Y37.1072
G01 X26.3280 Y37.1138
G01 X26.3245 Y37.1189
G01 X26.3205 Y37.1235
G01 X26.3149 Y37.1283
G01 X26.3097 Y37.1316
G01 X26.3042 Y37.1343
G01 X26.2984 Y37.1363
G01 X26.2924 Y37.1376
G01 X26.2863 Y37.1381
G01 X25.5135 Y37.1381
G01 X25.4945 Y37.1469
G01 X25.4460 Y37.1643
G01 X25.3936 Y37.1775
G01 X25.3390 Y37.1857
G01 X25.2851 Y37.1884
G01 X22.6889 Y37.1883
G01 X22.6337 Y37.1854
G01 X22.5828 Y37.1778
G01 X22.5327 Y37.1653
G01 X22.4795 Y37.1464
G01 X22.4286 Y37.1222
G01 X22.3844 Y37.0956
G01 X22.3430 Y37.0650
G01 X22.3010 Y37.0272
G01 X16.7856 Y31.5119
G01 X16.7494 Y31.4719
G01 X16.7159 Y31.4264
G00 Z2.0000
G00 X17.9769 Y37.2023
G01 F60.00
G01 Z-0.0000
G01 F60.00
G01 X20.6683 Y39.8937
G01 X20.7053 Y39.9347
G01 X20.7367 Y39.9771
G01 X20.7633 Y40.0213
G01 X20.7876 Y40.0722
G01 X20.8064 Y40.1254
G01 X20.8189 Y40.1755
G01 X20.8267 Y40.2276
G01 X20.8295 Y40.2828
G01 X20.8295 Y40.8515
G01 X23.6882 Y43.7102
G01 X25.2350 Y43.7102
G01 X25.2863 Y43.7079
G01 X25.3390 Y43.7105
G01 X25.3936 Y43.7187
G01 X25.4460 Y43.7319
G01 X25.4945 Y43.7493
G01 X25.5135 Y43.7581
G01 X26.2851 Y43.7581
G01 X26.2949 Y43.7591
G01 X26.3031 Y43.7615
G01 X26.3097 Y43.7646
G01 X26.3159 Y43.7687
G01 X26.3213 Y43.7736
G01 X26.3260 Y43.7793
G01 X26.3298 Y43.7856
G01 X26.3326 Y43.7924
G01 X26.3344 Y43.7996
G01 X26.3351 Y43.8069
G01 X26.3351 Y44.7093
G01 X26.3341 Y44.7179
G01 X26.3317 Y44.7261
G01 X26.3280 Y44.7338
G01 X26.3221 Y44.7417
G01 X26.3149 Y44.7483
G01 X26.3065 Y44.7533
G01 X26.3008 Y44.7556
G01 X26.2961 Y44.7569
G01 X26.2863 Y44.7581
G01 X25.5162 Y44.7581
G01 X25.4921 Y44.7693
G01 X25.4436 Y44.7867
G01 X25.3912 Y44.7999
G01 X25.3366 Y44.8081
G01 X25.2839 Y44.8107
G01 X23.4591 Y44.8107
G01 X23.4064 Y44.8081
G01 X23.3554 Y44.8006
G01 X23.2982 Y44.7863
G01 X23.2475 Y44.7679
G01 X23.2009 Y44.7458
G01 X23.1567 Y44.7193
G01 X23.1112 Y44.6858
G01 X23.0721 Y44.6504
G01 X20.0513 Y41.6297
G01 X19.1509 Y41.6297
G01 X19.1509 Y41.7794
G01 X19.1507 Y41.7843
G01 X19.1497 Y41.7904
G01 X19.1475 Y41.7974
G01 X19.1438 Y41.8051
G01 X19.1396 Y41.8111
G01 X19.1345 Y41.8164
G01 X19.1287 Y41.8210
G01 X19.1212 Y41.8251
G01 X19.1142 Y41.8276
G01 X19.1058 Y41.8292
G01 X18.0759 Y41.8294
G01 X18.0661 Y41.8284
G01 X18.0579 Y41.8260
G01 X18.0502 Y41.8223
G01 X18.0423 Y41.8164
G01 X18.0357 Y41.8092
G01 X18.0330 Y41.8051
G01 X18.0302 Y41.7997
G01 X18.0281 Y41.7939
G01 X18.0269 Y41.7892
G01 X18.0259 Y41.7794
G01 X18.0259 Y40.3794
G01 X18.0261 Y40.3745
G01 X18.0271 Y40.3684
G01 X18.0288 Y40.3626
G01 X18.0312 Y40.3569
G01 X18.0337 Y40.3527
G01 X18.0372 Y40.3477
G01 X18.0405 Y40.3440
G01 X18.0451 Y40.3400
G01 X18.0513 Y40.3359
G01 X18.0591 Y40.3323
G01 X18.0674 Y40.3301
G01 X18.0759 Y40.3294
G01 X19.1058 Y40.3296
G01 X19.1130 Y40.3309
G01 X19.1212 Y40.3337
G01 X19.1276 Y40.3372
G01 X19.1345 Y40.3424
G01 X19.1396 Y40.3477
G01 X19.1438 Y40.3537
G01 X19.1475 Y40.3614
G01 X19.1497 Y40.3684
G01 X19.1507 Y40.3745
G01 X19.1509 Y40.3794
G01 X19.1509 Y40.5291
G01 X19.7289 Y40.5291
G01 X19.7289 Y40.5107
G01 X17.1987 Y37.9805
G01 X17.1609 Y37.9385
G01 X17.1303 Y37.8971
G01 X17.1025 Y37.8508
G01 X17.0794 Y37.8020
G01 X17.0612 Y37.7511
G01 X17.0481 Y37.6987
G01 X17.0405 Y37.6478
G01 X17.0376 Y37.5889
G01 X17.0402 Y37.5375
G01 X17.0487 Y37.4817
G01 X17.0612 Y37.4317
G01 X17.0794 Y37.3808
G01 X17.1025 Y37.3320
G01 X17.1303 Y37.2857
G01 X17.1625 Y37.2423
G01 X17.1987 Y37.2023
G01 X17.2387 Y37.1661
G01 X17.2801 Y37.1353
G01 X17.3284 Y37.1061
G01 X17.3750 Y37.0840
G01 X17.4304 Y37.0642
G01 X17.4805 Y37.0517
G01 X17.5339 Y37.0438
G01 X17.5878 Y37.0411
G01 X17.6417 Y37.0438
G01 X17.6951 Y37.0517
G01 X17.7452 Y37.0642
G01 X17.8006 Y37.0840
G01 X17.8472 Y37.1061
G01 X17.8935 Y37.1339
G01 X17.9369 Y37.1661
G01 X17.9769 Y37.2023
G00 Z2.0000
G00 X15.2580 Y39.8610
G01 F60.00
G01 Z-0.0000
G01 F60.00
G01 X15.2582 Y30.9791
G01 X15.2598 Y30.9706
G01 X15.2628 Y30.9626
G01 X15.2672 Y30.9551
G01 X15.2719 Y30.9494
G01 X15.4656 Y30.7567
G01 X15.4703 Y30.7528
G01 X15.4765 Y30.7489
G01 X15.4821 Y30.7463
G01 X15.4879 Y30.7445
G01 X15.4939 Y30.7434
G01 X15.5000 Y30.7430
G01 X16.1799 Y30.7432
G01 X16.1883 Y30.7448
G01 X16.1964 Y30.7478
G01 X16.2028 Y30.7514
G01 X16.2095 Y30.7568
G01 X16.2152 Y30.7632
G01 X16.2197 Y30.7705
G01 X16.2228 Y30.7785
G01 X16.2246 Y30.7869
G01 X16.2250 Y30.7930
G01 X16.2250 Y31.0950
G01 X16.2240 Y31.1267
G01 X16.2232 Y31.1353
G01 X16.2355 Y31.2770
G01 X16.2401 Y31.2968
G01 X16.2413 Y31.3073
G01 X16.2466 Y31.3243
G01 X16.2695 Y31.4198
G01 X16.2776 Y31.4378
G01 X16.2816 Y31.4503
G01 X16.2901 Y31.4677
G01 X16.3269 Y31.5557
G01 X16.3369 Y31.5730
G01 X16.3419 Y31.5837
G01 X16.3715 Y31.6286
G01 X16.4049 Y31.6825
G01 X16.4172 Y31.6959
G01 X16.4247 Y31.7073
G01 X16.4581 Y31.7446
G01 X16.4908 Y31.7831
G01 X16.5069 Y31.7993
G01 X16.5203 Y31.8153
G01 X16.5364 Y31.8287
G01 X22.0367 Y37.3309
G01 X22.0598 Y37.3500
G01 X22.0644 Y37.3526
G01 X22.0694 Y37.3561
G01 X22.1214 Y37.3981
G01 X22.1391 Y37.4130
G01 X22.1469 Y37.4185
G01 X22.1598 Y37.4298
G01 X22.2374 Y37.4724
G01 X22.2642 Y37.4889
G01 X22.2730 Y37.4926
G01 X22.2904 Y37.5026
G01 X22.3674 Y37.5311
G01 X22.4012 Y37.5446
G01 X22.4082 Y37.5467
G01 X22.4326 Y37.5554
G01 X22.4536 Y37.5589
G01 X22.5096 Y37.5699
G01 X22.5420 Y37.5773
G01 X22.5596 Y37.5784
G01 X22.5740 Y37.5814
G01 X22.6561 Y37.5871
G01 X22.7194 Y37.5907
G01 X22.7392 Y37.5883
G01 X22.7450 Y37.5880
G01 X23.7862 Y37.5880
G01 X23.7923 Y37.5885
G01 X23.7983 Y37.5898
G01 X23.8041 Y37.5918
G01 X23.8096 Y37.5945
G01 X23.8148 Y37.5978
G01 X23.8204 Y37.6026
G01 X23.8244 Y37.6072
G01 X23.8279 Y37.6123
G01 X23.8312 Y37.6189
G01 X23.8332 Y37.6247
G01 X23.8345 Y37.6307
G01 X23.8350 Y37.6380
G01 X23.8350 Y43.1700
G01 X23.8340 Y43.1798
G01 X23.8316 Y43.1880
G01 X23.8291 Y43.1936
G01 X23.8259 Y43.1988
G01 X23.8220 Y43.2036
G01 X23.8177 Y43.2079
G01 X23.8128 Y43.2116
G01 X23.8075 Y43.2147
G01 X23.8018 Y43.2171
G01 X23.7959 Y43.2188
G01 X23.7899 Y43.2198
G01 X23.7838 Y43.2200
G01 X23.7777 Y43.2195
G01 X23.7717 Y43.2182
G01 X23.7659 Y43.2162
G01 X23.7603 Y43.2135
G01 X23.7552 Y43.2102
G01 X23.7505 Y43.2062
G01 X21.2403 Y40.6947
G01 X21.2355 Y40.6876
G01 X21.2319 Y40.6798
G01 X21.2300 Y40.6728
G01 X21.2290 Y40.6642
G01 X21.2290 Y40.3010
G01 X21.2308 Y40.2745
G01 X21.2175 Y40.1250
G01 X21.2140 Y40.1101
G01 X21.2128 Y40.1015
G01 X21.2045 Y40.0701
G01 X21.1823 Y39.9814
G01 X21.1725 Y39.9555
G01 X21.1539 Y39.9154
G01 X21.1268 Y39.8508
G01 X21.1190 Y39.8387
G01 X21.1110 Y39.8212
G01 X21.0765 Y39.7684
G01 X21.0503 Y39.7244
G01 X21.0334 Y39.7047
G01 X21.0259 Y39.6940
G01 X21.0070 Y39.6725
G01 X20.9673 Y39.6260
G01 X20.9368 Y39.5955
G01 X20.9306 Y39.5880
G01 X20.9226 Y39.5814
G01 X18.2416 Y36.9003
G01 X18.1177 Y36.8014
G01 X18.0901 Y36.7854
G01 X17.9898 Y36.7285
G01 X17.8475 Y36.6753
G01 X17.8138 Y36.6689
G01 X17.7078 Y36.6468
G01 X17.6412 Y36.6439
G01 X17.5529 Y36.6390
G01 X17.4106 Y36.6562
G01 X17.2778 Y36.6920
G01 X17.2700 Y36.6950
G01 X17.1338 Y36.7542
G01 X17.0086 Y36.8357
G01 X16.8981 Y36.9358
G01 X16.8053 Y37.0465
G01 X16.7340 Y37.1740
G01 X16.6779 Y37.3062
G01 X16.6457 Y37.4539
G01 X16.6369 Y37.5971
G01 X16.6363 Y37.6029
G01 X16.6495 Y37.7488
G01 X16.6844 Y37.8914
G01 X16.7395 Y38.0229
G01 X16.8225 Y38.1554
G01 X16.9008 Y38.2481
G01 X18.4962 Y39.8445
G01 X18.5023 Y39.8523
G01 X18.5062 Y39.8599
G01 X18.5088 Y39.8681
G01 X18.5100 Y39.8778
G01 X18.5095 Y39.8863
G01 X18.5071 Y39.8959
G01 X18.5029 Y39.9047
G01 X18.4979 Y39.9117
G01 X18.4908 Y39.9184
G01 X18.4857 Y39.9219
G01 X18.4814 Y39.9242
G01 X18.4757 Y39.9265
G01 X18.4710 Y39.9278
G01 X18.4649 Y39.9288
G01 X18.4600 Y39.9290
G01 X15.8010 Y39.9290
G01 X15.8010 Y40.0790
G01 X15.8005 Y40.0863
G01 X15.7992 Y40.0923
G01 X15.7967 Y40.0993
G01 X15.7939 Y40.1047
G01 X15.7904 Y40.1098
G01 X15.7864 Y40.1144
G01 X15.7808 Y40.1192
G01 X15.7756 Y40.1225
G01 X15.7701 Y40.1252
G01 X15.7608 Y40.1280
G01 X15.7510 Y40.1290
G01 X15.3288 Y40.1290
G01 X15.3215 Y40.1283
G01 X15.3132 Y40.1261
G01 X15.3054 Y40.1225
G01 X15.2992 Y40.1184
G01 X15.2930 Y40.1126
G01 X15.2884 Y40.1068
G01 X15.2848 Y40.1004
G01 X15.2818 Y40.0923
G01 X15.2804 Y40.0851
G01 X15.2800 Y40.0790
G01 X15.2800 Y39.9024
G01 X15.2753 Y39.8989
G01 X15.2710 Y39.8946
G01 X15.2671 Y39.8898
G01 X15.2639 Y39.8846
G01 X15.2614 Y39.8790
G01 X15.2595 Y39.8731
G01 X15.2584 Y39.8671
G01 X15.2580 Y39.8610
G00 Z2.0000
G00 X15.8810 Y43.6300
G01 F60.00
G01 Z-0.0000
G01 F60.00
G01 X15.8810 Y43.3248
G01 X15.8817 Y43.3174
G01 X15.8839 Y43.3091
G01 X15.8869 Y43.3024
G01 X15.8916 Y43.2952
G01 X15.8957 Y43.2906
G01 X16.9437 Y42.2436
G01 X16.9512 Y42.2374
G01 X16.9587 Y42.2333
G01 X16.9645 Y42.2312
G01 X16.9693 Y42.2300
G01 X16.9790 Y42.2290
G01 X19.5510 Y42.2290
G01 X19.5510 Y42.0790
G01 X19.5514 Y42.0729
G01 X19.5525 Y42.0669
G01 X19.5548 Y42.0599
G01 X19.5588 Y42.0523
G01 X19.5640 Y42.0454
G01 X19.5702 Y42.0396
G01 X19.5764 Y42.0355
G01 X19.5842 Y42.0319
G01 X19.5925 Y42.0297
G01 X19.6010 Y42.0290
G01 X19.8665 Y42.0291
G01 X19.8750 Y42.0302
G01 X19.8831 Y42.0328
G01 X19.8908 Y42.0368
G01 X19.8967 Y42.0411
G01 X21.3944 Y43.5397
G01 X21.4006 Y43.5473
G01 X21.4052 Y43.5559
G01 X21.4081 Y43.5653
G01 X21.4090 Y43.5751
G01 X21.4087 Y43.5800
G01 X21.4078 Y43.5861
G01 X21.4046 Y43.5954
G01 X21.3998 Y43.6039
G01 X21.3967 Y43.6078
G01 X21.3924 Y43.6122
G01 X21.3845 Y43.6180
G01 X21.3756 Y43.6222
G01 X21.3673 Y43.6243
G01 X21.3532 Y43.6260
G01 X19.9360 Y43.6260
G01 X19.9187 Y43.6250
G01 X19.9020 Y43.6260
G01 X16.6540 Y43.6260
G01 X16.6352 Y43.6251
G01 X16.4903 Y43.6375
G01 X16.4745 Y43.6413
G01 X16.4610 Y43.6425
G01 X16.4371 Y43.6495
G01 X16.3460 Y43.6718
G01 X16.3339 Y43.6767
G01 X16.3281 Y43.6785
G01 X16.3221 Y43.6796
G01 X16.3160 Y43.6800
G01 X15.9310 Y43.6800
G01 X15.9249 Y43.6796
G01 X15.9153 Y43.6775
G01 X15.9074 Y43.6741
G01 X15.9002 Y43.6694
G01 X15.8940 Y43.6636
G01 X15.8888 Y43.6567
G01 X15.8844 Y43.6480
G01 X15.8817 Y43.6385
G01 X15.8810 Y43.6300
G00 Z2.0000
G00 X24.2351 Y43.4381
G01 F60.00
G01 Z-0.0000
G01 F60.00
G01 X24.2351 Y42.5369
G01 X24.2358 Y42.5296
G01 X24.2373 Y42.5236
G01 X24.2399 Y42.5167
G01 X24.2435 Y42.5103
G01 X24.2481 Y42.5045
G01 X24.2524 Y42.5002
G01 X24.2584 Y42.4959
G01 X24.2648 Y42.4924
G01 X24.2741 Y42.4893
G01 X24.2790 Y42.4885
G01 X24.2851 Y42.4881
G01 X26.2863 Y42.4881
G01 X26.2936 Y42.4888
G01 X26.3008 Y42.4906
G01 X26.3076 Y42.4934
G01 X26.3129 Y42.4965
G01 X26.3187 Y42.5011
G01 X26.3238 Y42.5064
G01 X26.3280 Y42.5124
G01 X26.3308 Y42.5178
G01 X26.3329 Y42.5236
G01 X26.3341 Y42.5283
G01 X26.3351 Y42.5381
G01 X26.3351 Y43.4393
G01 X26.3344 Y43.4466
G01 X26.3329 Y43.4526
G01 X26.3303 Y43.4595
G01 X26.3267 Y43.4659
G01 X26.3221 Y43.4717
G01 X26.3178 Y43.4760
G01 X26.3118 Y43.4803
G01 X26.3054 Y43.4838
G01 X26.2961 Y43.4869
G01 X26.2912 Y43.4877
G01 X26.2851 Y43.4881
G01 X24.2839 Y43.4881
G01 X24.2741 Y43.4869
G01 X24.2648 Y43.4838
G01 X24.2573 Y43.4797
G01 X24.2497 Y43.4735
G01 X24.2435 Y43.4659
G01 X24.2389 Y43.4572
G01 X24.2361 Y43.4479
G01 X24.2351 Y43.4381
G00 Z2.0000
G00 X24.2351 Y42.1681
G01 F60.00
G01 Z-0.0000
G01 F60.00
G01 X24.2351 Y41.2669
G01 X24.2358 Y41.2596
G01 X24.2373 Y41.2536
G01 X24.2399 Y41.2467
G01 X24.2435 Y41.2403
G01 X24.2481 Y41.2345
G01 X24.2524 Y41.2302
G01 X24.2584 Y41.2259
G01 X24.2648 Y41.2224
G01 X24.2741 Y41.2193
G01 X24.2790 Y41.2185
G01 X24.2851 Y41.2181
G01 X26.2863 Y41.2181
G01 X26.2936 Y41.2188
G01 X26.3008 Y41.2206
G01 X26.3076 Y41.2234
G01 X26.3129 Y41.2265
G01 X26.3187 Y41.2311
G01 X26.3238 Y41.2364
G01 X26.3280 Y41.2424
G01 X26.3308 Y41.2478
G01 X26.3329 Y41.2536
G01 X26.3341 Y41.2583
G01 X26.3351 Y41.2681
G01 X26.3351 Y42.1693
G01 X26.3344 Y42.1766
G01 X26.3329 Y42.1826
G01 X26.3303 Y42.1895
G01 X26.3267 Y42.1959
G01 X26.3221 Y42.2017
G01 X26.3178 Y42.2060
G01 X26.3118 Y42.2103
G01 X26.3054 Y42.2138
G01 X26.2961 Y42.2169
G01 X26.2912 Y42.2177
G01 X26.2851 Y42.2181
G01 X24.2839 Y42.2181
G01 X24.2741 Y42.2169
G01 X24.2648 Y42.2138
G01 X24.2573 Y42.2097
G01 X24.2497 Y42.2035
G01 X24.2435 Y42.1959
G01 X24.2389 Y42.1872
G01 X24.2361 Y42.1779
G01 X24.2351 Y42.1681
G00 Z2.0000
G00 X26.3351 Y39.9981
G01 F60.00
G01 Z-0.0000
G01 F60.00
G01 X26.3351 Y40.8993
G01 X26.3344 Y40.9066
G01 X26.3329 Y40.9126
G01 X26.3303 Y40.9195
G01 X26.3267 Y40.9259
G01 X26.3221 Y40.9317
G01 X26.3178 Y40.9360
G01 X26.3118 Y40.9403
G01 X26.3054 Y40.9438
G01 X26.2961 Y40.9469
G01 X26.2912 Y40.9477
G01 X26.2851 Y40.9481
G01 X24.2839 Y40.9481
G01 X24.2766 Y40.9474
G01 X24.2694 Y40.9456
G01 X24.2626 Y40.9428
G01 X24.2573 Y40.9397
G01 X24.2515 Y40.9351
G01 X24.2464 Y40.9298
G01 X24.2422 Y40.9238
G01 X24.2394 Y40.9184
G01 X24.2373 Y40.9126
G01 X24.2361 Y40.9079
G01 X24.2351 Y40.8981
G01 X24.2351 Y39.9969
G01 X24.2358 Y39.9896
G01 X24.2373 Y39.9836
G01 X24.2399 Y39.9767
G01 X24.2435 Y39.9703
G01 X24.2481 Y39.9645
G01 X24.2524 Y39.9602
G01 X24.2584 Y39.9559
G01 X24.2648 Y39.9524
G01 X24.2741 Y39.9493
G01 X24.2790 Y39.9485
G01 X24.2851 Y39.9481
G01 X26.2863 Y39.9481
G01 X26.2961 Y39.9493
G01 X26.3054 Y39.9524
G01 X26.3129 Y39.9565
G01 X26.3205 Y39.9627
G01 X26.3267 Y39.9703
G01 X26.3313 Y39.9790
G01 X26.3341 Y39.9883
G01 X26.3351 Y39.9981
G00 Z2.0000
G00 X26.3351 Y38.7281
G01 F60.00
G01 Z-0.0000
G01 F60.00
G01 X26.3351 Y39.6293
G01 X26.3344 Y39.6366
G01 X26.3329 Y39.6426
G01 X26.3303 Y39.6495
G01 X26.3267 Y39.6559
G01 X26.3221 Y39.6617
G01 X26.3178 Y39.6660
G01 X26.3118 Y39.6703
G01 X26.3054 Y39.6738
G01 X26.2961 Y39.6769
G01 X26.2912 Y39.6777
G01 X26.2851 Y39.6781
G01 X24.2839 Y39.6781
G01 X24.2766 Y39.6774
G01 X24.2694 Y39.6756
G01 X24.2626 Y39.6728
G01 X24.2573 Y39.6697
G01 X24.2515 Y39.6651
G01 X24.2464 Y39.6598
G01 X24.2422 Y39.6538
G01 X24.2394 Y39.6484
G01 X24.2373 Y39.6426
G01 X24.2361 Y39.6379
G01 X24.2351 Y39.6281
G01 X24.2351 Y38.7269
G01 X24.2358 Y38.7196
G01 X24.2373 Y38.7136
G01 X24.2399 Y38.7067
G01 X24.2435 Y38.7003
G01 X24.2481 Y38.6945
G01 X24.2524 Y38.6902
G01 X24.2584 Y38.6859
G01 X24.2648 Y38.6824
G01 X24.2741 Y38.6793
G01 X24.2790 Y38.6785
G01 X24.2851 Y38.6781
G01 X26.2863 Y38.6781
G01 X26.2961 Y38.6793
G01 X26.3054 Y38.6824
G01 X26.3129 Y38.6865
G01 X26.3205 Y38.6927
G01 X26.3267 Y38.7003
G01 X26.3313 Y38.7090
G01 X26.3341 Y38.7183
G01 X26.3351 Y38.7281
G00 Z2.0000
G00 X26.3351 Y37.4581
G01 F60.00
G01 Z-0.0000
G01 F60.00
G01 X26.3351 Y38.3593
G01 X26.3344 Y38.3666
G01 X26.3329 Y38.3726
G01 X26.3303 Y38.3795
G01 X26.3267 Y38.3859
G01 X26.3221 Y38.3917
G01 X26.3178 Y38.3960
G01 X26.3118 Y38.4003
G01 X26.3054 Y38.4038
G01 X26.2961 Y38.4069
G01 X26.2912 Y38.4077
G01 X26.2851 Y38.4081
G01 X24.2839 Y38.4081
G01 X24.2766 Y38.4074
G01 X24.2694 Y38.4056
G01 X24.2626 Y38.4028
G01 X24.2573 Y38.3997
G01 X24.2515 Y38.3951
G01 X24.2464 Y38.3898
G01 X24.2422 Y38.3838
G01 X24.2394 Y38.3784
G01 X24.2373 Y38.3726
G01 X24.2361 Y38.3679
G01 X24.2351 Y38.3581
G01 X24.2351 Y37.4569
G01 X24.2358 Y37.4496
G01 X24.2373 Y37.4436
G01 X24.2399 Y37.4367
G01 X24.2435 Y37.4303
G01 X24.2481 Y37.4245
G01 X24.2524 Y37.4202
G01 X24.2584 Y37.4159
G01 X24.2648 Y37.4124
G01 X24.2741 Y37.4093
G01 X24.2790 Y37.4085
G01 X24.2851 Y37.4081
G01 X26.2863 Y37.4081
G01 X26.2961 Y37.4093
G01 X26.3054 Y37.4124
G01 X26.3129 Y37.4165
G01 X26.3205 Y37.4227
G01 X26.3267 Y37.4303
G01 X26.3313 Y37.4390
G01 X26.3341 Y37.4483
G01 X26.3351 Y37.4581
G00 Z2.0000
G00 X29.8350 Y36.3480
G01 F60.00
G01 Z-0.0000
G01 F60.00
G01 X35.7350 Y36.3480
G01 X35.7350 Y42.2480
G01 X29.8350 Y42.2480
G01 X29.8350 Y36.3480
G00 Z2.0000
G00 X26.3351 Y33.6481
G01 F60.00
G01 Z-0.0000
G01 F60.00
G01 X26.3351 Y34.5493
G01 X26.3344 Y34.5566
G01 X26.3329 Y34.5626
G01 X26.3303 Y34.5695
G01 X26.3267 Y34.5759
G01 X26.3221 Y34.5817
G01 X26.3178 Y34.5860
G01 X26.3118 Y34.5903
G01 X26.3054 Y34.5938
G01 X26.2961 Y34.5969
G01 X26.2912 Y34.5977
G01 X26.2851 Y34.5981
G01 X24.2839 Y34.5981
G01 X24.2766 Y34.5974
G01 X24.2694 Y34.5956
G01 X24.2626 Y34.5928
G01 X24.2573 Y34.5897
G01 X24.2515 Y34.5851
G01 X24.2464 Y34.5798
G01 X24.2422 Y34.5738
G01 X24.2394 Y34.5684
G01 X24.2373 Y34.5626
G01 X24.2361 Y34.5579
G01 X24.2351 Y34.5481
G01 X24.2351 Y33.6469
G01 X24.2358 Y33.6396
G01 X24.2373 Y33.6336
G01 X24.2399 Y33.6267
G01 X24.2435 Y33.6203
G01 X24.2481 Y33.6145
G01 X24.2524 Y33.6102
G01 X24.2584 Y33.6059
G01 X24.2648 Y33.6024
G01 X24.2741 Y33.5993
G01 X24.2790 Y33.5985
G01 X24.2851 Y33.5981
G01 X26.2863 Y33.5981
G01 X26.2961 Y33.5993
G01 X26.3054 Y33.6024
G01 X26.3129 Y33.6065
G01 X26.3205 Y33.6127
G01 X26.3267 Y33.6203
G01 X26.3313 Y33.6290
G01 X26.3341 Y33.6383
G01 X26.3351 Y33.6481
G00 Z2.0000
G00 X26.3351 Y32.3781
G01 F60.00
G01 Z-0.0000
G01 F60.00
G01 X26.3351 Y33.2793
G01 X26.3344 Y33.2866
G01 X26.3329 Y33.2926
G01 X26.3303 Y33.2995
G01 X26.3267 Y33.3059
G01 X26.3221 Y33.3117
G01 X26.3178 Y33.3160
G01 X26.3118 Y33.3203
G01 X26.3054 Y33.3238
G01 X26.2961 Y33.3269
G01 X26.2912 Y33.3277
G01 X26.2851 Y33.3281
G01 X24.2839 Y33.3281
G01 X24.2766 Y33.3274
G01 X24.2694 Y33.3256
G01 X24.2626 Y33.3228
G01 X24.2573 Y33.3197
G01 X24.2515 Y33.3151
G01 X24.2464 Y33.3098
G01 X24.2422 Y33.3038
G01 X24.2394 Y33.2984
G01 X24.2373 Y33.2926
G01 X24.2361 Y33.2879
G01 X24.2351 Y33.2781
G01 X24.2351 Y32.3769
G01 X24.2358 Y32.3696
G01 X24.2373 Y32.3636
G01 X24.2399 Y32.3567
G01 X24.2435 Y32.3503
G01 X24.2481 Y32.3445
G01 X24.2524 Y32.3402
G01 X24.2584 Y32.3359
G01 X24.2648 Y32.3324
G01 X24.2741 Y32.3293
G01 X24.2790 Y32.3285
G01 X24.2851 Y32.3281
G01 X26.2863 Y32.3281
G01 X26.2961 Y32.3293
G01 X26.3054 Y32.3324
G01 X26.3129 Y32.3365
G01 X26.3205 Y32.3427
G01 X26.3267 Y32.3503
G01 X26.3313 Y32.3590
G01 X26.3341 Y32.3683
G01 X26.3351 Y32.3781
G00 Z2.0000
G00 X26.3351 Y31.1081
G01 F60.00
G01 Z-0.0000
G01 F60.00
G01 X26.3351 Y32.0093
G01 X26.3344 Y32.0166
G01 X26.3329 Y32.0226
G01 X26.3303 Y32.0295
G01 X26.3267 Y32.0359
G01 X26.3221 Y32.0417
G01 X26.3178 Y32.0460
G01 X26.3118 Y32.0503
G01 X26.3054 Y32.0538
G01 X26.2961 Y32.0569
G01 X26.2912 Y32.0577
G01 X26.2851 Y32.0581
G01 X24.2839 Y32.0581
G01 X24.2766 Y32.0574
G01 X24.2694 Y32.0556
G01 X24.2626 Y32.0528
G01 X24.2573 Y32.0497
G01 X24.2515 Y32.0451
G01 X24.2464 Y32.0398
G01 X24.2422 Y32.0338
G01 X24.2394 Y32.0284
G01 X24.2373 Y32.0226
G01 X24.2361 Y32.0179
G01 X24.2351 Y32.0081
G01 X24.2351 Y31.1069
G01 X24.2358 Y31.0996
G01 X24.2376 Y31.0924
G01 X24.2404 Y31.0856
G01 X24.2435 Y31.0803
G01 X24.2481 Y31.0745
G01 X24.2534 Y31.0694
G01 X24.2594 Y31.0652
G01 X24.2648 Y31.0624
G01 X24.2741 Y31.0593
G01 X24.2802 Y31.0583
G01 X24.2851 Y31.0581
G01 X26.2863 Y31.0581
G01 X26.2961 Y31.0593
G01 X26.3054 Y31.0624
G01 X26.3139 Y31.0672
G01 X26.3213 Y31.0736
G01 X26.3273 Y31.0814
G01 X26.3317 Y31.0901
G01 X26.3344 Y31.0996
G01 X26.3351 Y31.1081
G00 Z2.0000
G00 X26.3351 Y29.8381
G01 F60.00
G01 Z-0.0000
G01 F60.00
G01 X26.3351 Y30.7393
G01 X26.3344 Y30.7466
G01 X26.3326 Y30.7538
G01 X26.3298 Y30.7606
G01 X26.3267 Y30.7659
G01 X26.3221 Y30.7717
G01 X26.3168 Y30.7768
G01 X26.3108 Y30.7810
G01 X26.3054 Y30.7838
G01 X26.2961 Y30.7869
G01 X26.2900 Y30.7879
G01 X26.2851 Y30.7881
G01 X24.2839 Y30.7881
G01 X24.2766 Y30.7874
G01 X24.2694 Y30.7856
G01 X24.2626 Y30.7828
G01 X24.2573 Y30.7797
G01 X24.2515 Y30.7751
G01 X24.2464 Y30.7698
G01 X24.2422 Y30.7638
G01 X24.2394 Y30.7584
G01 X24.2363 Y30.7491
G01 X24.2353 Y30.7430
G01 X24.2351 Y30.7381
G01 X24.2351 Y29.8369
G01 X24.2358 Y29.8296
G01 X24.2376 Y29.8224
G01 X24.2404 Y29.8156
G01 X24.2435 Y29.8103
G01 X24.2481 Y29.8045
G01 X24.2534 Y29.7994
G01 X24.2594 Y29.7952
G01 X24.2648 Y29.7924
G01 X24.2741 Y29.7893
G01 X24.2802 Y29.7883
G01 X24.2851 Y29.7881
G01 X26.2863 Y29.7881
G01 X26.2961 Y29.7893
G01 X26.3054 Y29.7924
G01 X26.3139 Y29.7972
G01 X26.3213 Y29.8036
G01 X26.3273 Y29.8114
G01 X26.3317 Y29.8201
G01 X26.3344 Y29.8296
G01 X26.3351 Y29.8381
G00 Z2.0000
G00 X28.5201 Y30.3381
G01 F60.00
G01 Z-0.0000
G01 F60.00
G01 X28.5299 Y30.3371
G01 X28.5392 Y30.3343
G01 X28.5479 Y30.3297
G01 X28.5555 Y30.3235
G01 X28.5610 Y30.3169
G01 X28.5658 Y30.3084
G01 X28.5689 Y30.2991
G01 X28.5701 Y30.2893
G01 X28.5703 Y27.8380
G01 X40.4000 Y27.8380
G01 X40.4000 Y30.7380
G01 X28.4400 Y30.7380
G01 X28.4400 Y30.3381
G01 X28.5201 Y30.3381
G00 Z2.0000
G00 X28.8401 Y30.2881
G01 F60.00
G01 Z-0.0000
G01 F60.00
G01 X28.8401 Y28.2881
G01 X28.8403 Y28.2832
G01 X28.8413 Y28.2771
G01 X28.8426 Y28.2724
G01 X28.8449 Y28.2667
G01 X28.8479 Y28.2614
G01 X28.8522 Y28.2554
G01 X28.8565 Y28.2511
G01 X28.8623 Y28.2465
G01 X28.8676 Y28.2434
G01 X28.8744 Y28.2406
G01 X28.8816 Y28.2388
G01 X28.8889 Y28.2381
G01 X29.7901 Y28.2381
G01 X29.7950 Y28.2383
G01 X29.8011 Y28.2393
G01 X29.8058 Y28.2406
G01 X29.8115 Y28.2429
G01 X29.8168 Y28.2459
G01 X29.8228 Y28.2502
G01 X29.8280 Y28.2554
G01 X29.8323 Y28.2614
G01 X29.8358 Y28.2678
G01 X29.8383 Y28.2748
G01 X29.8396 Y28.2808
G01 X29.8401 Y28.2881
G01 X29.8401 Y30.2881
G01 X29.8399 Y30.2930
G01 X29.8389 Y30.2991
G01 X29.8376 Y30.3038
G01 X29.8353 Y30.3095
G01 X29.8323 Y30.3148
G01 X29.8280 Y30.3208
G01 X29.8237 Y30.3251
G01 X29.8179 Y30.3297
G01 X29.8126 Y30.3328
G01 X29.8058 Y30.3356
G01 X29.7986 Y30.3374
G01 X29.7913 Y30.3381
G01 X28.8889 Y30.3381
G01 X28.8791 Y30.3369
G01 X28.8698 Y30.3338
G01 X28.8613 Y30.3290
G01 X28.8539 Y30.3226
G01 X28.8479 Y30.3148
G01 X28.8435 Y30.3061
G01 X28.8408 Y30.2966
G01 X28.8401 Y30.2881
G00 Z2.0000
G00 X30.1101 Y30.2881
G01 F60.00
G01 Z-0.0000
G01 F60.00
G01 X30.1101 Y28.2881
G01 X30.1103 Y28.2832
G01 X30.1113 Y28.2771
G01 X30.1126 Y28.2724
G01 X30.1149 Y28.2667
G01 X30.1179 Y28.2614
G01 X30.1222 Y28.2554
G01 X30.1265 Y28.2511
G01 X30.1323 Y28.2465
G01 X30.1376 Y28.2434
G01 X30.1444 Y28.2406
G01 X30.1516 Y28.2388
G01 X30.1589 Y28.2381
G01 X31.0601 Y28.2381
G01 X31.0650 Y28.2383
G01 X31.0711 Y28.2393
G01 X31.0758 Y28.2406
G01 X31.0815 Y28.2429
G01 X31.0868 Y28.2459
G01 X31.0928 Y28.2502
G01 X31.0980 Y28.2554
G01 X31.1023 Y28.2614
G01 X31.1058 Y28.2678
G01 X31.1083 Y28.2748
G01 X31.1096 Y28.2808
G01 X31.1101 Y28.2881
G01 X31.1101 Y30.2881
G01 X31.1099 Y30.2930
G01 X31.1089 Y30.2991
G01 X31.1076 Y30.3038
G01 X31.1053 Y30.3095
G01 X31.1023 Y30.3148
G01 X31.0980 Y30.3208
G01 X31.0937 Y30.3251
G01 X31.0879 Y30.3297
G01 X31.0826 Y30.3328
G01 X31.0758 Y30.3356
G01 X31.0686 Y30.3374
G01 X31.0613 Y30.3381
G01 X30.1589 Y30.3381
G01 X30.1491 Y30.3369
G01 X30.1398 Y30.3338
G01 X30.1313 Y30.3290
G01 X30.1239 Y30.3226
G01 X30.1179 Y30.3148
G01 X30.1135 Y30.3061
G01 X30.1108 Y30.2966
G01 X30.1101 Y30.2881
G00 Z2.0000
G00 X31.3801 Y30.2881
G01 F60.00
G01 Z-0.0000
G01 F60.00
G01 X31.3801 Y28.2881
G01 X31.3803 Y28.2832
G01 X31.3813 Y28.2771
G01 X31.3826 Y28.2724
G01 X31.3849 Y28.2667
G01 X31.3879 Y28.2614
G01 X31.3922 Y28.2554
G01 X31.3965 Y28.2511
G01 X31.4023 Y28.2465
G01 X31.4076 Y28.2434
G01 X31.4144 Y28.2406
G01 X31.4216 Y28.2388
G01 X31.4289 Y28.2381
G01 X32.3301 Y28.2381
G01 X32.3350 Y28.2383
G01 X32.3411 Y28.2393
G01 X32.3469 Y28.2410
G01 X32.3515 Y28.2429
G01 X32.3579 Y28.2465
G01 X32.3637 Y28.2511
G01 X32.3680 Y28.2554
G01 X32.3723 Y28.2614
G01 X32.3758 Y28.2678
G01 X32.3783 Y28.2748
G01 X32.3797 Y28.2820
G01 X32.3801 Y28.2881
G01 X32.3801 Y30.2881
G01 X32.3797 Y30.2942
G01 X32.3789 Y30.2991
G01 X32.3772 Y30.3049
G01 X32.3753 Y30.3095
G01 X32.3717 Y30.3159
G01 X32.3680 Y30.3208
G01 X32.3628 Y30.3260
G01 X32.3568 Y30.3303
G01 X32.3515 Y30.3333
G01 X32.3446 Y30.3359
G01 X32.3386 Y30.3374
G01 X32.3313 Y30.3381
G01 X31.4289 Y30.3381
G01 X31.4191 Y30.3369
G01 X31.4098 Y30.3338
G01 X31.4013 Y30.3290
G01 X31.3939 Y30.3226
G01 X31.3879 Y30.3148
G01 X31.3835 Y30.3061
G01 X31.3808 Y30.2966
G01 X31.3801 Y30.2881
G00 Z2.0000
G00 X32.6501 Y30.2881
G01 F60.00
G01 Z-0.0000
G01 F60.00
G01 X32.6501 Y28.2881
G01 X32.6505 Y28.2820
G01 X32.6513 Y28.2771
G01 X32.6530 Y28.2713
G01 X32.6549 Y28.2667
G01 X32.6585 Y28.2603
G01 X32.6622 Y28.2554
G01 X32.6674 Y28.2502
G01 X32.6734 Y28.2459
G01 X32.6787 Y28.2429
G01 X32.6856 Y28.2403
G01 X32.6928 Y28.2386
G01 X32.6989 Y28.2381
G01 X33.6001 Y28.2381
G01 X33.6050 Y28.2383
G01 X33.6111 Y28.2393
G01 X33.6169 Y28.2410
G01 X33.6215 Y28.2429
G01 X33.6279 Y28.2465
G01 X33.6337 Y28.2511
G01 X33.6380 Y28.2554
G01 X33.6423 Y28.2614
G01 X33.6458 Y28.2678
G01 X33.6483 Y28.2748
G01 X33.6497 Y28.2820
G01 X33.6501 Y28.2881
G01 X33.6501 Y30.2881
G01 X33.6497 Y30.2942
G01 X33.6489 Y30.2991
G01 X33.6472 Y30.3049
G01 X33.6453 Y30.3095
G01 X33.6417 Y30.3159
G01 X33.6380 Y30.3208
G01 X33.6328 Y30.3260
G01 X33.6268 Y30.3303
G01 X33.6215 Y30.3333
G01 X33.6146 Y30.3359
G01 X33.6086 Y30.3374
G01 X33.6013 Y30.3381
G01 X32.6989 Y30.3381
G01 X32.6903 Y30.3371
G01 X32.6810 Y30.3343
G01 X32.6723 Y30.3297
G01 X32.6647 Y30.3235
G01 X32.6585 Y30.3159
G01 X32.6539 Y30.3072
G01 X32.6511 Y30.2979
G01 X32.6501 Y30.2881
G00 Z2.0000
G00 X33.9201 Y30.2881
G01 F60.00
G01 Z-0.0000
G01 F60.00
G01 X33.9201 Y28.2881
G01 X33.9205 Y28.2820
G01 X33.9213 Y28.2771
G01 X33.9230 Y28.2713
G01 X33.9249 Y28.2667
G01 X33.9285 Y28.2603
G01 X33.9322 Y28.2554
G01 X33.9374 Y28.2502
G01 X33.9434 Y28.2459
G01 X33.9487 Y28.2429
G01 X33.9556 Y28.2403
G01 X33.9628 Y28.2386
G01 X33.9689 Y28.2381
G01 X34.8701 Y28.2381
G01 X34.8750 Y28.2383
G01 X34.8811 Y28.2393
G01 X34.8869 Y28.2410
G01 X34.8915 Y28.2429
G01 X34.8979 Y28.2465
G01 X34.9037 Y28.2511
G01 X34.9080 Y28.2554
G01 X34.9123 Y28.2614
G01 X34.9158 Y28.2678
G01 X34.9183 Y28.2748
G01 X34.9197 Y28.2820
G01 X34.9201 Y28.2881
G01 X34.9201 Y30.2881
G01 X34.9197 Y30.2942
G01 X34.9189 Y30.2991
G01 X34.9172 Y30.3049
G01 X34.9153 Y30.3095
G01 X34.9117 Y30.3159
G01 X34.9080 Y30.3208
G01 X34.9028 Y30.3260
G01 X34.8968 Y30.3303
G01 X34.8915 Y30.3333
G01 X34.8846 Y30.3359
G01 X34.8786 Y30.3374
G01 X34.8713 Y30.3381
G01 X33.9689 Y30.3381
G01 X33.9603 Y30.3371
G01 X33.9510 Y30.3343
G01 X33.9423 Y30.3297
G01 X33.9347 Y30.3235
G01 X33.9285 Y30.3159
G01 X33.9239 Y30.3072
G01 X33.9211 Y30.2979
G01 X33.9201 Y30.2881
G00 Z2.0000
G00 X35.1901 Y30.2881
G01 F60.00
G01 Z-0.0000
G01 F60.00
G01 X35.1901 Y28.2881
G01 X35.1905 Y28.2820
G01 X35.1913 Y28.2771
G01 X35.1930 Y28.2713
G01 X35.1949 Y28.2667
G01 X35.1985 Y28.2603
G01 X35.2022 Y28.2554
G01 X35.2074 Y28.2502
G01 X35.2134 Y28.2459
G01 X35.2187 Y28.2429
G01 X35.2256 Y28.2403
G01 X35.2328 Y28.2386
G01 X35.2389 Y28.2381
G01 X36.1401 Y28.2381
G01 X36.1450 Y28.2383
G01 X36.1511 Y28.2393
G01 X36.1569 Y28.2410
G01 X36.1615 Y28.2429
G01 X36.1679 Y28.2465
G01 X36.1737 Y28.2511
G01 X36.1780 Y28.2554
G01 X36.1823 Y28.2614
G01 X36.1858 Y28.2678
G01 X36.1883 Y28.2748
G01 X36.1897 Y28.2820
G01 X36.1901 Y28.2881
G01 X36.1901 Y30.2881
G01 X36.1897 Y30.2942
G01 X36.1889 Y30.2991
G01 X36.1872 Y30.3049
G01 X36.1853 Y30.3095
G01 X36.1817 Y30.3159
G01 X36.1780 Y30.3208
G01 X36.1728 Y30.3260
G01 X36.1668 Y30.3303
G01 X36.1615 Y30.3333
G01 X36.1546 Y30.3359
G01 X36.1486 Y30.3374
G01 X36.1413 Y30.3381
G01 X35.2389 Y30.3381
G01 X35.2303 Y30.3371
G01 X35.2210 Y30.3343
G01 X35.2123 Y30.3297
G01 X35.2047 Y30.3235
G01 X35.1985 Y30.3159
G01 X35.1939 Y30.3072
G01 X35.1911 Y30.2979
G01 X35.1901 Y30.2881
G00 Z2.0000
G00 X36.4601 Y30.2881
G01 F60.00
G01 Z-0.0000
G01 F60.00
G01 X36.4601 Y28.2881
G01 X36.4605 Y28.2820
G01 X36.4613 Y28.2771
G01 X36.4630 Y28.2713
G01 X36.4649 Y28.2667
G01 X36.4685 Y28.2603
G01 X36.4722 Y28.2554
G01 X36.4774 Y28.2502
G01 X36.4834 Y28.2459
G01 X36.4887 Y28.2429
G01 X36.4956 Y28.2403
G01 X36.5028 Y28.2386
G01 X36.5089 Y28.2381
G01 X37.4101 Y28.2381
G01 X37.4150 Y28.2383
G01 X37.4211 Y28.2393
G01 X37.4269 Y28.2410
G01 X37.4315 Y28.2429
G01 X37.4379 Y28.2465
G01 X37.4437 Y28.2511
G01 X37.4480 Y28.2554
G01 X37.4523 Y28.2614
G01 X37.4558 Y28.2678
G01 X37.4583 Y28.2748
G01 X37.4597 Y28.2820
G01 X37.4601 Y28.2881
G01 X37.4601 Y30.2881
G01 X37.4597 Y30.2942
G01 X37.4589 Y30.2991
G01 X37.4572 Y30.3049
G01 X37.4553 Y30.3095
G01 X37.4517 Y30.3159
G01 X37.4480 Y30.3208
G01 X37.4428 Y30.3260
G01 X37.4368 Y30.3303
G01 X37.4315 Y30.3333
G01 X37.4246 Y30.3359
G01 X37.4186 Y30.3374
G01 X37.4113 Y30.3381
G01 X36.5089 Y30.3381
G01 X36.5003 Y30.3371
G01 X36.4910 Y30.3343
G01 X36.4823 Y30.3297
G01 X36.4747 Y30.3235
G01 X36.4685 Y30.3159
G01 X36.4639 Y30.3072
G01 X36.4611 Y30.2979
G01 X36.4601 Y30.2881
G00 Z2.0000
G00 X37.7801 Y28.2381
G01 F60.00
G01 Z-0.0000
G01 F60.00
G01 X38.6813 Y28.2381
G01 X38.6886 Y28.2388
G01 X38.6946 Y28.2403
G01 X38.7015 Y28.2429
G01 X38.7079 Y28.2465
G01 X38.7137 Y28.2511
G01 X38.7180 Y28.2554
G01 X38.7223 Y28.2614
G01 X38.7258 Y28.2678
G01 X38.7289 Y28.2771
G01 X38.7297 Y28.2820
G01 X38.7301 Y28.2881
G01 X38.7301 Y30.2893
G01 X38.7294 Y30.2966
G01 X38.7276 Y30.3038
G01 X38.7248 Y30.3106
G01 X38.7217 Y30.3159
G01 X38.7171 Y30.3217
G01 X38.7118 Y30.3268
G01 X38.7058 Y30.3310
G01 X38.7004 Y30.3338
G01 X38.6946 Y30.3359
G01 X38.6899 Y30.3371
G01 X38.6801 Y30.3381
G01 X37.7789 Y30.3381
G01 X37.7716 Y30.3374
G01 X37.7656 Y30.3359
G01 X37.7587 Y30.3333
G01 X37.7523 Y30.3297
G01 X37.7465 Y30.3251
G01 X37.7422 Y30.3208
G01 X37.7379 Y30.3148
G01 X37.7344 Y30.3084
G01 X37.7313 Y30.2991
G01 X37.7305 Y30.2942
G01 X37.7301 Y30.2881
G01 X37.7301 Y28.2869
G01 X37.7313 Y28.2771
G01 X37.7344 Y28.2678
G01 X37.7385 Y28.2603
G01 X37.7447 Y28.2527
G01 X37.7523 Y28.2465
G01 X37.7610 Y28.2419
G01 X37.7703 Y28.2391
G01 X37.7801 Y28.2381
G00 Z2.0000
G00 X39.0001 Y30.2881
G01 F60.00
G01 Z-0.0000
G01 F60.00
G01 X39.0001 Y28.2881
G01 X39.0005 Y28.2820
G01 X39.0013 Y28.2771
G01 X39.0030 Y28.2713
G01 X39.0049 Y28.2667
G01 X39.0085 Y28.2603
G01 X39.0122 Y28.2554
G01 X39.0174 Y28.2502
G01 X39.0234 Y28.2459
G01 X39.0287 Y28.2429
G01 X39.0356 Y28.2403
G01 X39.0428 Y28.2386
G01 X39.0489 Y28.2381
G01 X39.9501 Y28.2381
G01 X39.9550 Y28.2383
G01 X39.9611 Y28.2393
G01 X39.9669 Y28.2410
G01 X39.9715 Y28.2429
G01 X39.9779 Y28.2465
G01 X39.9837 Y28.2511
G01 X39.9880 Y28.2554
G01 X39.9923 Y28.2614
G01 X39.9958 Y28.2678
G01 X39.9983 Y28.2748
G01 X39.9997 Y28.2820
G01 X40.0001 Y28.2881
G01 X40.0001 Y30.2881
G01 X39.9997 Y30.2942
G01 X39.9989 Y30.2991
G01 X39.9972 Y30.3049
G01 X39.9953 Y30.3095
G01 X39.9917 Y30.3159
G01 X39.9880 Y30.3208
G01 X39.9828 Y30.3260
G01 X39.9768 Y30.3303
G01 X39.9715 Y30.3333
G01 X39.9646 Y30.3359
G01 X39.9586 Y30.3374
G01 X39.9513 Y30.3381
G01 X39.0489 Y30.3381
G01 X39.0403 Y30.3371
G01 X39.0310 Y30.3343
G01 X39.0223 Y30.3297
G01 X39.0147 Y30.3235
G01 X39.0085 Y30.3159
G01 X39.0039 Y30.3072
G01 X39.0011 Y30.2979
G01 X39.0001 Y30.2881
G00 Z2.0000
G00 X41.2851 Y31.0581
G01 F60.00
G01 Z-0.0000
G01 F60.00
G01 X43.2851 Y31.0581
G01 X43.2900 Y31.0583
G01 X43.2961 Y31.0593
G01 X43.3019 Y31.0610
G01 X43.3065 Y31.0629
G01 X43.3118 Y31.0659
G01 X43.3178 Y31.0702
G01 X43.3221 Y31.0745
G01 X43.3267 Y31.0803
G01 X43.3298 Y31.0856
G01 X43.3326 Y31.0924
G01 X43.3344 Y31.0996
G01 X43.3351 Y31.1069
G01 X43.3351 Y32.0081
G01 X43.3347 Y32.0142
G01 X43.3339 Y32.0191
G01 X43.3322 Y32.0249
G01 X43.3303 Y32.0295
G01 X43.3267 Y32.0359
G01 X43.3221 Y32.0417
G01 X43.3178 Y32.0460
G01 X43.3118 Y32.0503
G01 X43.3054 Y32.0538
G01 X43.2984 Y32.0563
G01 X43.2912 Y32.0577
G01 X43.2851 Y32.0581
G01 X41.2851 Y32.0581
G01 X41.2790 Y32.0577
G01 X41.2741 Y32.0569
G01 X41.2683 Y32.0552
G01 X41.2637 Y32.0533
G01 X41.2573 Y32.0497
G01 X41.2524 Y32.0460
G01 X41.2481 Y32.0417
G01 X41.2435 Y32.0359
G01 X41.2404 Y32.0306
G01 X41.2376 Y32.0238
G01 X41.2358 Y32.0166
G01 X41.2351 Y32.0093
G01 X41.2351 Y31.1069
G01 X41.2363 Y31.0971
G01 X41.2394 Y31.0878
G01 X41.2435 Y31.0803
G01 X41.2497 Y31.0727
G01 X41.2573 Y31.0665
G01 X41.2660 Y31.0619
G01 X41.2753 Y31.0591
G01 X41.2851 Y31.0581
G00 Z2.0000
G00 X41.2851 Y32.3281
G01 F60.00
G01 Z-0.0000
G01 F60.00
G01 X43.2851 Y32.3281
G01 X43.2912 Y32.3285
G01 X43.2961 Y32.3293
G01 X43.3019 Y32.3310
G01 X43.3065 Y32.3329
G01 X43.3129 Y32.3365
G01 X43.3178 Y32.3402
G01 X43.3221 Y32.3445
G01 X43.3267 Y32.3503
G01 X43.3298 Y32.3556
G01 X43.3326 Y32.3624
G01 X43.3344 Y32.3696
G01 X43.3351 Y32.3769
G01 X43.3351 Y33.2781
G01 X43.3347 Y33.2842
G01 X43.3339 Y33.2891
G01 X43.3322 Y33.2949
G01 X43.3303 Y33.2995
G01 X43.3267 Y33.3059
G01 X43.3221 Y33.3117
G01 X43.3178 Y33.3160
G01 X43.3118 Y33.3203
G01 X43.3054 Y33.3238
G01 X43.2984 Y33.3263
G01 X43.2912 Y33.3277
G01 X43.2851 Y33.3281
G01 X41.2851 Y33.3281
G01 X41.2790 Y33.3277
G01 X41.2741 Y33.3269
G01 X41.2683 Y33.3252
G01 X41.2637 Y33.3233
G01 X41.2573 Y33.3197
G01 X41.2524 Y33.3160
G01 X41.2481 Y33.3117
G01 X41.2435 Y33.3059
G01 X41.2404 Y33.3006
G01 X41.2376 Y33.2938
G01 X41.2358 Y33.2866
G01 X41.2351 Y33.2793
G01 X41.2351 Y32.3769
G01 X41.2363 Y32.3671
G01 X41.2394 Y32.3578
G01 X41.2442 Y32.3493
G01 X41.2497 Y32.3427
G01 X41.2573 Y32.3365
G01 X41.2660 Y32.3319
G01 X41.2753 Y32.3291
G01 X41.2851 Y32.3281
G00 Z2.0000
G00 X41.2851 Y33.5981
G01 F60.00
G01 Z-0.0000
G01 F60.00
G01 X43.2851 Y33.5981
G01 X43.2912 Y33.5985
G01 X43.2961 Y33.5993
G01 X43.3019 Y33.6010
G01 X43.3065 Y33.6029
G01 X43.3129 Y33.6065
G01 X43.3178 Y33.6102
G01 X43.3221 Y33.6145
G01 X43.3267 Y33.6203
G01 X43.3298 Y33.6256
G01 X43.3326 Y33.6324
G01 X43.3344 Y33.6396
G01 X43.3351 Y33.6469
G01 X43.3351 Y34.5481
G01 X43.3347 Y34.5542
G01 X43.3339 Y34.5591
G01 X43.3322 Y34.5649
G01 X43.3303 Y34.5695
G01 X43.3267 Y34.5759
G01 X43.3221 Y34.5817
G01 X43.3178 Y34.5860
G01 X43.3118 Y34.5903
G01 X43.3054 Y34.5938
G01 X43.2984 Y34.5963
G01 X43.2912 Y34.5977
G01 X43.2851 Y34.5981
G01 X41.2851 Y34.5981
G01 X41.2790 Y34.5977
G01 X41.2741 Y34.5969
G01 X41.2683 Y34.5952
G01 X41.2637 Y34.5933
G01 X41.2573 Y34.5897
G01 X41.2524 Y34.5860
G01 X41.2481 Y34.5817
G01 X41.2435 Y34.5759
G01 X41.2404 Y34.5706
G01 X41.2376 Y34.5638
G01 X41.2358 Y34.5566
G01 X41.2351 Y34.5493
G01 X41.2351 Y33.6469
G01 X41.2363 Y33.6371
G01 X41.2394 Y33.6278
G01 X41.2442 Y33.6193
G01 X41.2497 Y33.6127
G01 X41.2573 Y33.6065
G01 X41.2660 Y33.6019
G01 X41.2753 Y33.5991
G01 X41.2851 Y33.5981
G00 Z2.0000
G00 X41.2851 Y34.8681
G01 F60.00
G01 Z-0.0000
G01 F60.00
G01 X43.2851 Y34.8681
G01 X43.2912 Y34.8685
G01 X43.2961 Y34.8693
G01 X43.3019 Y34.8710
G01 X43.3065 Y34.8729
G01 X43.3129 Y34.8765
G01 X43.3178 Y34.8802
G01 X43.3221 Y34.8845
G01 X43.3267 Y34.8903
G01 X43.3298 Y34.8956
G01 X43.3326 Y34.9024
G01 X43.3344 Y34.9096
G01 X43.3351 Y34.9169
G01 X43.3351 Y35.8181
G01 X43.3347 Y35.8242
G01 X43.3339 Y35.8291
G01 X43.3322 Y35.8349
G01 X43.3303 Y35.8395
G01 X43.3267 Y35.8459
G01 X43.3221 Y35.8517
G01 X43.3178 Y35.8560
G01 X43.3118 Y35.8603
G01 X43.3054 Y35.8638
G01 X43.2984 Y35.8663
G01 X43.2912 Y35.8677
G01 X43.2851 Y35.8681
G01 X41.2851 Y35.8681
G01 X41.2790 Y35.8677
G01 X41.2741 Y35.8669
G01 X41.2683 Y35.8652
G01 X41.2637 Y35.8633
G01 X41.2573 Y35.8597
G01 X41.2524 Y35.8560
G01 X41.2481 Y35.8517
G01 X41.2435 Y35.8459
G01 X41.2404 Y35.8406
G01 X41.2376 Y35.8338
G01 X41.2358 Y35.8266
G01 X41.2351 Y35.8193
G01 X41.2351 Y34.9169
G01 X41.2363 Y34.9071
G01 X41.2394 Y34.8978
G01 X41.2442 Y34.8893
G01 X41.2497 Y34.8827
G01 X41.2573 Y34.8765
G01 X41.2660 Y34.8719
G01 X41.2753 Y34.8691
G01 X41.2851 Y34.8681
G00 Z2.0000
G00 X41.2851 Y36.1381
G01 F60.00
G01 Z-0.0000
G01 F60.00
G01 X43.2851 Y36.1381
G01 X43.2912 Y36.1385
G01 X43.2961 Y36.1393
G01 X43.3019 Y36.1410
G01 X43.3065 Y36.1429
G01 X43.3129 Y36.1465
G01 X43.3178 Y36.1502
G01 X43.3221 Y36.1545
G01 X43.3267 Y36.1603
G01 X43.3298 Y36.1656
G01 X43.3326 Y36.1724
G01 X43.3344 Y36.1796
G01 X43.3351 Y36.1869
G01 X43.3351 Y37.0881
G01 X43.3347 Y37.0942
G01 X43.3339 Y37.0991
G01 X43.3322 Y37.1049
G01 X43.3303 Y37.1095
G01 X43.3267 Y37.1159
G01 X43.3221 Y37.1217
G01 X43.3178 Y37.1260
G01 X43.3118 Y37.1303
G01 X43.3054 Y37.1338
G01 X43.2984 Y37.1363
G01 X43.2912 Y37.1377
G01 X43.2851 Y37.1381
G01 X41.2851 Y37.1381
G01 X41.2790 Y37.1377
G01 X41.2741 Y37.1369
G01 X41.2683 Y37.1352
G01 X41.2637 Y37.1333
G01 X41.2573 Y37.1297
G01 X41.2524 Y37.1260
G01 X41.2481 Y37.1217
G01 X41.2435 Y37.1159
G01 X41.2404 Y37.1106
G01 X41.2376 Y37.1038
G01 X41.2358 Y37.0966
G01 X41.2351 Y37.0893
G01 X41.2351 Y36.1869
G01 X41.2363 Y36.1771
G01 X41.2394 Y36.1678
G01 X41.2442 Y36.1593
G01 X41.2497 Y36.1527
G01 X41.2573 Y36.1465
G01 X41.2660 Y36.1419
G01 X41.2753 Y36.1391
G01 X41.2851 Y36.1381
G00 Z2.0000
G00 X41.2851 Y37.4081
G01 F60.00
G01 Z-0.0000
G01 F60.00
G01 X43.2851 Y37.4081
G01 X43.2912 Y37.4085
G01 X43.2961 Y37.4093
G01 X43.3019 Y37.4110
G01 X43.3065 Y37.4129
G01 X43.3129 Y37.4165
G01 X43.3178 Y37.4202
G01 X43.3221 Y37.4245
G01 X43.3267 Y37.4303
G01 X43.3298 Y37.4356
G01 X43.3326 Y37.4424
G01 X43.3344 Y37.4496
G01 X43.3351 Y37.4569
G01 X43.3351 Y38.3581
G01 X43.3347 Y38.3642
G01 X43.3339 Y38.3691
G01 X43.3322 Y38.3749
G01 X43.3303 Y38.3795
G01 X43.3267 Y38.3859
G01 X43.3221 Y38.3917
G01 X43.3178 Y38.3960
G01 X43.3118 Y38.4003
G01 X43.3054 Y38.4038
G01 X43.2984 Y38.4063
G01 X43.2912 Y38.4077
G01 X43.2851 Y38.4081
G01 X41.2851 Y38.4081
G01 X41.2790 Y38.4077
G01 X41.2741 Y38.4069
G01 X41.2683 Y38.4052
G01 X41.2637 Y38.4033
G01 X41.2573 Y38.3997
G01 X41.2524 Y38.3960
G01 X41.2481 Y38.3917
G01 X41.2435 Y38.3859
G01 X41.2404 Y38.3806
G01 X41.2376 Y38.3738
G01 X41.2358 Y38.3666
G01 X41.2351 Y38.3593
G01 X41.2351 Y37.4569
G01 X41.2363 Y37.4471
G01 X41.2394 Y37.4378
G01 X41.2442 Y37.4293
G01 X41.2497 Y37.4227
G01 X41.2573 Y37.4165
G01 X41.2660 Y37.4119
G01 X41.2753 Y37.4091
G01 X41.2851 Y37.4081
G00 Z2.0000
G00 X41.2851 Y38.6781
G01 F60.00
G01 Z-0.0000
G01 F60.00
G01 X43.2851 Y38.6781
G01 X43.2912 Y38.6785
G01 X43.2961 Y38.6793
G01 X43.3019 Y38.6810
G01 X43.3065 Y38.6829
G01 X43.3129 Y38.6865
G01 X43.3178 Y38.6902
G01 X43.3221 Y38.6945
G01 X43.3267 Y38.7003
G01 X43.3298 Y38.7056
G01 X43.3326 Y38.7124
G01 X43.3344 Y38.7196
G01 X43.3351 Y38.7269
G01 X43.3351 Y39.6281
G01 X43.3347 Y39.6342
G01 X43.3339 Y39.6391
G01 X43.3322 Y39.6449
G01 X43.3303 Y39.6495
G01 X43.3267 Y39.6559
G01 X43.3221 Y39.6617
G01 X43.3178 Y39.6660
G01 X43.3118 Y39.6703
G01 X43.3054 Y39.6738
G01 X43.2984 Y39.6763
G01 X43.2912 Y39.6777
G01 X43.2851 Y39.6781
G01 X41.2851 Y39.6781
G01 X41.2790 Y39.6777
G01 X41.2741 Y39.6769
G01 X41.2683 Y39.6752
G01 X41.2637 Y39.6733
G01 X41.2573 Y39.6697
G01 X41.2524 Y39.6660
G01 X41.2481 Y39.6617
G01 X41.2435 Y39.6559
G01 X41.2404 Y39.6506
G01 X41.2376 Y39.6438
G01 X41.2358 Y39.6366
G01 X41.2351 Y39.6293
G01 X41.2351 Y38.7269
G01 X41.2363 Y38.7171
G01 X41.2394 Y38.7078
G01 X41.2442 Y38.6993
G01 X41.2497 Y38.6927
G01 X41.2573 Y38.6865
G01 X41.2660 Y38.6819
G01 X41.2753 Y38.6791
G01 X41.2851 Y38.6781
G00 Z2.0000
G00 X41.2851 Y39.9481
G01 F60.00
G01 Z-0.0000
G01 F60.00
G01 X43.2851 Y39.9481
G01 X43.2912 Y39.9485
G01 X43.2961 Y39.9493
G01 X43.3019 Y39.9510
G01 X43.3065 Y39.9529
G01 X43.3129 Y39.9565
G01 X43.3178 Y39.9602
G01 X43.3221 Y39.9645
G01 X43.3267 Y39.9703
G01 X43.3298 Y39.9756
G01 X43.3326 Y39.9824
G01 X43.3344 Y39.9896
G01 X43.3351 Y39.9969
G01 X43.3351 Y40.8981
G01 X43.3347 Y40.9042
G01 X43.3339 Y40.9091
G01 X43.3322 Y40.9149
G01 X43.3303 Y40.9195
G01 X43.3267 Y40.9259
G01 X43.3221 Y40.9317
G01 X43.3178 Y40.9360
G01 X43.3118 Y40.9403
G01 X43.3054 Y40.9438
G01 X43.2984 Y40.9463
G01 X43.2912 Y40.9477
G01 X43.2851 Y40.9481
G01 X41.2851 Y40.9481
G01 X41.2790 Y40.9477
G01 X41.2741 Y40.9469
G01 X41.2683 Y40.9452
G01 X41.2637 Y40.9433
G01 X41.2573 Y40.9397
G01 X41.2524 Y40.9360
G01 X41.2481 Y40.9317
G01 X41.2435 Y40.9259
G01 X41.2404 Y40.9206
G01 X41.2376 Y40.9138
G01 X41.2358 Y40.9066
G01 X41.2351 Y40.8993
G01 X41.2351 Y39.9969
G01 X41.2363 Y39.9871
G01 X41.2394 Y39.9778
G01 X41.2442 Y39.9693
G01 X41.2497 Y39.9627
G01 X41.2573 Y39.9565
G01 X41.2660 Y39.9519
G01 X41.2753 Y39.9491
G01 X41.2851 Y39.9481
G00 Z2.0000
G00 X41.2851 Y41.2181
G01 F60.00
G01 Z-0.0000
G01 F60.00
G01 X42.0567 Y41.2181
G01 X42.0757 Y41.2093
G01 X42.1242 Y41.1919
G01 X42.1766 Y41.1787
G01 X42.2312 Y41.1705
G01 X42.2839 Y41.1679
G01 X43.6943 Y41.1678
G01 X44.6201 Y40.2420
G01 X44.6583 Y40.2074
G01 X44.7035 Y40.1736
G01 X44.7520 Y40.1447
G01 X44.7986 Y40.1227
G01 X44.8471 Y40.1053
G01 X44.9031 Y40.0912
G01 X44.9553 Y40.0835
G01 X45.0092 Y40.0808
G01 X45.0631 Y40.0835
G01 X45.1165 Y40.0914
G01 X45.1689 Y40.1045
G01 X45.2198 Y40.1227
G01 X45.2686 Y40.1458
G01 X45.3149 Y40.1736
G01 X45.3583 Y40.2058
G01 X45.3983 Y40.2420
G01 X45.4345 Y40.2820
G01 X45.4667 Y40.3254
G01 X45.4945 Y40.3717
G01 X45.5176 Y40.4205
G01 X45.5358 Y40.4714
G01 X45.5491 Y40.5250
G01 X45.5568 Y40.5772
G01 X45.5594 Y40.6336
G01 X45.5568 Y40.6850
G01 X45.5493 Y40.7360
G01 X45.5364 Y40.7885
G01 X45.5176 Y40.8417
G01 X45.4945 Y40.8905
G01 X45.4667 Y40.9368
G01 X45.4338 Y40.9811
G01 X45.3983 Y41.0202
G01 X44.3095 Y42.1089
G01 X44.2713 Y42.1434
G01 X44.2299 Y42.1742
G01 X44.1816 Y42.2034
G01 X44.1328 Y42.2265
G01 X44.0843 Y42.2439
G01 X44.0283 Y42.2580
G01 X43.9761 Y42.2657
G01 X43.9222 Y42.2684
G01 X42.2839 Y42.2683
G01 X42.2312 Y42.2657
G01 X42.1766 Y42.2575
G01 X42.1242 Y42.2443
G01 X42.0757 Y42.2269
G01 X42.0567 Y42.2181
G01 X41.2851 Y42.2181
G01 X41.2766 Y42.2174
G01 X41.2671 Y42.2147
G01 X41.2605 Y42.2116
G01 X41.2543 Y42.2075
G01 X41.2489 Y42.2026
G01 X41.2442 Y42.1969
G01 X41.2404 Y42.1906
G01 X41.2376 Y42.1838
G01 X41.2358 Y42.1766
G01 X41.2351 Y42.1693
G01 X41.2351 Y41.2669
G01 X41.2363 Y41.2571
G01 X41.2394 Y41.2478
G01 X41.2435 Y41.2403
G01 X41.2497 Y41.2327
G01 X41.2573 Y41.2265
G01 X41.2660 Y41.2219
G01 X41.2753 Y41.2191
G01 X41.2851 Y41.2181
G00 Z2.0000
G00 X41.2851 Y42.4881
G01 F60.00
G01 Z-0.0000
G01 F60.00
G01 X42.0567 Y42.4881
G01 X42.0757 Y42.4793
G01 X42.1242 Y42.4619
G01 X42.1766 Y42.4487
G01 X42.2312 Y42.4405
G01 X42.2839 Y42.4379
G01 X44.7886 Y42.4378
G01 X46.3938 Y40.8326
G01 X46.4358 Y40.7948
G01 X46.4772 Y40.7642
G01 X46.5235 Y40.7364
G01 X46.5723 Y40.7133
G01 X46.6255 Y40.6945
G01 X46.6780 Y40.6816
G01 X46.7290 Y40.6741
G01 X46.7804 Y40.6715
G01 X46.8368 Y40.6741
G01 X46.8902 Y40.6820
G01 X46.9426 Y40.6951
G01 X46.9957 Y40.7143
G01 X47.0423 Y40.7364
G01 X47.0865 Y40.7629
G01 X47.1300 Y40.7948
G01 X47.1720 Y40.8326
G01 X47.2082 Y40.8726
G01 X47.2404 Y40.9160
G01 X47.2693 Y40.9645
G01 X47.2913 Y41.0111
G01 X47.3087 Y41.0596
G01 X47.3223 Y41.1132
G01 X47.3305 Y41.1678
G01 X47.3331 Y41.2242
G01 X47.3305 Y41.2756
G01 X47.3230 Y41.3266
G01 X47.3095 Y41.3814
G01 X47.2913 Y41.4323
G01 X47.2670 Y41.4832
G01 X47.2404 Y41.5274
G01 X47.2098 Y41.5688
G01 X47.1737 Y41.6090
G01 X45.4047 Y43.3780
G01 X45.3656 Y43.4134
G01 X45.3242 Y43.4442
G01 X45.2759 Y43.4734
G01 X45.2248 Y43.4973
G01 X45.1762 Y43.5147
G01 X45.1250 Y43.5275
G01 X45.0704 Y43.5357
G01 X45.0165 Y43.5384
G01 X42.2851 Y43.5384
G01 X42.2312 Y43.5357
G01 X42.1766 Y43.5275
G01 X42.1242 Y43.5143
G01 X42.0757 Y43.4969
G01 X42.0567 Y43.4881
G01 X41.2851 Y43.4881
G01 X41.2790 Y43.4877
G01 X41.2718 Y43.4863
G01 X41.2648 Y43.4838
G01 X41.2573 Y43.4797
G01 X41.2515 Y43.4751
G01 X41.2464 Y43.4698
G01 X41.2416 Y43.4627
G01 X41.2385 Y43.4561
G01 X41.2363 Y43.4491
G01 X41.2352 Y43.4406
G01 X41.2351 Y42.5369
G01 X41.2363 Y42.5271
G01 X41.2394 Y42.5178
G01 X41.2435 Y42.5103
G01 X41.2497 Y42.5027
G01 X41.2573 Y42.4965
G01 X41.2660 Y42.4919
G01 X41.2753 Y42.4891
G01 X41.2851 Y42.4881
G00 Z2.0000
G00 X41.2851 Y43.7581
G01 F60.00
G01 Z-0.0000
G01 F60.00
G01 X43.2851 Y43.7581
G01 X43.2912 Y43.7585
G01 X43.2961 Y43.7593
G01 X43.3019 Y43.7610
G01 X43.3065 Y43.7629
G01 X43.3129 Y43.7665
G01 X43.3178 Y43.7702
G01 X43.3221 Y43.7745
G01 X43.3267 Y43.7803
G01 X43.3298 Y43.7856
G01 X43.3326 Y43.7924
G01 X43.3344 Y43.7996
G01 X43.3351 Y43.8069
G01 X43.3351 Y44.7081
G01 X43.3347 Y44.7142
G01 X43.3339 Y44.7191
G01 X43.3322 Y44.7249
G01 X43.3303 Y44.7295
G01 X43.3267 Y44.7359
G01 X43.3221 Y44.7417
G01 X43.3178 Y44.7460
G01 X43.3118 Y44.7503
G01 X43.3054 Y44.7538
G01 X43.2984 Y44.7563
G01 X43.2912 Y44.7577
G01 X43.2851 Y44.7581
G01 X41.2851 Y44.7581
G01 X41.2790 Y44.7577
G01 X41.2741 Y44.7569
G01 X41.2683 Y44.7552
G01 X41.2637 Y44.7533
G01 X41.2573 Y44.7497
G01 X41.2524 Y44.7460
G01 X41.2481 Y44.7417
G01 X41.2435 Y44.7359
G01 X41.2404 Y44.7306
G01 X41.2376 Y44.7238
G01 X41.2358 Y44.7166
G01 X41.2351 Y44.7093
G01 X41.2351 Y43.8069
G01 X41.2363 Y43.7971
G01 X41.2394 Y43.7878
G01 X41.2442 Y43.7793
G01 X41.2497 Y43.7727
G01 X41.2573 Y43.7665
G01 X41.2660 Y43.7619
G01 X41.2753 Y43.7591
G01 X41.2851 Y43.7581
G00 Z2.0000
G00 X41.2851 Y45.0281
G01 F60.00
G01 Z-0.0000
G01 F60.00
G01 X43.2851 Y45.0281
G01 X43.2912 Y45.0285
G01 X43.2961 Y45.0293
G01 X43.3019 Y45.0310
G01 X43.3065 Y45.0329
G01 X43.3129 Y45.0365
G01 X43.3178 Y45.0402
G01 X43.3221 Y45.0445
G01 X43.3267 Y45.0503
G01 X43.3298 Y45.0556
G01 X43.3326 Y45.0624
G01 X43.3344 Y45.0696
G01 X43.3351 Y45.0769
G01 X43.3351 Y45.9781
G01 X43.3347 Y45.9842
G01 X43.3339 Y45.9891
G01 X43.3322 Y45.9949
G01 X43.3303 Y45.9995
G01 X43.3267 Y46.0059
G01 X43.3221 Y46.0117
G01 X43.3178 Y46.0160
G01 X43.3118 Y46.0203
G01 X43.3054 Y46.0238
G01 X43.2984 Y46.0263
G01 X43.2912 Y46.0277
G01 X43.2851 Y46.0281
G01 X41.2851 Y46.0281
G01 X41.2790 Y46.0277
G01 X41.2741 Y46.0269
G01 X41.2683 Y46.0252
G01 X41.2637 Y46.0233
G01 X41.2573 Y46.0197
G01 X41.2524 Y46.0160
G01 X41.2481 Y46.0117
G01 X41.2435 Y46.0059
G01 X41.2404 Y46.0006
G01 X41.2376 Y45.9938
G01 X41.2358 Y45.9866
G01 X41.2351 Y45.9793
G01 X41.2351 Y45.0769
G01 X41.2363 Y45.0671
G01 X41.2394 Y45.0578
G01 X41.2442 Y45.0493
G01 X41.2497 Y45.0427
G01 X41.2573 Y45.0365
G01 X41.2660 Y45.0319
G01 X41.2753 Y45.0291
G01 X41.2851 Y45.0281
G00 Z2.0000
G00 X41.2851 Y46.2981
G01 F60.00
G01 Z-0.0000
G01 F60.00
G01 X43.2851 Y46.2981
G01 X43.2912 Y46.2985
G01 X43.2961 Y46.2993
G01 X43.3019 Y46.3010
G01 X43.3065 Y46.3029
G01 X43.3129 Y46.3065
G01 X43.3178 Y46.3102
G01 X43.3221 Y46.3145
G01 X43.3267 Y46.3203
G01 X43.3298 Y46.3256
G01 X43.3326 Y46.3324
G01 X43.3344 Y46.3396
G01 X43.3351 Y46.3469
G01 X43.3351 Y47.2481
G01 X43.3347 Y47.2542
G01 X43.3339 Y47.2591
G01 X43.3322 Y47.2649
G01 X43.3303 Y47.2695
G01 X43.3267 Y47.2759
G01 X43.3221 Y47.2817
G01 X43.3178 Y47.2860
G01 X43.3118 Y47.2903
G01 X43.3054 Y47.2938
G01 X43.2984 Y47.2963
G01 X43.2912 Y47.2977
G01 X43.2851 Y47.2981
G01 X41.2851 Y47.2981
G01 X41.2790 Y47.2977
G01 X41.2741 Y47.2969
G01 X41.2683 Y47.2952
G01 X41.2637 Y47.2933
G01 X41.2573 Y47.2897
G01 X41.2524 Y47.2860
G01 X41.2481 Y47.2817
G01 X41.2435 Y47.2759
G01 X41.2404 Y47.2706
G01 X41.2376 Y47.2638
G01 X41.2358 Y47.2566
G01 X41.2351 Y47.2493
G01 X41.2351 Y46.3469
G01 X41.2363 Y46.3371
G01 X41.2394 Y46.3278
G01 X41.2442 Y46.3193
G01 X41.2497 Y46.3127
G01 X41.2573 Y46.3065
G01 X41.2660 Y46.3019
G01 X41.2753 Y46.2991
G01 X41.2851 Y46.2981
G00 Z2.0000
G00 X35.3351 Y36.7981
G01 F60.00
G01 Z-0.0000
G01 F60.00
G01 X35.3351 Y41.7981
G01 X35.3341 Y41.8079
G01 X35.3313 Y41.8172
G01 X35.3267 Y41.8259
G01 X35.3205 Y41.8335
G01 X35.3129 Y41.8397
G01 X35.3042 Y41.8443
G01 X35.2949 Y41.8471
G01 X35.2851 Y41.8481
G01 X30.2851 Y41.8481
G01 X30.2753 Y41.8471
G01 X30.2660 Y41.8443
G01 X30.2573 Y41.8397
G01 X30.2497 Y41.8335
G01 X30.2435 Y41.8259
G01 X30.2389 Y41.8172
G01 X30.2361 Y41.8079
G01 X30.2351 Y41.7981
G01 X30.2351 Y36.7981
G01 X30.2361 Y36.7883
G01 X30.2389 Y36.7790
G01 X30.2435 Y36.7703
G01 X30.2497 Y36.7627
G01 X30.2573 Y36.7565
G01 X30.2660 Y36.7519
G01 X30.2753 Y36.7491
G01 X30.2851 Y36.7481
G01 X35.2851 Y36.7481
G01 X35.2949 Y36.7491
G01 X35.3042 Y36.7519
G01 X35.3129 Y36.7565
G01 X35.3205 Y36.7627
G01 X35.3267 Y36.7703
G01 X35.3313 Y36.7790
G01 X35.3341 Y36.7883
G01 X35.3351 Y36.7981
G00 Z2.0000
G00 X26.3351 Y46.3481
G01 F60.00
G01 Z-0.0000
G01 F60.00
G01 X26.3351 Y47.2493
G01 X26.3344 Y47.2566
G01 X26.3329 Y47.2626
G01 X26.3303 Y47.2695
G01 X26.3267 Y47.2759
G01 X26.3221 Y47.2817
G01 X26.3178 Y47.2860
G01 X26.3118 Y47.2903
G01 X26.3054 Y47.2938
G01 X26.2961 Y47.2969
G01 X26.2912 Y47.2977
G01 X26.2851 Y47.2981
G01 X24.2839 Y47.2981
G01 X24.2766 Y47.2974
G01 X24.2694 Y47.2956
G01 X24.2626 Y47.2928
G01 X24.2573 Y47.2897
G01 X24.2515 Y47.2851
G01 X24.2464 Y47.2798
G01 X24.2422 Y47.2738
G01 X24.2394 Y47.2684
G01 X24.2373 Y47.2626
G01 X24.2361 Y47.2579
G01 X24.2351 Y47.2481
G01 X24.2351 Y46.3469
G01 X24.2358 Y46.3396
G01 X24.2373 Y46.3336
G01 X24.2399 Y46.3267
G01 X24.2435 Y46.3203
G01 X24.2481 Y46.3145
G01 X24.2524 Y46.3102
G01 X24.2584 Y46.3059
G01 X24.2648 Y46.3024
G01 X24.2741 Y46.2993
G01 X24.2790 Y46.2985
G01 X24.2851 Y46.2981
G01 X26.2863 Y46.2981
G01 X26.2961 Y46.2993
G01 X26.3054 Y46.3024
G01 X26.3129 Y46.3065
G01 X26.3205 Y46.3127
G01 X26.3267 Y46.3203
G01 X26.3313 Y46.3290
G01 X26.3341 Y46.3383
G01 X26.3351 Y46.3481
G00 Z2.0000
G00 X14.1700 Y58.2954
G01 F60.00
G01 Z-0.0000
G01 F60.00
G01 X13.9011 Y58.2280
G01 X13.6378 Y58.1338
G01 X13.3849 Y58.0142
G01 X13.1450 Y57.8704
G01 X12.9204 Y57.7038
G01 X12.7131 Y57.5160
G01 X12.5253 Y57.3087
G01 X12.3587 Y57.0841
G01 X12.2149 Y56.8442
G01 X12.0953 Y56.5913
G01 X12.0011 Y56.3280
G01 X11.9332 Y56.0567
G01 X11.8921 Y55.7800
G01 X11.8784 Y55.5007
G01 X11.8921 Y55.2214
G01 X11.9332 Y54.9447
G01 X12.0011 Y54.6734
G01 X12.0953 Y54.4101
G01 X12.2149 Y54.1572
G01 X12.3587 Y53.9173
G01 X12.5253 Y53.6927
G01 X12.7131 Y53.4854
G01 X12.9204 Y53.2976
G01 X13.1450 Y53.1310
G01 X13.3849 Y52.9872
G01 X13.6378 Y52.8676
G01 X13.9011 Y52.7734
G01 X14.1724 Y52.7055
G01 X14.4491 Y52.6644
G01 X14.7284 Y52.6507
G01 X15.0077 Y52.6644
G01 X15.2844 Y52.7055
G01 X15.5557 Y52.7734
G01 X15.8190 Y52.8676
G01 X16.0719 Y52.9872
G01 X16.3118 Y53.1310
G01 X16.5364 Y53.2976
G01 X16.7437 Y53.4854
G01 X16.9315 Y53.6927
G01 X17.0981 Y53.9173
G01 X17.2419 Y54.1572
G01 X17.3615 Y54.4101
G01 X17.4557 Y54.6734
G01 X17.5236 Y54.9447
G01 X17.5647 Y55.2214
G01 X17.5784 Y55.5007
G01 X17.5647 Y55.7800
G01 X17.5237 Y56.0566
G01 X17.4557 Y56.3280
G01 X17.3615 Y56.5913
G01 X17.2419 Y56.8442
G01 X17.0981 Y57.0841
G01 X16.9315 Y57.3087
G01 X16.7437 Y57.5160
G01 X16.5364 Y57.7038
G01 X16.3118 Y57.8704
G01 X16.0719 Y58.0142
G01 X15.8190 Y58.1338
G01 X15.5557 Y58.2280
G01 X15.2844 Y58.2959
G01 X15.0077 Y58.3370
G01 X14.7284 Y58.3507
G01 X14.4491 Y58.3370
G01 X14.1700 Y58.2954
G00 Z2.0000
G00 X11.5020 Y55.0736
G01 F60.00
G01 Z-0.0000
G01 F60.00
G01 X11.7216 Y54.2563
G01 X12.1470 Y53.5197
G01 X12.7477 Y52.9190
G01 X13.4843 Y52.4936
G01 X14.3016 Y52.2750
G01 X15.1554 Y52.2750
G01 X15.9727 Y52.4936
G01 X16.7093 Y52.9190
G01 X17.3100 Y53.5197
G01 X17.7354 Y54.2563
G01 X17.9540 Y55.0736
G01 X17.9540 Y55.9274
G01 X17.7358 Y56.7434
G01 X17.3100 Y57.4813
G01 X16.7093 Y58.0820
G01 X15.9730 Y58.5078
G01 X15.1554 Y58.7270
G01 X14.3016 Y58.7270
G01 X13.4840 Y58.5078
G01 X12.7477 Y58.0820
G01 X12.1470 Y57.4813
G01 X11.7212 Y56.7433
G01 X11.5020 Y55.9274
G01 X11.5020 Y55.0736
G00 Z2.0000
G00 X4.4953 Y48.7272
G01 F60.00
G01 Z-0.0000
G01 F60.00
G01 X4.4953 Y44.9272
G01 X4.4957 Y44.9211
G01 X4.4968 Y44.9151
G01 X4.4987 Y44.9092
G01 X4.5012 Y44.9036
G01 X4.5051 Y44.8974
G01 X4.5091 Y44.8927
G01 X4.5136 Y44.8886
G01 X4.5196 Y44.8843
G01 X4.5250 Y44.8815
G01 X4.5320 Y44.8790
G01 X4.5392 Y44.8776
G01 X4.5453 Y44.8772
G01 X6.5453 Y44.8772
G01 X6.5514 Y44.8776
G01 X6.5574 Y44.8787
G01 X6.5633 Y44.8806
G01 X6.5689 Y44.8831
G01 X6.5741 Y44.8863
G01 X6.5798 Y44.8910
G01 X6.5840 Y44.8955
G01 X6.5882 Y44.9015
G01 X6.5910 Y44.9069
G01 X6.5935 Y44.9139
G01 X6.5949 Y44.9211
G01 X6.5953 Y44.9272
G01 X6.5953 Y48.7272
G01 X6.5949 Y48.7333
G01 X6.5938 Y48.7394
G01 X6.5919 Y48.7452
G01 X6.5894 Y48.7508
G01 X6.5855 Y48.7570
G01 X6.5815 Y48.7617
G01 X6.5770 Y48.7659
G01 X6.5710 Y48.7701
G01 X6.5656 Y48.7729
G01 X6.5586 Y48.7754
G01 X6.5526 Y48.7767
G01 X6.5465 Y48.7772
G01 X4.5453 Y48.7772
G01 X4.5355 Y48.7762
G01 X4.5262 Y48.7734
G01 X4.5175 Y48.7688
G01 X4.5099 Y48.7626
G01 X4.5037 Y48.7550
G01 X4.4991 Y48.7463
G01 X4.4963 Y48.7370
G01 X4.4953 Y48.7272
G00 Z2.0000
G00 X6.9950 Y44.4770
G01 F60.00
G01 Z-0.0000
G01 F60.00
G01 X6.9950 Y49.1770
G01 X4.2522 Y49.1770
G01 X4.0950 Y49.0198
G01 X4.0950 Y44.4770
G01 X6.9950 Y44.4770
G00 Z2.0000
G00 X6.7777 Y41.0920
G01 F60.00
G01 Z-0.0000
G01 F60.00
G01 X6.7777 Y40.4802
G01 X6.7782 Y40.4695
G01 X6.7793 Y40.4594
G01 X6.7813 Y40.4483
G01 X6.7839 Y40.4379
G01 X6.7892 Y40.4228
G01 X6.7957 Y40.4087
G01 X6.8040 Y40.3945
G01 X6.8133 Y40.3818
G01 X6.8243 Y40.3696
G01 X6.8362 Y40.3589
G01 X6.8489 Y40.3496
G01 X6.8623 Y40.3416
G01 X6.8749 Y40.3357
G01 X6.8878 Y40.3309
G01 X6.9018 Y40.3271
G01 X6.9158 Y40.3246
G01 X6.9246 Y40.3237
G01 X6.9336 Y40.3233
G01 X7.0008 Y40.3233
G01 X7.0004 Y37.3002
G01 X6.9899 Y37.2945
G01 X6.9799 Y37.2881
G01 X6.9701 Y37.2809
G01 X6.9613 Y37.2735
G01 X6.9527 Y37.2653
G01 X6.9445 Y37.2562
G01 X6.9373 Y37.2473
G01 X6.9305 Y37.2376
G01 X6.9246 Y37.2278
G01 X6.9191 Y37.2172
G01 X6.9144 Y37.2068
G01 X6.9102 Y37.1953
G01 X6.9068 Y37.1839
G01 X6.9043 Y37.1727
G01 X6.9024 Y37.1606
G01 X6.9014 Y37.1488
G01 X6.9011 Y37.1386
G01 X6.9011 Y35.6501
G01 X6.9014 Y35.6400
G01 X6.9023 Y35.6300
G01 X6.9038 Y35.6201
G01 X6.9057 Y35.6104
G01 X6.9093 Y35.5972
G01 X6.9140 Y35.5839
G01 X6.9195 Y35.5714
G01 X6.9262 Y35.5590
G01 X6.9336 Y35.5474
G01 X6.9422 Y35.5361
G01 X6.9512 Y35.5259
G01 X6.9613 Y35.5161
G01 X6.9718 Y35.5074
G01 X6.9833 Y35.4992
G01 X6.9951 Y35.4922
G01 X7.0077 Y35.4859
G01 X7.0203 Y35.4807
G01 X7.0338 Y35.4764
G01 X7.0471 Y35.4733
G01 X7.0611 Y35.4710
G01 X7.0713 Y35.4701
G01 X7.0822 Y35.4698
G01 X8.0208 Y35.4698
G01 X8.0309 Y35.4701
G01 X8.0409 Y35.4710
G01 X8.0508 Y35.4725
G01 X8.0605 Y35.4744
G01 X8.0737 Y35.4780
G01 X8.0873 Y35.4828
G01 X8.1005 Y35.4887
G01 X8.1132 Y35.4956
G01 X8.1253 Y35.5036
G01 X8.1367 Y35.5125
G01 X8.1471 Y35.5220
G01 X8.1570 Y35.5325
G01 X8.1660 Y35.5439
G01 X8.1740 Y35.5557
G01 X8.1808 Y35.5677
G01 X8.1868 Y35.5805
G01 X8.1919 Y35.5940
G01 X8.1957 Y35.6071
G01 X8.1986 Y35.6213
G01 X8.2004 Y35.6356
G01 X8.2011 Y35.6510
G01 X8.2011 Y37.1410
G01 X8.2005 Y37.1532
G01 X8.1991 Y37.1654
G01 X8.1969 Y37.1774
G01 X8.1937 Y37.1900
G01 X8.1898 Y37.2016
G01 X8.1850 Y37.2132
G01 X8.1796 Y37.2242
G01 X8.1732 Y37.2353
G01 X8.1662 Y37.2455
G01 X8.1587 Y37.2551
G01 X8.1503 Y37.2644
G01 X8.1415 Y37.2730
G01 X8.1321 Y37.2809
G01 X8.1223 Y37.2881
G01 X8.1119 Y37.2947
G01 X8.1014 Y37.3005
G01 X8.1013 Y41.0393
G01 X8.0987 Y41.0920
G01 X8.0908 Y41.1454
G01 X8.0777 Y41.1978
G01 X8.0599 Y41.2475
G01 X8.0364 Y41.2975
G01 X8.0093 Y41.3428
G01 X7.9772 Y41.3862
G01 X7.9596 Y41.4059
G01 X7.9596 Y43.1829
G01 X9.0665 Y44.2898
G01 X9.1035 Y44.3309
G01 X9.1341 Y44.3723
G01 X9.1607 Y44.4165
G01 X9.1850 Y44.4674
G01 X9.2032 Y44.5183
G01 X9.2167 Y44.5731
G01 X9.2242 Y44.6241
G01 X9.2269 Y44.6780
G01 X9.2269 Y47.2446
G01 X10.5592 Y48.5769
G01 X10.7953 Y48.5769
G01 X10.7953 Y48.3772
G01 X10.7960 Y48.3686
G01 X10.7982 Y48.3603
G01 X10.8018 Y48.3525
G01 X10.8067 Y48.3455
G01 X10.8117 Y48.3401
G01 X10.8175 Y48.3356
G01 X10.8250 Y48.3315
G01 X10.8320 Y48.3290
G01 X10.8404 Y48.3274
G01 X12.8453 Y48.3272
G01 X12.8526 Y48.3277
G01 X12.8610 Y48.3297
G01 X12.8678 Y48.3325
G01 X12.8751 Y48.3370
G01 X12.8798 Y48.3410
G01 X12.8840 Y48.3455
G01 X12.8875 Y48.3504
G01 X12.8900 Y48.3547
G01 X12.8924 Y48.3603
G01 X12.8938 Y48.3650
G01 X12.8949 Y48.3711
G01 X12.8953 Y48.3760
G01 X12.8953 Y49.8772
G01 X12.8949 Y49.8833
G01 X12.8938 Y49.8893
G01 X12.8924 Y49.8940
G01 X12.8900 Y49.8997
G01 X12.8869 Y49.9050
G01 X12.8832 Y49.9099
G01 X12.8789 Y49.9142
G01 X12.8741 Y49.9181
G01 X12.8678 Y49.9219
G01 X12.8610 Y49.9247
G01 X12.8526 Y49.9267
G01 X12.8453 Y49.9272
G01 X10.8404 Y49.9270
G01 X10.8320 Y49.9254
G01 X10.8250 Y49.9229
G01 X10.8175 Y49.9188
G01 X10.8117 Y49.9142
G01 X10.8059 Y49.9080
G01 X10.8012 Y49.9008
G01 X10.7978 Y49.8929
G01 X10.7960 Y49.8857
G01 X10.7953 Y49.8772
G01 X10.7953 Y49.6775
G01 X10.3313 Y49.6775
G01 X10.2786 Y49.6749
G01 X10.2240 Y49.6669
G01 X10.1739 Y49.6544
G01 X10.1185 Y49.6346
G01 X10.0719 Y49.6125
G01 X10.0256 Y49.5847
G01 X9.9822 Y49.5525
G01 X9.9422 Y49.5163
G01 X8.2874 Y47.8615
G01 X8.2512 Y47.8215
G01 X8.2197 Y47.7791
G01 X8.1901 Y47.7296
G01 X8.1681 Y47.6830
G01 X8.1499 Y47.6321
G01 X8.1364 Y47.5773
G01 X8.1289 Y47.5263
G01 X8.1263 Y47.4736
G01 X8.1263 Y44.9060
G01 X7.0194 Y43.7990
G01 X6.9840 Y43.7599
G01 X6.9505 Y43.7144
G01 X6.9240 Y43.6702
G01 X6.9019 Y43.6236
G01 X6.8835 Y43.5729
G01 X6.8692 Y43.5157
G01 X6.8617 Y43.4647
G01 X6.8591 Y43.4120
G01 X6.8587 Y41.8530
G01 X6.8508 Y41.8482
G01 X6.8432 Y41.8430
G01 X6.8352 Y41.8369
G01 X6.8283 Y41.8308
G01 X6.8216 Y41.8242
G01 X6.8154 Y41.8173
G01 X6.8094 Y41.8098
G01 X6.8040 Y41.8021
G01 X6.7989 Y41.7938
G01 X6.7943 Y41.7854
G01 X6.7905 Y41.7770
G01 X6.7871 Y41.7684
G01 X6.7842 Y41.7596
G01 X6.7818 Y41.7505
G01 X6.7799 Y41.7409
G01 X6.7786 Y41.7318
G01 X6.7777 Y41.7146
G01 X6.7774 Y41.0983
G01 X6.7777 Y41.0920
G00 Z2.0000
G00 X6.3772 Y41.1110
G01 F60.00
G01 Z-0.0000
G01 F60.00
G01 X6.3780 Y41.0890
G01 X6.3780 Y40.4688
G01 X6.3817 Y40.4183
G01 X6.3920 Y40.3443
G01 X6.4210 Y40.2629
G01 X6.4543 Y40.1981
G01 X6.4945 Y40.1379
G01 X6.5422 Y40.0856
G01 X6.5692 Y40.0615
G01 X6.5861 Y40.0456
G01 X6.5902 Y40.0410
G01 X6.5944 Y40.0349
G01 X6.5980 Y40.0270
G01 X6.6000 Y40.0198
G01 X6.6010 Y40.0112
G01 X6.6010 Y37.4778
G01 X6.6006 Y37.4729
G01 X6.5995 Y37.4668
G01 X6.5976 Y37.4609
G01 X6.5956 Y37.4564
G01 X6.5803 Y37.4319
G01 X6.5443 Y37.3636
G01 X6.5212 Y37.2917
G01 X6.5047 Y37.2209
G01 X6.5010 Y37.1526
G01 X6.5010 Y35.6374
G01 X6.5047 Y35.5691
G01 X6.5212 Y35.4983
G01 X6.5425 Y35.4319
G01 X6.5775 Y35.3618
G01 X6.6206 Y35.2948
G01 X6.6723 Y35.2394
G01 X6.7267 Y35.1889
G01 X6.7953 Y35.1429
G01 X6.8578 Y35.1150
G01 X6.8859 Y35.1047
G01 X6.9283 Y35.0884
G01 X7.0130 Y35.0737
G01 X7.0687 Y35.0700
G01 X8.0333 Y35.0700
G01 X8.0891 Y35.0737
G01 X8.1756 Y35.0884
G01 X8.2357 Y35.1118
G01 X8.3093 Y35.1438
G01 X8.3764 Y35.1916
G01 X8.4325 Y35.2385
G01 X8.4794 Y35.2946
G01 X8.5272 Y35.3618
G01 X8.5588 Y35.4340
G01 X8.5826 Y35.4954
G01 X8.5982 Y35.5857
G01 X8.6010 Y35.6354
G01 X8.6010 Y37.1507
G01 X8.5982 Y37.2044
G01 X8.5835 Y37.2892
G01 X8.5623 Y37.3480
G01 X8.5561 Y37.3630
G01 X8.5245 Y37.4319
G01 X8.5095 Y37.4531
G01 X8.5058 Y37.4595
G01 X8.5039 Y37.4641
G01 X8.5022 Y37.4700
G01 X8.5010 Y37.4798
G01 X8.5010 Y40.9890
G01 X8.5028 Y41.0072
G01 X8.5011 Y41.0327
G01 X8.5010 Y41.0548
G01 X8.4991 Y41.0769
G01 X8.4944 Y41.1533
G01 X8.4924 Y41.1625
G01 X8.4905 Y41.1850
G01 X8.4812 Y41.2233
G01 X8.4672 Y41.2950
G01 X8.4651 Y41.3006
G01 X8.4637 Y41.3069
G01 X8.4574 Y41.3273
G01 X8.4412 Y41.3664
G01 X8.4149 Y41.4364
G01 X8.4053 Y41.4568
G01 X8.4029 Y41.4628
G01 X8.3769 Y41.5046
G01 X8.3643 Y41.5296
G01 X8.3608 Y41.5387
G01 X8.3591 Y41.5483
G01 X8.3590 Y42.9940
G01 X8.3594 Y43.0001
G01 X8.3612 Y43.0085
G01 X8.3643 Y43.0165
G01 X8.3681 Y43.0228
G01 X8.3736 Y43.0293
G01 X9.3156 Y43.9723
G01 X9.3291 Y43.9839
G01 X9.3447 Y44.0014
G01 X9.3623 Y44.0190
G01 X9.3925 Y44.0541
G01 X9.4268 Y44.0930
G01 X9.4322 Y44.1013
G01 X9.4471 Y44.1198
G01 X9.4672 Y44.1535
G01 X9.5047 Y44.2078
G01 X9.5154 Y44.2296
G01 X9.5230 Y44.2412
G01 X9.5350 Y44.2715
G01 X9.5490 Y44.3045
G01 X9.5696 Y44.3496
G01 X9.5723 Y44.3588
G01 X9.5814 Y44.3798
G01 X9.5963 Y44.4435
G01 X9.6106 Y44.4957
G01 X9.6118 Y44.5077
G01 X9.6155 Y44.5232
G01 X9.6280 Y44.6691
G01 X9.6270 Y44.6830
G01 X9.6270 Y47.0570
G01 X9.6275 Y47.0643
G01 X9.6291 Y47.0715
G01 X9.6318 Y47.0784
G01 X9.6347 Y47.0837
G01 X9.6383 Y47.0887
G01 X9.6416 Y47.0923
G01 X10.3114 Y47.7630
G01 X10.3182 Y47.7682
G01 X10.3247 Y47.7717
G01 X10.3328 Y47.7745
G01 X10.3401 Y47.7758
G01 X10.3474 Y47.7759
G01 X10.3559 Y47.7748
G01 X10.3641 Y47.7722
G01 X10.3717 Y47.7683
G01 X10.3767 Y47.7647
G01 X10.3812 Y47.7605
G01 X10.3852 Y47.7558
G01 X10.3885 Y47.7507
G01 X10.3912 Y47.7451
G01 X10.3935 Y47.7382
G01 X10.3946 Y47.7321
G01 X10.3950 Y47.7260
G01 X10.3950 Y45.6270
G01 X12.6520 Y45.6270
G01 X12.6605 Y45.6263
G01 X12.6688 Y45.6241
G01 X12.6745 Y45.6217
G01 X12.6787 Y45.6193
G01 X12.6837 Y45.6157
G01 X12.6873 Y45.6124
G01 X13.9696 Y44.3307
G01 X13.9745 Y44.3237
G01 X13.9781 Y44.3159
G01 X13.9803 Y44.3076
G01 X13.9810 Y44.2990
G01 X13.9810 Y42.9590
G01 X13.9808 Y42.9540
G01 X13.9792 Y42.9414
G01 X13.9810 Y42.9105
G01 X13.9810 Y42.8948
G01 X13.9849 Y42.8416
G01 X13.9877 Y42.7952
G01 X13.9906 Y42.7814
G01 X13.9917 Y42.7643
G01 X14.0029 Y42.7175
G01 X14.0159 Y42.6483
G01 X14.0239 Y42.6245
G01 X14.0429 Y42.5762
G01 X14.0446 Y42.5707
G01 X14.0661 Y42.5121
G01 X14.0752 Y42.4974
G01 X14.0776 Y42.4920
G01 X14.0795 Y42.4865
G01 X14.1047 Y42.4464
G01 X14.2068 Y42.2632
G01 X14.2103 Y42.2541
G01 X14.2119 Y42.2444
G01 X14.2116 Y42.2347
G01 X14.2094 Y42.2251
G01 X14.2066 Y42.2184
G01 X14.2028 Y42.2121
G01 X14.1981 Y42.2064
G01 X14.1927 Y42.2015
G01 X14.1866 Y42.1975
G01 X14.1788 Y42.1939
G01 X14.1717 Y42.1920
G01 X14.1644 Y42.1911
G01 X13.2800 Y42.1910
G01 X13.2800 Y39.9110
G01 X13.3092 Y39.9110
G01 X13.3153 Y39.9105
G01 X13.3248 Y39.9081
G01 X13.3305 Y39.9057
G01 X13.3347 Y39.9032
G01 X13.3397 Y39.8997
G01 X13.3442 Y39.8955
G01 X13.3482 Y39.8908
G01 X13.3515 Y39.8856
G01 X13.3546 Y39.8790
G01 X13.3565 Y39.8731
G01 X13.3576 Y39.8671
G01 X13.3580 Y39.8610
G01 X13.3580 Y30.6140
G01 X13.3576 Y30.6077
G01 X13.3562 Y30.5986
G01 X13.3580 Y30.5685
G01 X13.3580 Y30.5518
G01 X13.3609 Y30.5106
G01 X13.3638 Y30.4563
G01 X13.3675 Y30.4329
G01 X13.3693 Y30.4177
G01 X13.3811 Y30.3677
G01 X13.3932 Y30.3062
G01 X13.3986 Y30.2924
G01 X13.4023 Y30.2781
G01 X13.4236 Y30.2261
G01 X13.4447 Y30.1686
G01 X13.4510 Y30.1567
G01 X13.4564 Y30.1442
G01 X13.4968 Y30.0779
G01 X13.5189 Y30.0377
G01 X13.5296 Y30.0242
G01 X13.5342 Y30.0167
G01 X13.5739 Y29.9694
G01 X13.6159 Y29.9174
G01 X13.6197 Y29.9120
G01 X14.1202 Y29.4125
G01 X14.1249 Y29.4068
G01 X14.1286 Y29.4005
G01 X14.1315 Y29.3937
G01 X14.1335 Y29.3853
G01 X14.1340 Y29.3780
G01 X14.1340 Y28.6350
G01 X14.1917 Y28.6349
G01 X14.2013 Y28.6332
G01 X14.2094 Y28.6302
G01 X14.2158 Y28.6266
G01 X14.2216 Y28.6220
G01 X14.2267 Y28.6167
G01 X14.2302 Y28.6117
G01 X14.2337 Y28.6053
G01 X14.2358 Y28.5995
G01 X14.2375 Y28.5923
G01 X14.2380 Y28.5862
G01 X14.2380 Y26.6650
G01 X14.2378 Y26.6600
G01 X14.2362 Y26.6474
G01 X14.2380 Y26.6150
G01 X14.2380 Y24.0400
G01 X14.2371 Y24.0288
G01 X14.2380 Y24.0112
G01 X14.2380 Y23.9898
G01 X14.2419 Y23.9366
G01 X14.2447 Y23.8768
G01 X14.2766 Y23.7381
G01 X14.2785 Y23.7321
G01 X14.2820 Y23.7165
G01 X14.3074 Y23.6526
G01 X14.3267 Y23.5995
G01 X14.4025 Y23.4691
G01 X14.4936 Y23.3533
G01 X14.6014 Y23.2568
G01 X14.6077 Y23.2530
G01 X14.6204 Y23.2433
G01 X14.6542 Y23.2220
G01 X14.7247 Y23.1746
G01 X14.7402 Y23.1673
G01 X14.7718 Y23.1535
G01 X14.8588 Y23.1138
G01 X14.8825 Y23.1046
G01 X14.9997 Y23.0737
G01 X15.0067 Y23.0724
G01 X15.0167 Y23.0714
G01 X15.0226 Y23.0701
G01 X15.1518 Y23.0578
G01 X15.1661 Y23.0560
G01 X15.3950 Y23.0560
G01 X15.5251 Y23.0665
G01 X15.5892 Y23.0818
G01 X15.6709 Y23.0999
G01 X15.8024 Y23.1542
G01 X15.9299 Y23.2318
G01 X16.0429 Y23.3259
G01 X16.0816 Y23.3702
G01 X16.1428 Y23.4391
G01 X16.2187 Y23.5605
G01 X16.2786 Y23.6963
G01 X16.3146 Y23.8387
G01 X16.3252 Y23.9446
G01 X16.3289 Y23.9878
G01 X16.3213 Y24.1351
G01 X16.2862 Y24.2889
G01 X16.2853 Y24.2950
G01 X16.2850 Y24.3011
G01 X16.2860 Y24.3097
G01 X16.2879 Y24.3168
G01 X16.2915 Y24.3247
G01 X16.2956 Y24.3308
G01 X16.3006 Y24.3363
G01 X16.3064 Y24.3410
G01 X16.3138 Y24.3453
G01 X16.3207 Y24.3479
G01 X16.3292 Y24.3497
G01 X16.3378 Y24.3499
G01 X16.4617 Y24.3399
G01 X16.4917 Y24.3378
G01 X16.5075 Y24.3361
G01 X16.5250 Y24.3370
G01 X19.8140 Y24.3370
G01 X19.8213 Y24.3365
G01 X19.8297 Y24.3345
G01 X19.8365 Y24.3317
G01 X19.8428 Y24.3279
G01 X19.8476 Y24.3240
G01 X19.8519 Y24.3197
G01 X19.8556 Y24.3148
G01 X19.8587 Y24.3095
G01 X19.8611 Y24.3038
G01 X19.8628 Y24.2980
G01 X19.8638 Y24.2919
G01 X19.8640 Y24.2870
G01 X19.8640 Y18.6840
G01 X22.8640 Y18.6840
G01 X22.8640 Y20.9340
G01 X22.8647 Y20.9425
G01 X22.8665 Y20.9497
G01 X22.8699 Y20.9576
G01 X22.8746 Y20.9648
G01 X22.8804 Y20.9710
G01 X22.8873 Y20.9762
G01 X22.8937 Y20.9797
G01 X22.9019 Y20.9825
G01 X22.9091 Y20.9838
G01 X23.2152 Y20.9840
G01 X23.2225 Y20.9833
G01 X23.2285 Y20.9818
G01 X23.2343 Y20.9797
G01 X23.2397 Y20.9769
G01 X23.2447 Y20.9734
G01 X23.2493 Y20.9694
G01 X24.3263 Y19.8934
G01 X24.3304 Y19.8888
G01 X24.3339 Y19.8837
G01 X24.3367 Y19.8783
G01 X24.3385 Y19.8737
G01 X24.3403 Y19.8666
G01 X24.3410 Y19.8580
G01 X24.3410 Y17.6150
G01 X24.3402 Y17.6057
G01 X24.3410 Y17.5942
G01 X24.3410 Y17.5610
G01 X24.3516 Y17.4277
G01 X24.3717 Y17.3414
G01 X24.3772 Y17.3108
G01 X24.3803 Y17.3019
G01 X24.3830 Y17.2897
G01 X24.4184 Y17.2017
G01 X24.4281 Y17.1758
G01 X24.4325 Y17.1677
G01 X24.4399 Y17.1494
G01 X24.4887 Y17.0689
G01 X24.5028 Y17.0437
G01 X24.5091 Y17.0355
G01 X24.5167 Y17.0232
G01 X24.5925 Y16.9319
G01 X24.6025 Y16.9192
G01 X24.6113 Y16.9096
G01 X24.6224 Y16.8994
G01 X25.9834 Y15.5384
G01 X25.9959 Y15.5239
G01 X26.0256 Y15.4970
G01 X26.0309 Y15.4918
G01 X26.0504 Y15.4752
G01 X26.1065 Y15.4249
G01 X26.1215 Y15.4154
G01 X26.1310 Y15.4072
G01 X26.1621 Y15.3880
G01 X26.2252 Y15.3454
G01 X26.2405 Y15.3382
G01 X26.2543 Y15.3304
G01 X26.2778 Y15.3213
G01 X26.2927 Y15.3150
G01 X26.3620 Y15.2832
G01 X26.3765 Y15.2792
G01 X26.3921 Y15.2725
G01 X26.4462 Y15.2592
G01 X26.5081 Y15.2423
G01 X26.5264 Y15.2404
G01 X26.5373 Y15.2382
G01 X26.5989 Y15.2328
G01 X26.6675 Y15.2260
G01 X27.6570 Y15.2260
G01 X27.6668 Y15.2250
G01 X27.6750 Y15.2226
G01 X27.6827 Y15.2189
G01 X27.6897 Y15.2139
G01 X27.6964 Y15.2068
G01 X27.7017 Y15.1985
G01 X27.7052 Y15.1893
G01 X27.7065 Y15.1833
G01 X27.7069 Y15.1785
G01 X27.7070 Y14.8680
G01 X27.7068 Y14.8630
G01 X27.7052 Y14.8504
G01 X27.7070 Y14.8195
G01 X27.7070 Y14.8027
G01 X27.7099 Y14.7607
G01 X27.7128 Y14.7073
G01 X27.7165 Y14.6839
G01 X27.7183 Y14.6687
G01 X27.7301 Y14.6187
G01 X27.7422 Y14.5572
G01 X27.7476 Y14.5434
G01 X27.7506 Y14.5316
G01 X27.7724 Y14.4776
G01 X27.7937 Y14.4196
G01 X27.8000 Y14.4077
G01 X27.8056 Y14.3949
G01 X27.8365 Y14.3437
G01 X27.8679 Y14.2885
G01 X27.8784 Y14.2735
G01 X27.9229 Y14.2204
G01 X27.9649 Y14.1684
G01 X27.9687 Y14.1630
G01 X28.5753 Y13.5574
G01 X28.5816 Y13.5498
G01 X28.5862 Y13.5412
G01 X28.5882 Y13.5354
G01 X28.5895 Y13.5294
G01 X28.5900 Y13.5233
G01 X28.5899 Y13.5183
G01 X28.5890 Y13.5123
G01 X28.5875 Y13.5063
G01 X28.5852 Y13.5006
G01 X28.5823 Y13.4953
G01 X28.5787 Y13.4903
G01 X28.5745 Y13.4858
G01 X28.5698 Y13.4818
G01 X28.5647 Y13.4785
G01 X28.5591 Y13.4758
G01 X28.5533 Y13.4738
G01 X28.5473 Y13.4725
G01 X28.5412 Y13.4720
G01 X24.1030 Y13.4720
G01 X24.0957 Y13.4725
G01 X24.0885 Y13.4742
G01 X24.0838 Y13.4758
G01 X24.0783 Y13.4785
G01 X24.0732 Y13.4819
G01 X24.0694 Y13.4850
G01 X24.0456 Y13.5076
G01 X23.9776 Y13.5756
G01 X23.9702 Y13.5840
G01 X23.9635 Y13.5899
G01 X23.9321 Y13.6212
G01 X23.8866 Y13.6599
G01 X23.8585 Y13.6853
G01 X23.8508 Y13.6902
G01 X23.8321 Y13.7051
G01 X23.7757 Y13.7401
G01 X23.7413 Y13.7636
G01 X23.7342 Y13.7665
G01 X23.7298 Y13.7688
G01 X23.7115 Y13.7807
G01 X23.6256 Y13.8169
G01 X23.6027 Y13.8271
G01 X23.5949 Y13.8294
G01 X23.5718 Y13.8387
G01 X23.4874 Y13.8586
G01 X23.4522 Y13.8687
G01 X23.4437 Y13.8697
G01 X23.4307 Y13.8724
G01 X23.3018 Y13.8832
G01 X23.2948 Y13.8842
G01 X23.2855 Y13.8849
G01 X23.2670 Y13.8840
G01 X22.9091 Y13.8842
G01 X22.9030 Y13.8852
G01 X22.8960 Y13.8874
G01 X22.8904 Y13.8899
G01 X22.8842 Y13.8938
G01 X22.8795 Y13.8978
G01 X22.8753 Y13.9023
G01 X22.8711 Y13.9083
G01 X22.8683 Y13.9137
G01 X22.8652 Y13.9230
G01 X22.8642 Y13.9291
G01 X22.8640 Y13.9340
G01 X22.8640 Y16.1840
G01 X19.8640 Y16.1840
G01 X19.8640 Y9.6840
G01 X22.8640 Y9.6840
G01 X22.8640 Y11.8802
G01 X22.8645 Y11.8863
G01 X22.8658 Y11.8923
G01 X22.8678 Y11.8981
G01 X22.8699 Y11.9026
G01 X22.8731 Y11.9078
G01 X22.8769 Y11.9126
G01 X22.8813 Y11.9169
G01 X22.8862 Y11.9206
G01 X22.8915 Y11.9237
G01 X22.8971 Y11.9261
G01 X22.9018 Y11.9275
G01 X22.9079 Y11.9286
G01 X22.9140 Y11.9290
G01 X22.9201 Y11.9286
G01 X22.9261 Y11.9275
G01 X22.9320 Y11.9257
G01 X22.9375 Y11.9231
G01 X22.9418 Y11.9206
G01 X22.9493 Y11.9144
G01 X23.9113 Y10.9534
G01 X23.9161 Y10.9478
G01 X23.9195 Y10.9427
G01 X23.9226 Y10.9360
G01 X23.9245 Y10.9302
G01 X23.9256 Y10.9241
G01 X23.9260 Y10.9180
G01 X23.9260 Y9.6217
G01 X23.9254 Y9.6155
G01 X23.9237 Y9.6082
G01 X23.9220 Y9.6035
G01 X23.9129 Y9.5833
G01 X23.8944 Y9.5224
G01 X23.8806 Y9.4588
G01 X23.8760 Y9.3971
G01 X23.8760 Y8.7880
G01 X23.8751 Y8.7755
G01 X23.8760 Y8.7600
G01 X23.8760 Y8.1319
G01 X23.8806 Y8.0702
G01 X23.8944 Y8.0066
G01 X23.9132 Y7.9446
G01 X23.9448 Y7.8736
G01 X23.9937 Y7.8025
G01 X24.0404 Y7.7514
G01 X24.0924 Y7.7042
G01 X24.1593 Y7.6589
G01 X24.2181 Y7.6328
G01 X24.2915 Y7.6047
G01 X24.3707 Y7.5937
G01 X24.3910 Y7.5918
G01 X24.4177 Y7.5900
G01 X25.2333 Y7.5900
G01 X25.2600 Y7.5918
G01 X25.2805 Y7.5937
G01 X25.3516 Y7.6029
G01 X25.4361 Y7.6330
G01 X25.4967 Y7.6642
G01 X25.5512 Y7.7003
G01 X25.6135 Y7.7515
G01 X25.6649 Y7.8139
G01 X25.6971 Y7.8618
G01 X25.7346 Y7.9323
G01 X25.7576 Y8.0067
G01 X25.7714 Y8.0701
G01 X25.7760 Y8.1290
G01 X25.7761 Y8.4947
G01 X25.7767 Y8.4996
G01 X25.7792 Y8.5118
G01 X25.7937 Y8.5718
G01 X25.8106 Y8.6301
G01 X25.8124 Y8.6516
G01 X25.8146 Y8.6610
G01 X25.8193 Y8.7194
G01 X25.8270 Y8.7907
G01 X25.8270 Y11.2760
G01 X25.8289 Y11.3042
G01 X25.8270 Y11.3339
G01 X25.8270 Y11.3508
G01 X25.8251 Y11.3733
G01 X25.8212 Y11.4442
G01 X25.8168 Y11.4692
G01 X25.8157 Y11.4775
G01 X25.8069 Y11.5178
G01 X25.7928 Y11.5930
G01 X25.7874 Y11.6066
G01 X25.7844 Y11.6183
G01 X25.7644 Y11.6669
G01 X25.7403 Y11.7324
G01 X25.7340 Y11.7443
G01 X25.7284 Y11.7570
G01 X25.7017 Y11.8010
G01 X25.6693 Y11.8593
G01 X25.6577 Y11.8744
G01 X25.6508 Y11.8850
G01 X25.6260 Y11.9137
G01 X25.5636 Y11.9912
G01 X25.5601 Y11.9963
G01 X25.5573 Y12.0017
G01 X25.5555 Y12.0063
G01 X25.5542 Y12.0110
G01 X25.5532 Y12.0171
G01 X25.5532 Y12.0269
G01 X25.5540 Y12.0318
G01 X25.5555 Y12.0377
G01 X25.5589 Y12.0456
G01 X25.5628 Y12.0518
G01 X25.5676 Y12.0574
G01 X25.5732 Y12.0622
G01 X25.5794 Y12.0661
G01 X25.5873 Y12.0695
G01 X25.5945 Y12.0713
G01 X25.6018 Y12.0720
G01 X26.7950 Y12.0720
G01 X26.8011 Y12.0716
G01 X26.8071 Y12.0705
G01 X26.8130 Y12.0687
G01 X26.8186 Y12.0661
G01 X26.8267 Y12.0607
G01 X26.8312 Y12.0565
G01 X26.8344 Y12.0528
G01 X26.8372 Y12.0488
G01 X26.8402 Y12.0434
G01 X26.8425 Y12.0377
G01 X26.8438 Y12.0330
G01 X26.8448 Y12.0270
G01 X26.8450 Y12.0221
G01 X26.8448 Y12.0172
G01 X26.8438 Y12.0111
G01 X26.8407 Y12.0018
G01 X26.8379 Y11.9964
G01 X26.8352 Y11.9923
G01 X26.8313 Y11.9876
G01 X26.8268 Y11.9834
G01 X26.7078 Y11.8854
G01 X26.7019 Y11.8812
G01 X26.5886 Y11.7887
G01 X26.4869 Y11.6755
G01 X26.4071 Y11.5502
G01 X26.3504 Y11.4234
G01 X26.3294 Y11.3425
G01 X26.3125 Y11.2794
G01 X26.3116 Y11.2697
G01 X26.2942 Y11.1331
G01 X26.3017 Y10.9902
G01 X26.3141 Y10.9273
G01 X26.3303 Y10.8414
G01 X26.3825 Y10.7011
G01 X26.4532 Y10.5757
G01 X26.4573 Y10.5691
G01 X26.5563 Y10.4454
G01 X27.4423 Y9.5604
G01 X27.4486 Y9.5528
G01 X27.4532 Y9.5441
G01 X27.4560 Y9.5348
G01 X27.4570 Y9.5262
G01 X27.4570 Y8.8510
G01 X27.4565 Y8.8437
G01 X27.4545 Y8.8353
G01 X27.4527 Y8.8307
G01 X27.4499 Y8.8253
G01 X27.4472 Y8.8212
G01 X27.4432 Y8.8165
G01 X27.3014 Y8.6746
G01 X27.2913 Y8.6663
G01 X27.2763 Y8.6496
G01 X27.2588 Y8.6321
G01 X27.2222 Y8.5887
G01 X27.1935 Y8.5571
G01 X27.1856 Y8.5455
G01 X27.1754 Y8.5333
G01 X27.1457 Y8.4864
G01 X27.1108 Y8.4336
G01 X27.1033 Y8.4177
G01 X27.0986 Y8.4100
G01 X27.0671 Y8.3347
G01 X27.0506 Y8.2986
G01 X27.0485 Y8.2926
G01 X27.0406 Y8.2741
G01 X27.0176 Y8.1801
G01 X27.0094 Y8.1519
G01 X27.0082 Y8.1403
G01 X27.0055 Y8.1288
G01 X26.9931 Y7.9791
G01 X26.9940 Y7.9590
G01 X26.9939 Y6.8545
G01 X26.9935 Y6.8497
G01 X26.9922 Y6.8437
G01 X26.9906 Y6.8390
G01 X26.9881 Y6.8334
G01 X26.9856 Y6.8292
G01 X26.9819 Y6.8243
G01 X26.9785 Y6.8208
G01 X26.9738 Y6.8168
G01 X26.9686 Y6.8135
G01 X26.9643 Y6.8113
G01 X26.9550 Y6.8082
G01 X26.9465 Y6.8071
G01 X26.9310 Y6.8070
G01 X26.9310 Y4.8070
G01 X28.9310 Y4.8070
G01 X28.9310 Y6.8087
G01 X28.9237 Y6.8113
G01 X28.9162 Y6.8154
G01 X28.9104 Y6.8200
G01 X28.9046 Y6.8262
G01 X28.8999 Y6.8334
G01 X28.8969 Y6.8402
G01 X28.8950 Y6.8472
G01 X28.8940 Y6.8558
G01 X28.8940 Y7.5592
G01 X28.8950 Y7.5678
G01 X28.8974 Y7.5760
G01 X28.9011 Y7.5837
G01 X28.9053 Y7.5897
G01 X28.9396 Y7.6244
G01 X28.9462 Y7.6299
G01 X28.9525 Y7.6337
G01 X28.9593 Y7.6365
G01 X28.9665 Y7.6383
G01 X28.9738 Y7.6390
G01 X31.2070 Y7.6390
G01 X31.2070 Y9.9565
G01 X31.2021 Y9.9633
G01 X31.1984 Y9.9710
G01 X31.1960 Y9.9792
G01 X31.1950 Y9.9878
G01 X31.1950 Y10.4292
G01 X31.1960 Y10.4378
G01 X31.1983 Y10.4460
G01 X31.2326 Y10.5234
G01 X31.2686 Y10.6656
G01 X31.2830 Y10.8115
G01 X31.2753 Y10.9622
G01 X31.2431 Y11.1051
G01 X31.2381 Y11.1176
G01 X31.1926 Y11.2406
G01 X31.1166 Y11.3715
G01 X31.0265 Y11.4846
G01 X30.9152 Y11.5845
G01 X30.7955 Y11.6652
G01 X30.6600 Y11.7268
G01 X30.5143 Y11.7666
G01 X30.3544 Y11.7830
G01 X30.2840 Y11.7830
G01 X30.2684 Y11.7839
G01 X30.2471 Y11.7830
G01 X30.2263 Y11.7830
G01 X30.2096 Y11.7821
G01 X30.1866 Y11.7801
G01 X30.1158 Y11.7763
G01 X30.1024 Y11.7729
G01 X30.0939 Y11.7720
G01 X29.9539 Y11.7391
G01 X29.8837 Y11.7116
G01 X29.8643 Y11.7035
G01 X29.8358 Y11.6930
G01 X29.8204 Y11.6857
G01 X29.7642 Y11.6508
G01 X29.7079 Y11.6184
G01 X29.6996 Y11.6120
G01 X29.6923 Y11.6073
G01 X29.6318 Y11.5574
G01 X29.5926 Y11.5268
G01 X29.5859 Y11.5191
G01 X29.5790 Y11.5131
G01 X29.4811 Y11.4019
G01 X29.4292 Y11.3202
G01 X29.4134 Y11.2961
G01 X29.4102 Y11.2898
G01 X29.4034 Y11.2787
G01 X29.3434 Y11.1427
G01 X29.3074 Y11.0004
G01 X29.2931 Y10.8556
G01 X29.2950 Y10.8090
G01 X29.2950 Y10.5180
G01 X29.2948 Y10.5131
G01 X29.2938 Y10.5070
G01 X29.2907 Y10.4977
G01 X29.2859 Y10.4892
G01 X29.2821 Y10.4844
G01 X29.2786 Y10.4810
G01 X29.2707 Y10.4751
G01 X29.2619 Y10.4709
G01 X29.2560 Y10.4692
G01 X29.2511 Y10.4684
G01 X29.2462 Y10.4680
G01 X29.2401 Y10.4682
G01 X29.2305 Y10.4701
G01 X29.2248 Y10.4723
G01 X29.2193 Y10.4751
G01 X29.2143 Y10.4786
G01 X29.2097 Y10.4826
G01 X27.9052 Y11.7861
G01 X27.8075 Y11.8686
G01 X27.8018 Y11.8727
G01 X27.6662 Y11.9871
G01 X27.6615 Y11.9926
G01 X27.6571 Y12.0000
G01 X27.6540 Y12.0079
G01 X27.6523 Y12.0163
G01 X27.6521 Y12.0248
G01 X27.6533 Y12.0333
G01 X27.6555 Y12.0403
G01 X27.6592 Y12.0479
G01 X27.6627 Y12.0529
G01 X27.6668 Y12.0575
G01 X27.6723 Y12.0623
G01 X27.6775 Y12.0656
G01 X27.6830 Y12.0682
G01 X27.6899 Y12.0705
G01 X27.6959 Y12.0716
G01 X27.7020 Y12.0720
G01 X31.4990 Y12.0720
G01 X31.5088 Y12.0710
G01 X31.5181 Y12.0682
G01 X31.5268 Y12.0636
G01 X31.5344 Y12.0574
G01 X31.5406 Y12.0498
G01 X31.5452 Y12.0411
G01 X31.5480 Y12.0318
G01 X31.5490 Y12.0220
G01 X34.3990 Y12.0220
G01 X34.3990 Y13.9032
G01 X34.3994 Y13.9081
G01 X34.4005 Y13.9141
G01 X34.4024 Y13.9200
G01 X34.4049 Y13.9256
G01 X34.4081 Y13.9308
G01 X34.4120 Y13.9356
G01 X34.4163 Y13.9399
G01 X34.4202 Y13.9429
G01 X34.4254 Y13.9461
G01 X34.4310 Y13.9486
G01 X34.4369 Y13.9505
G01 X34.4417 Y13.9515
G01 X34.4478 Y13.9520
G01 X34.4539 Y13.9518
G01 X34.4600 Y13.9508
G01 X34.4658 Y13.9491
G01 X34.4747 Y13.9449
G01 X34.4788 Y13.9422
G01 X34.4835 Y13.9382
G01 X34.7352 Y13.6865
G01 X34.7406 Y13.6798
G01 X34.7447 Y13.6723
G01 X34.7475 Y13.6641
G01 X34.7489 Y13.6557
G01 X34.7490 Y9.9760
G01 X34.7485 Y9.9687
G01 X34.7465 Y9.9604
G01 X34.7431 Y9.9525
G01 X34.7377 Y9.9444
G01 X34.7318 Y9.9383
G01 X34.7238 Y9.9326
G01 X34.7161 Y9.9290
G01 X34.7066 Y9.9266
G01 X34.6981 Y9.9260
G01 X34.6896 Y9.9269
G01 X34.6826 Y9.9288
G01 X34.6769 Y9.9311
G01 X34.6133 Y9.9624
G01 X34.6066 Y9.9666
G01 X34.5982 Y9.9706
G01 X34.5887 Y9.9765
G01 X34.5579 Y9.9896
G01 X34.5466 Y9.9959
G01 X34.5414 Y9.9994
G01 X34.5367 Y10.0036
G01 X34.0171 Y10.5221
G01 X33.9186 Y10.6054
G01 X33.8167 Y10.6685
G01 X33.7917 Y10.6845
G01 X33.6564 Y10.7413
G01 X33.5130 Y10.7755
G01 X33.3685 Y10.7879
G01 X33.2212 Y10.7784
G01 X33.1763 Y10.7681
G01 X33.0769 Y10.7470
G01 X32.9411 Y10.6910
G01 X32.8610 Y10.6447
G01 X32.8164 Y10.6196
G01 X32.7006 Y10.5247
G01 X32.5992 Y10.4121
G01 X32.5212 Y10.2903
G01 X32.4613 Y10.1553
G01 X32.4244 Y10.0151
G01 X32.4062 Y9.8692
G01 X32.4138 Y9.7254
G01 X32.4423 Y9.5775
G01 X32.4945 Y9.4371
G01 X32.5686 Y9.3061
G01 X32.6683 Y9.1814
G01 X33.1783 Y8.6724
G01 X33.1846 Y8.6648
G01 X33.1887 Y8.6573
G01 X33.1908 Y8.6515
G01 X33.1920 Y8.6468
G01 X33.1930 Y8.6370
G01 X33.1930 Y7.8910
G01 X33.2035 Y7.7607
G01 X33.2368 Y7.6152
G01 X33.2917 Y7.4827
G01 X33.3681 Y7.3569
G01 X33.4677 Y7.2377
G01 X33.4712 Y7.2328
G01 X33.4752 Y7.2251
G01 X33.4780 Y7.2158
G01 X33.4790 Y7.2060
G01 X33.4780 Y7.1962
G01 X33.4756 Y7.1880
G01 X33.4719 Y7.1803
G01 X33.4669 Y7.1733
G01 X33.4607 Y7.1673
G01 X33.4547 Y7.1631
G01 X33.4470 Y7.1594
G01 X33.4388 Y7.1570
G01 X33.4302 Y7.1560
G01 X32.3660 Y7.1560
G01 X32.3660 Y4.5060
G01 X32.3653 Y4.4975
G01 X32.3631 Y4.4892
G01 X32.3601 Y4.4824
G01 X32.3562 Y4.4762
G01 X32.3514 Y4.4706
G01 X32.3448 Y4.4651
G01 X32.3385 Y4.4613
G01 X32.3317 Y4.4585
G01 X32.3245 Y4.4567
G01 X32.3172 Y4.4560
G01 X31.3660 Y4.4560
G01 X31.3660 Y3.9596
G01 X31.7661 Y3.9596
G01 X31.7662 Y4.0100
G01 X31.7679 Y4.0196
G01 X31.7714 Y4.0288
G01 X31.7745 Y4.0341
G01 X31.7791 Y4.0399
G01 X31.7834 Y4.0442
G01 X31.7894 Y4.0485
G01 X31.7958 Y4.0520
G01 X31.8016 Y4.0541
G01 X31.8076 Y4.0556
G01 X31.8136 Y4.0562
G01 X33.4661 Y4.0563
G01 X33.4746 Y4.0556
G01 X33.4829 Y4.0534
G01 X33.4907 Y4.0498
G01 X33.4978 Y4.0450
G01 X33.5015 Y4.0417
G01 X33.5055 Y4.0371
G01 X33.5090 Y4.0320
G01 X33.5113 Y4.0277
G01 X33.5132 Y4.0231
G01 X33.5149 Y4.0173
G01 X33.5157 Y4.0124
G01 X33.5161 Y4.0063
G01 X33.5161 Y2.7063
G01 X33.5157 Y2.7002
G01 X33.5143 Y2.6930
G01 X33.5118 Y2.6860
G01 X33.5077 Y2.6785
G01 X33.5031 Y2.6727
G01 X33.4969 Y2.6669
G01 X33.4907 Y2.6628
G01 X33.4829 Y2.6592
G01 X33.4746 Y2.6570
G01 X33.4673 Y2.6563
G01 X31.8124 Y2.6564
G01 X31.8040 Y2.6578
G01 X31.7970 Y2.6601
G01 X31.7894 Y2.6641
G01 X31.7834 Y2.6684
G01 X31.7774 Y2.6746
G01 X31.7732 Y2.6806
G01 X31.7695 Y2.6883
G01 X31.7673 Y2.6953
G01 X31.7663 Y2.7014
G01 X31.7661 Y2.7063
G01 X31.7661 Y2.8590
G01 X31.3660 Y2.8590
G01 X31.3660 Y2.2560
G01 X33.4660 Y2.2560
G01 X33.4733 Y2.2555
G01 X33.4817 Y2.2535
G01 X33.4885 Y2.2507
G01 X33.4958 Y2.2462
G01 X33.5014 Y2.2414
G01 X33.5069 Y2.2348
G01 X33.5107 Y2.2285
G01 X33.5138 Y2.2205
G01 X33.5155 Y2.2133
G01 X33.5160 Y2.2060
G01 X33.5160 Y1.9560
G01 X36.2160 Y1.9560
G01 X36.2160 Y4.8260
G01 X36.2164 Y4.8321
G01 X36.2182 Y4.8405
G01 X36.2208 Y4.8474
G01 X36.2251 Y4.8548
G01 X36.2306 Y4.8614
G01 X36.2372 Y4.8669
G01 X36.2435 Y4.8707
G01 X36.2515 Y4.8738
G01 X36.2599 Y4.8756
G01 X36.2660 Y4.8760
G01 X36.5660 Y4.8760
G01 X36.5758 Y4.8750
G01 X36.5851 Y4.8722
G01 X36.5938 Y4.8676
G01 X36.6014 Y4.8614
G01 X36.6076 Y4.8538
G01 X36.6117 Y4.8463
G01 X36.6148 Y4.8370
G01 X36.6160 Y4.8272
G01 X36.6160 Y1.9560
G01 X38.5160 Y1.9560
G01 X38.5160 Y2.2060
G01 X38.5165 Y2.2133
G01 X38.5185 Y2.2217
G01 X38.5219 Y2.2296
G01 X38.5266 Y2.2368
G01 X38.5324 Y2.2430
G01 X38.5393 Y2.2482
G01 X38.5469 Y2.2522
G01 X38.5550 Y2.2548
G01 X38.5623 Y2.2559
G01 X40.6660 Y2.2560
G01 X40.6660 Y4.4560
G01 X39.7135 Y4.4561
G01 X39.7050 Y4.4572
G01 X39.6969 Y4.4598
G01 X39.6893 Y4.4638
G01 X39.6833 Y4.4681
G01 X39.6773 Y4.4743
G01 X39.6731 Y4.4803
G01 X39.6694 Y4.4880
G01 X39.6670 Y4.4962
G01 X39.6660 Y4.5060
G01 X39.6660 Y7.1560
G01 X37.6162 Y7.1560
G01 X37.6162 Y6.0151
G01 X37.6148 Y5.9869
G01 X37.6102 Y5.9565
G01 X37.6029 Y5.9280
G01 X37.5938 Y5.9026
G01 X37.5911 Y5.8965
G01 X37.5911 Y5.3263
G01 X37.5907 Y5.3202
G01 X37.5893 Y5.3130
G01 X37.5863 Y5.3049
G01 X37.5827 Y5.2985
G01 X37.5781 Y5.2927
G01 X37.5728 Y5.2876
G01 X37.5668 Y5.2834
G01 X37.5602 Y5.2801
G01 X37.5521 Y5.2775
G01 X37.5448 Y5.2764
G01 X37.0899 Y5.2763
G01 X37.0813 Y5.2773
G01 X37.0720 Y5.2801
G01 X37.0633 Y5.2847
G01 X37.0557 Y5.2909
G01 X37.0495 Y5.2985
G01 X37.0454 Y5.3060
G01 X37.0423 Y5.3153
G01 X37.0412 Y5.3238
G01 X37.0411 Y5.8965
G01 X37.0384 Y5.9026
G01 X37.0293 Y5.9280
G01 X37.0220 Y5.9565
G01 X37.0174 Y5.9869
G01 X37.0160 Y6.0151
G01 X37.0160 Y7.1560
G01 X36.6840 Y7.1560
G01 X36.6779 Y7.1564
G01 X36.6695 Y7.1582
G01 X36.6604 Y7.1619
G01 X36.6532 Y7.1666
G01 X36.6470 Y7.1724
G01 X36.6418 Y7.1793
G01 X36.6378 Y7.1869
G01 X36.6352 Y7.1950
G01 X36.6341 Y7.2035
G01 X36.6340 Y11.9720
G01 X36.6345 Y11.9793
G01 X36.6362 Y11.9865
G01 X36.6393 Y11.9945
G01 X36.6431 Y12.0008
G01 X36.6486 Y12.0074
G01 X36.6542 Y12.0122
G01 X36.6615 Y12.0167
G01 X36.6683 Y12.0195
G01 X36.6755 Y12.0213
G01 X36.6828 Y12.0220
G01 X39.3490 Y12.0220
G01 X39.3491 Y17.1057
G01 X39.3505 Y17.1141
G01 X39.3533 Y17.1223
G01 X39.3574 Y17.1298
G01 X39.3628 Y17.1365
G01 X39.3692 Y17.1422
G01 X39.3765 Y17.1467
G01 X39.3845 Y17.1498
G01 X39.3941 Y17.1518
G01 X39.7770 Y17.1520
G01 X39.7843 Y17.1515
G01 X39.7915 Y17.1498
G01 X39.7995 Y17.1467
G01 X39.8058 Y17.1429
G01 X39.8115 Y17.1382
G01 X40.2373 Y16.7134
G01 X40.2428 Y16.7068
G01 X40.2466 Y16.7005
G01 X40.2498 Y16.6925
G01 X40.2516 Y16.6841
G01 X40.2520 Y16.6780
G01 X40.2520 Y12.0370
G01 X40.2517 Y12.0317
G01 X40.2502 Y12.0199
G01 X40.2519 Y11.9824
G01 X40.2520 Y11.9731
G01 X40.2559 Y11.9257
G01 X40.2590 Y11.8666
G01 X40.2613 Y11.8476
G01 X40.2769 Y11.7803
G01 X40.2863 Y11.7307
G01 X40.2928 Y11.7126
G01 X40.2947 Y11.7037
G01 X40.3395 Y11.5880
G01 X40.3461 Y11.5755
G01 X40.3503 Y11.5657
G01 X40.3829 Y11.5117
G01 X40.4113 Y11.4608
G01 X40.4238 Y11.4433
G01 X40.4708 Y11.3856
G01 X40.5093 Y11.3374
G01 X42.6073 Y9.2404
G01 X42.6158 Y9.2301
G01 X42.6355 Y9.2122
G01 X42.6500 Y9.1977
G01 X42.6851 Y9.1675
G01 X42.7261 Y9.1314
G01 X42.7407 Y9.1214
G01 X42.7502 Y9.1125
G01 X42.7950 Y9.0851
G01 X42.8447 Y9.0516
G01 X42.8599 Y9.0444
G01 X42.8715 Y9.0378
G01 X42.9493 Y9.0047
G01 X42.9683 Y8.9962
G01 X42.9805 Y8.9902
G01 X42.9889 Y8.9877
G01 X43.0033 Y8.9821
G01 X43.0114 Y8.9785
G01 X43.1011 Y8.9565
G01 X43.1250 Y8.9495
G01 X43.1385 Y8.9483
G01 X43.1543 Y8.9445
G01 X43.2985 Y8.9321
G01 X43.3160 Y8.9330
G01 X48.0960 Y8.9330
G01 X48.1116 Y8.9321
G01 X48.1340 Y8.9330
G01 X49.4450 Y8.9330
G01 X49.4511 Y8.9326
G01 X49.4583 Y8.9312
G01 X49.4653 Y8.9287
G01 X49.4707 Y8.9259
G01 X49.4758 Y8.9224
G01 X49.4804 Y8.9184
G01 X49.4852 Y8.9128
G01 X49.4885 Y8.9076
G01 X49.4912 Y8.9021
G01 X49.4932 Y8.8963
G01 X49.4946 Y8.8891
G01 X49.4950 Y8.8830
G01 X49.4950 Y6.8570
G01 X49.4940 Y6.8472
G01 X49.4912 Y6.8379
G01 X49.4866 Y6.8292
G01 X49.4804 Y6.8216
G01 X49.4728 Y6.8154
G01 X49.4641 Y6.8108
G01 X49.4548 Y6.8080
G01 X49.4450 Y6.8070
G01 X49.4450 Y4.8070
G01 X51.4450 Y4.8070
G01 X51.4450 Y6.8070
G01 X51.4352 Y6.8080
G01 X51.4259 Y6.8108
G01 X51.4172 Y6.8154
G01 X51.4096 Y6.8216
G01 X51.4034 Y6.8292
G01 X51.3988 Y6.8379
G01 X51.3960 Y6.8472
G01 X51.3950 Y6.8570
G01 X51.3950 Y9.8470
G01 X51.3959 Y9.8630
G01 X51.3950 Y9.8780
G01 X51.3950 Y9.8998
G01 X51.3931 Y9.9223
G01 X51.3883 Y10.0115
G01 X51.3859 Y10.0214
G01 X51.3849 Y10.0284
G01 X51.3761 Y10.0655
G01 X51.3611 Y10.1351
G01 X51.3585 Y10.1429
G01 X51.3573 Y10.1494
G01 X51.3515 Y10.1719
G01 X51.3352 Y10.2104
G01 X51.3076 Y10.2875
G01 X51.2999 Y10.3005
G01 X51.2955 Y10.3096
G01 X51.2779 Y10.3387
G01 X51.2295 Y10.4211
G01 X51.2117 Y10.4441
G01 X51.1390 Y10.5359
G01 X51.1301 Y10.5433
G01 X51.0302 Y10.6325
G01 X51.0232 Y10.6374
G01 X51.0108 Y10.6486
G01 X50.9121 Y10.7126
G01 X50.8989 Y10.7187
G01 X50.8903 Y10.7238
G01 X50.8516 Y10.7414
G01 X50.7889 Y10.7693
G01 X50.7553 Y10.7834
G01 X50.6598 Y10.8075
G01 X50.6244 Y10.8173
G01 X50.6136 Y10.8195
G01 X50.4671 Y10.8339
G01 X50.4460 Y10.8330
G01 X49.1325 Y10.8331
G01 X49.1240 Y10.8342
G01 X49.1159 Y10.8368
G01 X49.1083 Y10.8408
G01 X49.1014 Y10.8460
G01 X49.0956 Y10.8522
G01 X49.0909 Y10.8594
G01 X49.0875 Y10.8673
G01 X49.0855 Y10.8757
G01 X49.0850 Y10.8830
G01 X49.0850 Y21.9940
G01 X49.0853 Y21.9999
G01 X49.0869 Y22.0107
G01 X49.0850 Y22.0425
G01 X49.0850 Y22.0579
G01 X49.0821 Y22.0937
G01 X49.0792 Y22.1549
G01 X49.0764 Y22.1725
G01 X49.0746 Y22.1897
G01 X49.0640 Y22.2352
G01 X49.0507 Y22.3017
G01 X49.0451 Y22.3176
G01 X49.0414 Y22.3324
G01 X49.0177 Y22.3900
G01 X48.9993 Y22.4397
G01 X48.9926 Y22.4522
G01 X48.9857 Y22.4703
G01 X48.9248 Y22.5725
G01 X48.9168 Y22.5827
G01 X48.9093 Y22.5947
G01 X48.8487 Y22.6668
G01 X48.8245 Y22.6978
G01 X48.8202 Y22.7022
G01 X48.8165 Y22.7070
G01 X48.8087 Y22.7136
G01 X46.9377 Y24.5836
G01 X46.9314 Y24.5912
G01 X46.9289 Y24.5954
G01 X46.9264 Y24.6010
G01 X46.9240 Y24.6092
G01 X46.9230 Y24.6190
G01 X46.9230 Y27.6920
G01 X46.9232 Y27.6970
G01 X46.9248 Y27.7097
G01 X46.9230 Y27.7426
G01 X46.9230 Y27.7553
G01 X46.9162 Y27.8614
G01 X46.9137 Y27.8824
G01 X46.8999 Y27.9413
G01 X46.8880 Y28.0022
G01 X46.8824 Y28.0158
G01 X46.8790 Y28.0301
G01 X46.8574 Y28.0829
G01 X46.8362 Y28.1407
G01 X46.8306 Y28.1511
G01 X46.8259 Y28.1627
G01 X46.7951 Y28.2144
G01 X46.7640 Y28.2688
G01 X46.7508 Y28.2876
G01 X46.7071 Y28.3396
G01 X46.6651 Y28.3916
G01 X46.6613 Y28.3970
G01 X44.1307 Y30.9266
G01 X44.1174 Y30.9426
G01 X44.1024 Y30.9550
G01 X44.0840 Y30.9733
G01 X44.0489 Y31.0035
G01 X44.0095 Y31.0383
G01 X43.9935 Y31.0494
G01 X43.9839 Y31.0584
G01 X43.9420 Y31.0839
G01 X43.8892 Y31.1197
G01 X43.8732 Y31.1265
G01 X43.8617 Y31.1336
G01 X43.7896 Y31.1639
G01 X43.7642 Y31.1755
G01 X43.7587 Y31.1785
G01 X43.7508 Y31.1845
G01 X43.7466 Y31.1890
G01 X43.7436 Y31.1930
G01 X43.7410 Y31.1972
G01 X43.7384 Y31.2028
G01 X43.7358 Y31.2124
G01 X43.7350 Y31.2210
G01 X43.7350 Y40.4420
G01 X43.7360 Y40.4518
G01 X43.7388 Y40.4611
G01 X43.7409 Y40.4656
G01 X43.7441 Y40.4708
G01 X43.7480 Y40.4756
G01 X43.7523 Y40.4799
G01 X43.7572 Y40.4836
G01 X43.7614 Y40.4861
G01 X43.7670 Y40.4886
G01 X43.7729 Y40.4905
G01 X43.7789 Y40.4916
G01 X43.7850 Y40.4920
G01 X43.7911 Y40.4916
G01 X43.7960 Y40.4908
G01 X43.8007 Y40.4895
G01 X43.8064 Y40.4872
G01 X43.8117 Y40.4842
G01 X43.8167 Y40.4807
G01 X44.3529 Y39.9448
G01 X44.4444 Y39.8674
G01 X44.4509 Y39.8627
G01 X44.5766 Y39.7843
G01 X44.6802 Y39.7412
G01 X44.7118 Y39.7276
G01 X44.8550 Y39.6935
G01 X44.9995 Y39.6811
G01 X45.1468 Y39.6906
G01 X45.1917 Y39.7009
G01 X45.2911 Y39.7220
G01 X45.4269 Y39.7780
G01 X45.4950 Y39.8173
G01 X45.5502 Y39.8486
G01 X45.6674 Y39.9443
G01 X45.7691 Y40.0574
G01 X45.8469 Y40.1788
G01 X45.9077 Y40.3147
G01 X45.9761 Y40.5744
G01 X45.9781 Y40.5789
G01 X45.9811 Y40.5843
G01 X45.9840 Y40.5883
G01 X45.9881 Y40.5928
G01 X45.9918 Y40.5961
G01 X45.9968 Y40.5996
G01 X46.0022 Y40.6025
G01 X46.0068 Y40.6043
G01 X46.0115 Y40.6057
G01 X46.0176 Y40.6067
G01 X46.0238 Y40.6070
G01 X46.0299 Y40.6065
G01 X46.0347 Y40.6056
G01 X46.0406 Y40.6038
G01 X46.0462 Y40.6013
G01 X46.0504 Y40.5988
G01 X46.0554 Y40.5951
G01 X46.2175 Y40.4574
G01 X46.2239 Y40.4527
G01 X46.3496 Y40.3743
G01 X46.4846 Y40.3177
G01 X46.6280 Y40.2835
G01 X46.7725 Y40.2711
G01 X46.9198 Y40.2806
G01 X46.9647 Y40.2909
G01 X47.0641 Y40.3120
G01 X47.1999 Y40.3680
G01 X47.2680 Y40.4073
G01 X47.3232 Y40.4386
G01 X47.4403 Y40.5343
G01 X47.5227 Y40.6263
G01 X47.5422 Y40.6476
G01 X47.6199 Y40.7688
G01 X47.6777 Y40.8977
G01 X47.7178 Y41.0495
G01 X47.7348 Y41.1887
G01 X47.7273 Y41.3316
G01 X47.7261 Y41.3396
G01 X47.6988 Y41.4808
G01 X47.6465 Y41.6220
G01 X47.5965 Y41.7113
G01 X47.5726 Y41.7527
G01 X47.4727 Y41.8776
G01 X45.7227 Y43.6266
G01 X45.7094 Y43.6426
G01 X45.6944 Y43.6550
G01 X45.6760 Y43.6733
G01 X45.6409 Y43.7035
G01 X45.6015 Y43.7383
G01 X45.5895 Y43.7464
G01 X45.5775 Y43.7564
G01 X45.5377 Y43.7811
G01 X45.4811 Y43.8198
G01 X45.4652 Y43.8265
G01 X45.4537 Y43.8336
G01 X45.3816 Y43.8639
G01 X45.3453 Y43.8807
G01 X45.3280 Y43.8863
G01 X45.3143 Y43.8926
G01 X45.2249 Y43.9145
G01 X45.2010 Y43.9215
G01 X45.1875 Y43.9227
G01 X45.1717 Y43.9265
G01 X45.0363 Y43.9382
G01 X45.0304 Y43.9390
G01 X45.0090 Y43.9380
G01 X43.7838 Y43.9380
G01 X43.7777 Y43.9385
G01 X43.7717 Y43.9398
G01 X43.7659 Y43.9418
G01 X43.7604 Y43.9445
G01 X43.7552 Y43.9478
G01 X43.7496 Y43.9526
G01 X43.7456 Y43.9572
G01 X43.7421 Y43.9623
G01 X43.7393 Y43.9677
G01 X43.7368 Y43.9747
G01 X43.7354 Y43.9819
G01 X43.7350 Y43.9880
G01 X43.7350 Y47.6980
G01 X40.8350 Y47.6980
G01 X40.8350 Y29.3880
G01 X41.9772 Y29.3880
G01 X41.9834 Y29.3874
G01 X41.9895 Y29.3862
G01 X42.1033 Y29.3543
G01 X42.2626 Y29.3380
G01 X43.0090 Y29.3380
G01 X43.0151 Y29.3376
G01 X43.0200 Y29.3368
G01 X43.0247 Y29.3355
G01 X43.0304 Y29.3332
G01 X43.0378 Y29.3289
G01 X43.0443 Y29.3234
G01 X45.0116 Y27.3567
G01 X45.0165 Y27.3497
G01 X45.0201 Y27.3418
G01 X45.0223 Y27.3336
G01 X45.0230 Y27.3250
G01 X45.0230 Y24.2520
G01 X45.0228 Y24.2470
G01 X45.0212 Y24.2344
G01 X45.0230 Y24.2035
G01 X45.0230 Y24.1869
G01 X45.0269 Y24.1349
G01 X45.0300 Y24.0812
G01 X45.0324 Y24.0624
G01 X45.0468 Y23.9979
G01 X45.0581 Y23.9413
G01 X45.0636 Y23.9274
G01 X45.0673 Y23.9129
G01 X45.0937 Y23.8479
G01 X45.1098 Y23.8034
G01 X45.1172 Y23.7894
G01 X45.1217 Y23.7787
G01 X45.1568 Y23.7209
G01 X45.1827 Y23.6747
G01 X45.1903 Y23.6642
G01 X45.1949 Y23.6570
G01 X45.2389 Y23.6044
G01 X45.2809 Y23.5524
G01 X45.2847 Y23.5470
G01 X47.1703 Y21.6624
G01 X47.1744 Y21.6578
G01 X47.1779 Y21.6527
G01 X47.1807 Y21.6473
G01 X47.1825 Y21.6427
G01 X47.1843 Y21.6356
G01 X47.1850 Y21.6270
G01 X47.1850 Y10.8830
G01 X47.1843 Y10.8745
G01 X47.1821 Y10.8662
G01 X47.1785 Y10.8584
G01 X47.1729 Y10.8503
G01 X47.1667 Y10.8443
G01 X47.1596 Y10.8395
G01 X47.1518 Y10.8359
G01 X47.1435 Y10.8337
G01 X47.1350 Y10.8330
G01 X43.7250 Y10.8330
G01 X43.7177 Y10.8335
G01 X43.7105 Y10.8352
G01 X43.7047 Y10.8373
G01 X43.6993 Y10.8401
G01 X43.6942 Y10.8436
G01 X43.6897 Y10.8476
G01 X42.1667 Y12.3696
G01 X42.1626 Y12.3742
G01 X42.1598 Y12.3782
G01 X42.1568 Y12.3836
G01 X42.1545 Y12.3893
G01 X42.1525 Y12.3977
G01 X42.1520 Y12.4050
G01 X42.1520 Y15.4020
G01 X42.1525 Y15.4093
G01 X42.1542 Y15.4165
G01 X42.1568 Y15.4234
G01 X42.1604 Y15.4298
G01 X42.1649 Y15.4356
G01 X42.1703 Y15.4406
G01 X42.1763 Y15.4449
G01 X42.1829 Y15.4482
G01 X42.1898 Y15.4505
G01 X42.1971 Y15.4518
G01 X42.2044 Y15.4519
G01 X42.2117 Y15.4510
G01 X42.2188 Y15.4491
G01 X42.2256 Y15.4461
G01 X42.2308 Y15.4429
G01 X42.2365 Y15.4382
G01 X43.3833 Y14.2924
G01 X43.3889 Y14.2858
G01 X43.3927 Y14.2795
G01 X43.3955 Y14.2727
G01 X43.3973 Y14.2656
G01 X43.3980 Y14.2582
G01 X43.3980 Y13.6909
G01 X43.4026 Y13.6291
G01 X43.4182 Y13.5558
G01 X43.4403 Y13.4951
G01 X43.4734 Y13.4232
G01 X43.5146 Y13.3656
G01 X43.5604 Y13.3106
G01 X43.6228 Y13.2592
G01 X43.6647 Y13.2313
G01 X43.7378 Y13.1874
G01 X43.8177 Y13.1656
G01 X43.8793 Y13.1526
G01 X43.9409 Y13.1480
G01 X44.7561 Y13.1480
G01 X44.8170 Y13.1525
G01 X44.8231 Y13.1536
G01 X44.8779 Y13.1653
G01 X44.9538 Y13.1886
G01 X44.9583 Y13.1901
G01 X45.0225 Y13.2241
G01 X45.0818 Y13.2633
G01 X45.1335 Y13.3103
G01 X45.1751 Y13.3565
G01 X45.2239 Y13.4237
G01 X45.2558 Y13.4922
G01 X45.2842 Y13.5701
G01 X45.2943 Y13.6435
G01 X45.2980 Y13.6881
G01 X45.2980 Y14.6060
G01 X45.3009 Y14.6408
G01 X45.2980 Y14.6920
G01 X45.2980 Y14.9526
G01 X45.2952 Y15.0038
G01 X45.2834 Y15.0813
G01 X45.2557 Y15.1551
G01 X45.2311 Y15.2107
G01 X45.2103 Y15.2414
G01 X45.1761 Y15.2932
G01 X45.0932 Y15.3761
G01 X45.0147 Y15.4281
G01 X44.9417 Y15.4614
G01 X44.8936 Y15.4769
G01 X44.8861 Y15.4809
G01 X44.8785 Y15.4868
G01 X43.6917 Y16.6726
G01 X43.6854 Y16.6802
G01 X43.6808 Y16.6889
G01 X43.6780 Y16.6982
G01 X43.6770 Y16.7080
G01 X43.6772 Y16.9719
G01 X43.6785 Y16.9792
G01 X43.6804 Y16.9851
G01 X43.6830 Y16.9907
G01 X43.6869 Y16.9969
G01 X43.6918 Y17.0025
G01 X43.6964 Y17.0065
G01 X43.7015 Y17.0100
G01 X43.7070 Y17.0128
G01 X43.7139 Y17.0153
G01 X43.7200 Y17.0165
G01 X43.7274 Y17.0170
G01 X43.7335 Y17.0166
G01 X43.8800 Y16.9865
G01 X43.9409 Y16.9820
G01 X44.7561 Y16.9820
G01 X44.8170 Y16.9865
G01 X44.8779 Y16.9993
G01 X44.9441 Y17.0194
G01 X45.0102 Y17.0492
G01 X45.0932 Y17.1039
G01 X45.1762 Y17.1870
G01 X45.2272 Y17.2625
G01 X45.2538 Y17.3212
G01 X45.2834 Y17.3989
G01 X45.2950 Y17.4738
G01 X45.2980 Y17.5255
G01 X45.2980 Y20.6330
G01 X45.2998 Y20.6514
G01 X45.2992 Y20.6657
G01 X45.2981 Y20.6746
G01 X45.2980 Y20.6974
G01 X45.2962 Y20.7150
G01 X45.2911 Y20.8010
G01 X45.2903 Y20.8094
G01 X45.2890 Y20.8201
G01 X45.2872 Y20.8293
G01 X45.2769 Y20.8733
G01 X45.2637 Y20.9403
G01 X45.2581 Y20.9557
G01 X45.2543 Y20.9705
G01 X45.2342 Y21.0204
G01 X45.2120 Y21.0794
G01 X45.2023 Y21.0998
G01 X45.2001 Y21.1054
G01 X45.1929 Y21.1166
G01 X45.1699 Y21.1556
G01 X45.1388 Y21.2100
G01 X45.1238 Y21.2310
G01 X45.0891 Y21.2726
G01 X45.0358 Y21.3385
G01 X43.2337 Y23.1396
G01 X43.2222 Y23.1529
G01 X43.2064 Y23.1669
G01 X43.1870 Y23.1863
G01 X43.1519 Y23.2165
G01 X43.1125 Y23.2513
G01 X43.0965 Y23.2624
G01 X43.0869 Y23.2714
G01 X43.0450 Y23.2969
G01 X42.9922 Y23.3327
G01 X42.9762 Y23.3395
G01 X42.9647 Y23.3466
G01 X42.9035 Y23.3724
G01 X42.8572 Y23.3937
G01 X42.8514 Y23.3952
G01 X42.8390 Y23.3993
G01 X42.8253 Y23.4056
G01 X42.7359 Y23.4275
G01 X42.7120 Y23.4345
G01 X42.6985 Y23.4357
G01 X42.6827 Y23.4395
G01 X42.5607 Y23.4502
G01 X42.5509 Y23.4510
G01 X42.5415 Y23.4511
G01 X42.5360 Y23.4518
G01 X42.5200 Y23.4510
G01 X41.3180 Y23.4510
G01 X41.3130 Y23.4512
G01 X41.3003 Y23.4528
G01 X41.2674 Y23.4510
G01 X41.2488 Y23.4510
G01 X41.2137 Y23.4481
G01 X41.1930 Y23.4471
G01 X41.1549 Y23.4444
G01 X41.1467 Y23.4426
G01 X41.1252 Y23.4400
G01 X41.0844 Y23.4309
G01 X41.0103 Y23.4167
G01 X40.9997 Y23.4129
G01 X40.9821 Y23.4084
G01 X40.9636 Y23.4000
G01 X40.9426 Y23.3916
G01 X40.8698 Y23.3644
G01 X40.8429 Y23.3501
G01 X40.8218 Y23.3376
G01 X40.7392 Y23.2905
G01 X40.6144 Y23.1907
G01 X39.8014 Y22.3767
G01 X39.7958 Y22.3719
G01 X39.7885 Y22.3673
G01 X39.7805 Y22.3642
G01 X39.7733 Y22.3625
G01 X39.7660 Y22.3620
G01 X39.3990 Y22.3620
G01 X39.3929 Y22.3624
G01 X39.3845 Y22.3642
G01 X39.3765 Y22.3673
G01 X39.3692 Y22.3718
G01 X39.3620 Y22.3784
G01 X39.3561 Y22.3863
G01 X39.3524 Y22.3940
G01 X39.3500 Y22.4022
G01 X39.3490 Y22.4120
G01 X36.6670 Y22.4120
G01 X36.6597 Y22.4125
G01 X36.6525 Y22.4142
G01 X36.6456 Y22.4168
G01 X36.6382 Y22.4211
G01 X36.6325 Y22.4258
G01 X36.6276 Y22.4312
G01 X36.6229 Y22.4384
G01 X36.6199 Y22.4452
G01 X36.6177 Y22.4535
G01 X36.6170 Y22.4608
G01 X36.6170 Y24.4570
G01 X36.6175 Y24.4643
G01 X36.6192 Y24.4715
G01 X36.6218 Y24.4784
G01 X36.6254 Y24.4848
G01 X36.6300 Y24.4906
G01 X36.6353 Y24.4957
G01 X36.6413 Y24.4999
G01 X36.6490 Y24.5036
G01 X36.6560 Y24.5058
G01 X36.6633 Y24.5069
G01 X37.0450 Y24.5070
G01 X37.0513 Y24.5066
G01 X37.0660 Y24.5044
G01 X37.1061 Y24.5069
G01 X37.1159 Y24.5070
G01 X37.1298 Y24.5087
G01 X37.1428 Y24.5098
G01 X37.2196 Y24.5154
G01 X37.2348 Y24.5200
G01 X37.2467 Y24.5213
G01 X37.2921 Y24.5367
G01 X37.3697 Y24.5610
G01 X37.3790 Y24.5664
G01 X37.3885 Y24.5710
G01 X37.4226 Y24.5916
G01 X37.5017 Y24.6359
G01 X37.5113 Y24.6442
G01 X37.5200 Y24.6497
G01 X37.5244 Y24.6540
G01 X37.5291 Y24.6578
G01 X37.5485 Y24.6691
G01 X37.6890 Y24.8088
G01 X37.7893 Y24.9822
G01 X37.8390 Y25.1715
G01 X37.8390 Y25.3665
G01 X37.7884 Y25.5577
G01 X37.7020 Y25.7065
G01 X37.6884 Y25.7289
G01 X37.5493 Y25.8679
G01 X37.3778 Y25.9664
G01 X37.1924 Y26.0160
G01 X36.9906 Y26.0160
G01 X36.8053 Y25.9664
G01 X36.7118 Y25.9125
G01 X36.7025 Y25.9089
G01 X36.6927 Y25.9071
G01 X35.9640 Y25.9070
G01 X35.9581 Y25.9073
G01 X35.9430 Y25.9096
G01 X35.9029 Y25.9071
G01 X35.8919 Y25.9070
G01 X35.8758 Y25.9051
G01 X35.7899 Y25.8986
G01 X35.7752 Y25.8940
G01 X35.7596 Y25.8921
G01 X35.6810 Y25.8656
G01 X35.6419 Y25.8538
G01 X35.6295 Y25.8469
G01 X35.6199 Y25.8433
G01 X35.5697 Y25.8135
G01 X35.5066 Y25.7777
G01 X35.4991 Y25.7720
G01 X35.4369 Y25.7321
G01 X35.4313 Y25.7295
G01 X35.4254 Y25.7276
G01 X35.4193 Y25.7264
G01 X35.4131 Y25.7260
G01 X35.4057 Y25.7265
G01 X35.3997 Y25.7278
G01 X35.3938 Y25.7298
G01 X35.3872 Y25.7332
G01 X35.3041 Y25.7865
G01 X35.2554 Y25.8212
G01 X35.2363 Y25.8295
G01 X35.1038 Y25.8844
G01 X35.0933 Y25.8882
G01 X34.9377 Y25.9090
G01 X34.9116 Y25.9091
G01 X34.9021 Y25.9104
G01 X34.8963 Y25.9122
G01 X34.8908 Y25.9147
G01 X34.8534 Y25.9365
G01 X34.6663 Y25.9880
G01 X34.4607 Y25.9880
G01 X34.2735 Y25.9365
G01 X34.1066 Y25.8400
G01 X33.9660 Y25.7002
G01 X33.8657 Y25.5268
G01 X33.8160 Y25.3375
G01 X33.8160 Y25.1425
G01 X33.8666 Y24.9513
G01 X33.9659 Y24.7808
G01 X34.1056 Y24.6411
G01 X34.1877 Y24.5945
G01 X34.1918 Y24.5918
G01 X34.1966 Y24.5880
G01 X34.2032 Y24.5808
G01 X34.2077 Y24.5735
G01 X34.2109 Y24.5655
G01 X34.2128 Y24.5559
G01 X34.2130 Y21.4750
G01 X34.2126 Y21.4689
G01 X34.2115 Y21.4629
G01 X34.2096 Y21.4570
G01 X34.2071 Y21.4514
G01 X34.2032 Y21.4452
G01 X34.1984 Y21.4396
G01 X33.9145 Y21.1558
G01 X33.9088 Y21.1511
G01 X33.9014 Y21.1468
G01 X33.8945 Y21.1442
G01 X33.8861 Y21.1424
G01 X33.8800 Y21.1420
G01 X33.1534 Y21.1420
G01 X33.1326 Y21.1347
G01 X33.0801 Y21.1217
G01 X33.0279 Y21.1140
G01 X32.9752 Y21.1114
G01 X31.5490 Y21.1113
G01 X31.5489 Y20.3713
G01 X31.5472 Y20.3617
G01 X31.5437 Y20.3526
G01 X31.5413 Y20.3483
G01 X31.5377 Y20.3434
G01 X31.5309 Y20.3365
G01 X31.5228 Y20.3310
G01 X31.5172 Y20.3284
G01 X31.5126 Y20.3269
G01 X31.5030 Y20.3252
G01 X31.4969 Y20.3250
G01 X31.4920 Y20.3255
G01 X31.4837 Y20.3274
G01 X31.4758 Y20.3307
G01 X31.4676 Y20.3361
G01 X31.4615 Y20.3420
G01 X31.3648 Y20.4630
G01 X31.3469 Y20.4860
G01 X31.2608 Y20.5925
G01 X30.1747 Y21.6776
G01 X30.1680 Y21.6851
G01 X30.1625 Y21.6899
G01 X30.1378 Y21.7144
G01 X30.0647 Y21.7780
G01 X30.0547 Y21.7850
G01 X30.0376 Y21.7994
G01 X29.9674 Y21.8433
G01 X29.9408 Y21.8619
G01 X29.9287 Y21.8673
G01 X29.9138 Y21.8765
G01 X29.7754 Y21.9353
G01 X29.6729 Y21.9595
G01 X29.6627 Y21.9621
G01 X29.6560 Y21.9645
G01 X29.6466 Y21.9661
G01 X29.6321 Y21.9695
G01 X29.4859 Y21.9820
G01 X29.4791 Y21.9822
G01 X29.4411 Y21.9852
G01 X29.4350 Y21.9860
G01 X29.4257 Y21.9889
G01 X29.4171 Y21.9935
G01 X29.4095 Y21.9997
G01 X29.4034 Y22.0073
G01 X29.3998 Y22.0137
G01 X29.3971 Y22.0205
G01 X29.3955 Y22.0277
G01 X29.3950 Y22.0350
G01 X29.3950 Y22.7420
G01 X29.3968 Y22.7601
G01 X29.3950 Y22.7860
G01 X29.3950 Y23.4221
G01 X29.3904 Y23.4838
G01 X29.3840 Y23.5132
G01 X29.3765 Y23.5506
G01 X29.3527 Y23.6267
G01 X29.3189 Y23.6905
G01 X29.2794 Y23.7502
G01 X29.2331 Y23.8012
G01 X29.1804 Y23.8493
G01 X29.1197 Y23.8897
G01 X29.0418 Y23.9292
G01 X28.9722 Y23.9487
G01 X28.9138 Y23.9614
G01 X28.8521 Y23.9660
G01 X28.0389 Y23.9660
G01 X27.9771 Y23.9614
G01 X27.9114 Y23.9475
G01 X27.8489 Y23.9286
G01 X27.7788 Y23.8964
G01 X27.6998 Y23.8441
G01 X27.6304 Y23.7746
G01 X27.6258 Y23.7706
G01 X27.6196 Y23.7665
G01 X27.6141 Y23.7638
G01 X27.6083 Y23.7618
G01 X27.6011 Y23.7604
G01 X27.5950 Y23.7600
G01 X26.9741 Y23.7602
G01 X26.9669 Y23.7615
G01 X26.9599 Y23.7638
G01 X26.9533 Y23.7671
G01 X26.9483 Y23.7706
G01 X26.9025 Y23.8118
G01 X26.8860 Y23.8284
G01 X26.8801 Y23.8363
G01 X26.8764 Y23.8440
G01 X26.8737 Y23.8535
G01 X26.8730 Y23.8620
G01 X26.8730 Y25.2430
G01 X26.8749 Y25.2642
G01 X26.8673 Y25.4161
G01 X26.8350 Y25.5576
G01 X26.8324 Y25.5646
G01 X26.8296 Y25.5748
G01 X26.8231 Y25.5906
G01 X26.7846 Y25.6946
G01 X26.7076 Y25.8267
G01 X26.6184 Y25.9387
G01 X26.5097 Y26.0369
G01 X26.4964 Y26.0453
G01 X26.4907 Y26.0497
G01 X26.4771 Y26.0585
G01 X26.3856 Y26.1202
G01 X26.2574 Y26.1780
G01 X26.2545 Y26.1791
G01 X26.2412 Y26.1829
G01 X26.2326 Y26.1866
G01 X26.1806 Y26.1998
G01 X26.1049 Y26.2209
G01 X26.0960 Y26.2221
G01 X25.9971 Y26.2322
G01 X25.9466 Y26.2370
G01 X16.9303 Y26.2371
G01 X16.9207 Y26.2388
G01 X16.9126 Y26.2418
G01 X16.9052 Y26.2461
G01 X16.8987 Y26.2516
G01 X16.1527 Y26.9966
G01 X16.1479 Y27.0022
G01 X16.1445 Y27.0073
G01 X16.1414 Y27.0140
G01 X16.1395 Y27.0198
G01 X16.1384 Y27.0259
G01 X16.1380 Y27.0320
G01 X16.1381 Y28.5875
G01 X16.1390 Y28.5948
G01 X16.1405 Y28.6007
G01 X16.1433 Y28.6075
G01 X16.1464 Y28.6128
G01 X16.1510 Y28.6186
G01 X16.1563 Y28.6237
G01 X16.1623 Y28.6279
G01 X16.1677 Y28.6307
G01 X16.1770 Y28.6338
G01 X16.1855 Y28.6349
G01 X16.2420 Y28.6350
G01 X16.2420 Y29.0332
G01 X16.2432 Y29.0430
G01 X16.2463 Y29.0523
G01 X16.2512 Y29.0608
G01 X16.2576 Y29.0683
G01 X16.2643 Y29.0736
G01 X16.2718 Y29.0778
G01 X16.2800 Y29.0805
G01 X16.2885 Y29.0819
G01 X16.2958 Y29.0819
G01 X16.3043 Y29.0805
G01 X16.3124 Y29.0776
G01 X16.3200 Y29.0735
G01 X16.3275 Y29.0672
G01 X16.5438 Y28.8490
G01 X16.7843 Y28.7106
G01 X17.0476 Y28.6400
G01 X17.3284 Y28.6400
G01 X17.5917 Y28.7106
G01 X17.8322 Y28.8489
G01 X18.0261 Y29.0457
G01 X18.1469 Y29.2505
G01 X18.1499 Y29.2543
G01 X18.1541 Y29.2588
G01 X18.1588 Y29.2626
G01 X18.1629 Y29.2653
G01 X18.1673 Y29.2675
G01 X18.1730 Y29.2697
G01 X18.1777 Y29.2709
G01 X18.1837 Y29.2718
G01 X18.1898 Y29.2720
G01 X18.1959 Y29.2714
G01 X18.2007 Y29.2704
G01 X18.2065 Y29.2685
G01 X18.2120 Y29.2659
G01 X18.2172 Y29.2626
G01 X18.2219 Y29.2588
G01 X18.2261 Y29.2543
G01 X18.2311 Y29.2474
G01 X18.3499 Y29.0457
G01 X18.5438 Y28.8489
G01 X18.7843 Y28.7106
G01 X19.0476 Y28.6400
G01 X19.3284 Y28.6400
G01 X19.5917 Y28.7106
G01 X19.8322 Y28.8490
G01 X20.0270 Y29.0466
G01 X20.1658 Y29.2841
G01 X20.2370 Y29.5486
G01 X20.2370 Y29.8294
G01 X20.1664 Y30.0927
G01 X20.1484 Y30.1245
G01 X20.1455 Y30.1327
G01 X20.1441 Y30.1413
G01 X20.1440 Y30.5472
G01 X20.1447 Y30.5545
G01 X20.1465 Y30.5617
G01 X20.1493 Y30.5685
G01 X20.1538 Y30.5758
G01 X20.1586 Y30.5814
G01 X23.7496 Y34.1734
G01 X23.7542 Y34.1774
G01 X23.7603 Y34.1815
G01 X23.7670 Y34.1846
G01 X23.7740 Y34.1868
G01 X23.7801 Y34.1878
G01 X23.7850 Y34.1880
G01 X23.7899 Y34.1878
G01 X23.7960 Y34.1868
G01 X23.8007 Y34.1855
G01 X23.8064 Y34.1832
G01 X23.8107 Y34.1809
G01 X23.8158 Y34.1774
G01 X23.8195 Y34.1742
G01 X23.8236 Y34.1697
G01 X23.8272 Y34.1648
G01 X23.8297 Y34.1605
G01 X23.8316 Y34.1560
G01 X23.8335 Y34.1501
G01 X23.8345 Y34.1453
G01 X23.8350 Y34.1392
G01 X23.8350 Y29.3880
G01 X26.7350 Y29.3880
G01 X26.7350 Y47.6980
G01 X23.8350 Y47.6980
G01 X23.8350 Y46.5268
G01 X23.8345 Y46.5207
G01 X23.8335 Y46.5159
G01 X23.8316 Y46.5100
G01 X23.8297 Y46.5055
G01 X23.8272 Y46.5013
G01 X23.8237 Y46.4963
G01 X23.8204 Y46.4926
G01 X23.8158 Y46.4886
G01 X23.8086 Y46.4839
G01 X23.8007 Y46.4805
G01 X23.7935 Y46.4787
G01 X23.7850 Y46.4780
G01 X22.4000 Y46.4780
G01 X22.3950 Y46.4782
G01 X22.3823 Y46.4798
G01 X22.3494 Y46.4780
G01 X22.3358 Y46.4780
G01 X22.2966 Y46.4751
G01 X22.2749 Y46.4741
G01 X22.2364 Y46.4714
G01 X22.2224 Y46.4684
G01 X22.2050 Y46.4673
G01 X22.1595 Y46.4569
G01 X22.0907 Y46.4435
G01 X22.0762 Y46.4387
G01 X22.0698 Y46.4359
G01 X22.0623 Y46.4339
G01 X22.0204 Y46.4171
G01 X21.9529 Y46.3927
G01 X21.9384 Y46.3838
G01 X21.9330 Y46.3814
G01 X21.9277 Y46.3795
G01 X21.9094 Y46.3680
G01 X21.8866 Y46.3545
G01 X21.8629 Y46.3411
G01 X21.8223 Y46.3189
G01 X21.8069 Y46.3072
G01 X21.8018 Y46.3028
G01 X21.7957 Y46.2989
G01 X21.7730 Y46.2788
G01 X21.6983 Y46.2196
G01 X21.0204 Y45.5407
G01 X21.0148 Y45.5359
G01 X21.0086 Y45.5319
G01 X21.0019 Y45.5289
G01 X20.9936 Y45.5267
G01 X20.9850 Y45.5260
G01 X20.6400 Y45.5260
G01 X20.6335 Y45.5264
G01 X20.6140 Y45.5295
G01 X20.5996 Y45.5313
G01 X20.5790 Y45.5332
G01 X20.5523 Y45.5350
G01 X19.9560 Y45.5350
G01 X19.9295 Y45.5369
G01 X19.8960 Y45.5350
G01 X19.2867 Y45.5350
G01 X19.2600 Y45.5332
G01 X19.2394 Y45.5313
G01 X19.2250 Y45.5295
G01 X19.2055 Y45.5264
G01 X19.1990 Y45.5260
G01 X17.7308 Y45.5260
G01 X17.7235 Y45.5267
G01 X17.7163 Y45.5285
G01 X17.7095 Y45.5313
G01 X17.7022 Y45.5358
G01 X17.6966 Y45.5406
G01 X17.6911 Y45.5472
G01 X17.6873 Y45.5535
G01 X17.6842 Y45.5615
G01 X17.6827 Y45.5675
G01 X17.6820 Y45.5748
G01 X17.6820 Y45.6800
G01 X15.3310 Y45.6800
G01 X15.3225 Y45.6807
G01 X15.3153 Y45.6825
G01 X15.3085 Y45.6853
G01 X15.3012 Y45.6898
G01 X15.2957 Y45.6946
G01 X13.5157 Y47.4736
G01 X13.5106 Y47.4795
G01 X13.5026 Y47.4866
G01 X13.4762 Y47.5131
G01 X13.4211 Y47.5593
G01 X13.4011 Y47.5775
G01 X13.3910 Y47.5848
G01 X13.3766 Y47.5973
G01 X13.3622 Y47.6058
G01 X13.3182 Y47.6338
G01 X13.3132 Y47.6374
G01 X13.3087 Y47.6416
G01 X13.3048 Y47.6463
G01 X13.3021 Y47.6503
G01 X13.2993 Y47.6558
G01 X13.2975 Y47.6603
G01 X13.2960 Y47.6663
G01 X13.2950 Y47.6760
G01 X13.2950 Y50.3270
G01 X10.3950 Y50.3270
G01 X10.3949 Y50.1243
G01 X10.3935 Y50.1158
G01 X10.3901 Y50.1065
G01 X10.3857 Y50.0990
G01 X10.3793 Y50.0916
G01 X10.3735 Y50.0869
G01 X10.3671 Y50.0832
G01 X10.3602 Y50.0804
G01 X10.3530 Y50.0786
G01 X10.3311 Y50.0770
G01 X10.3138 Y50.0770
G01 X10.2096 Y50.0702
G01 X10.1885 Y50.0677
G01 X10.1328 Y50.0550
G01 X10.0741 Y50.0432
G01 X10.0696 Y50.0415
G01 X10.0638 Y50.0400
G01 X10.0534 Y50.0361
G01 X10.0424 Y50.0337
G01 X9.9881 Y50.0114
G01 X9.9273 Y49.9891
G01 X9.9203 Y49.9852
G01 X9.9043 Y49.9777
G01 X9.8560 Y49.9487
G01 X9.7996 Y49.9162
G01 X9.7811 Y49.9028
G01 X9.7314 Y49.8611
G01 X9.6794 Y49.8191
G01 X9.6740 Y49.8153
G01 X8.0334 Y48.1737
G01 X8.0252 Y48.1663
G01 X8.0173 Y48.1576
G01 X7.9937 Y48.1340
G01 X7.9470 Y48.0795
G01 X7.9264 Y48.0561
G01 X7.9195 Y48.0464
G01 X7.9084 Y48.0333
G01 X7.8697 Y47.9714
G01 X7.8478 Y47.9399
G01 X7.8415 Y47.9274
G01 X7.8305 Y47.9098
G01 X7.7817 Y47.7951
G01 X7.7720 Y47.7685
G01 X7.7524 Y47.6854
G01 X7.7422 Y47.6498
G01 X7.7403 Y47.6348
G01 X7.7384 Y47.6269
G01 X7.7261 Y47.4835
G01 X7.7270 Y47.4690
G01 X7.7270 Y45.0940
G01 X7.7266 Y45.0879
G01 X7.7258 Y45.0831
G01 X7.7237 Y45.0760
G01 X7.7205 Y45.0694
G01 X7.7172 Y45.0642
G01 X7.7124 Y45.0587
G01 X7.0804 Y44.4257
G01 X7.0758 Y44.4216
G01 X7.0707 Y44.4181
G01 X7.0653 Y44.4153
G01 X7.0590 Y44.4130
G01 X7.0572 Y44.4079
G01 X7.0545 Y44.4024
G01 X7.0512 Y44.3972
G01 X7.0472 Y44.3925
G01 X6.7654 Y44.1106
G01 X6.7619 Y44.1075
G01 X6.7560 Y44.1030
G01 X6.7413 Y44.0866
G01 X6.7238 Y44.0691
G01 X6.6911 Y44.0306
G01 X6.6586 Y43.9943
G01 X6.6506 Y43.9825
G01 X6.6406 Y43.9706
G01 X6.6111 Y43.9241
G01 X6.5772 Y43.8740
G01 X6.5697 Y43.8565
G01 X6.5632 Y43.8462
G01 X6.5290 Y43.7655
G01 X6.5149 Y43.7351
G01 X6.5105 Y43.7226
G01 X6.5057 Y43.7113
G01 X6.4843 Y43.6232
G01 X6.4744 Y43.5884
G01 X6.4733 Y43.5757
G01 X6.4704 Y43.5647
G01 X6.4582 Y43.4159
G01 X6.4590 Y43.4030
G01 X6.4589 Y42.0226
G01 X6.4578 Y42.0143
G01 X6.4554 Y42.0063
G01 X6.4202 Y41.9297
G01 X6.3927 Y41.8566
G01 X6.3817 Y41.7784
G01 X6.3780 Y41.7339
G01 X6.3780 Y41.1200
G01 X6.3772 Y41.1110
G00 Z2.0000
G00 X50.0820 Y55.0736
G01 F60.00
G01 Z-0.0000
G01 F60.00
G01 X50.3016 Y54.2563
G01 X50.7270 Y53.5197
G01 X51.3277 Y52.9190
G01 X52.0643 Y52.4936
G01 X52.8816 Y52.2750
G01 X53.7354 Y52.2750
G01 X54.5527 Y52.4936
G01 X55.2893 Y52.9190
G01 X55.8900 Y53.5197
G01 X56.3154 Y54.2563
G01 X56.5340 Y55.0736
G01 X56.5340 Y55.9274
G01 X56.3158 Y56.7434
G01 X55.8900 Y57.4813
G01 X55.2893 Y58.0820
G01 X54.5530 Y58.5078
G01 X53.7354 Y58.7270
G01 X52.8816 Y58.7270
G01 X52.0640 Y58.5078
G01 X51.3277 Y58.0820
G01 X50.7270 Y57.4813
G01 X50.3012 Y56.7433
G01 X50.0820 Y55.9274
G01 X50.0820 Y55.0736
G00 Z2.0000
G00 X52.7500 Y58.2954
G01 F60.00
G01 Z-0.0000
G01 F60.00
G01 X52.4811 Y58.2280
G01 X52.2178 Y58.1338
G01 X51.9649 Y58.0142
G01 X51.7250 Y57.8704
G01 X51.5004 Y57.7038
G01 X51.2931 Y57.5160
G01 X51.1053 Y57.3087
G01 X50.9387 Y57.0841
G01 X50.7949 Y56.8442
G01 X50.6753 Y56.5913
G01 X50.5811 Y56.3280
G01 X50.5132 Y56.0567
G01 X50.4721 Y55.7800
G01 X50.4584 Y55.5007
G01 X50.4721 Y55.2214
G01 X50.5132 Y54.9447
G01 X50.5811 Y54.6734
G01 X50.6753 Y54.4101
G01 X50.7949 Y54.1572
G01 X50.9387 Y53.9173
G01 X51.1053 Y53.6927
G01 X51.2931 Y53.4854
G01 X51.5004 Y53.2976
G01 X51.7250 Y53.1310
G01 X51.9649 Y52.9872
G01 X52.2178 Y52.8676
G01 X52.4811 Y52.7734
G01 X52.7524 Y52.7055
G01 X53.0291 Y52.6644
G01 X53.3084 Y52.6507
G01 X53.5877 Y52.6644
G01 X53.8644 Y52.7055
G01 X54.1357 Y52.7734
G01 X54.3990 Y52.8676
G01 X54.6519 Y52.9872
G01 X54.8918 Y53.1310
G01 X55.1164 Y53.2976
G01 X55.3237 Y53.4854
G01 X55.5115 Y53.6927
G01 X55.6781 Y53.9173
G01 X55.8219 Y54.1572
G01 X55.9415 Y54.4101
G01 X56.0357 Y54.6734
G01 X56.1036 Y54.9447
G01 X56.1447 Y55.2214
G01 X56.1584 Y55.5007
G01 X56.1447 Y55.7800
G01 X56.1037 Y56.0566
G01 X56.0357 Y56.3280
G01 X55.9415 Y56.5913
G01 X55.8219 Y56.8442
G01 X55.6781 Y57.0841
G01 X55.5115 Y57.3087
G01 X55.3237 Y57.5160
G01 X55.1164 Y57.7038
G01 X54.8918 Y57.8704
G01 X54.6519 Y58.0142
G01 X54.3990 Y58.1338
G01 X54.1357 Y58.2280
G01 X53.8644 Y58.2959
G01 X53.5877 Y58.3370
G01 X53.3084 Y58.3507
G01 X53.0291 Y58.3370
G01 X52.7500 Y58.2954
G00 Z2.0000
G00 X52.7500 Y17.7172
G01 F60.00
G01 Z-0.0000
G01 F60.00
G01 X52.4811 Y17.6498
G01 X52.2178 Y17.5556
G01 X51.9649 Y17.4360
G01 X51.7250 Y17.2922
G01 X51.5004 Y17.1256
G01 X51.2931 Y16.9378
G01 X51.1053 Y16.7305
G01 X50.9387 Y16.5059
G01 X50.7949 Y16.2660
G01 X50.6753 Y16.0131
G01 X50.5811 Y15.7498
G01 X50.5132 Y15.4785
G01 X50.4721 Y15.2018
G01 X50.4584 Y14.9225
G01 X50.4721 Y14.6432
G01 X50.5132 Y14.3665
G01 X50.5811 Y14.0952
G01 X50.6753 Y13.8319
G01 X50.7949 Y13.5790
G01 X50.9387 Y13.3391
G01 X51.1053 Y13.1145
G01 X51.2931 Y12.9072
G01 X51.5004 Y12.7194
G01 X51.7250 Y12.5528
G01 X51.9649 Y12.4090
G01 X52.2178 Y12.2894
G01 X52.4811 Y12.1952
G01 X52.7524 Y12.1273
G01 X53.0291 Y12.0862
G01 X53.3084 Y12.0725
G01 X53.5877 Y12.0862
G01 X53.8644 Y12.1273
G01 X54.1357 Y12.1952
G01 X54.3990 Y12.2894
G01 X54.6519 Y12.4090
G01 X54.8918 Y12.5528
G01 X55.1164 Y12.7194
G01 X55.3237 Y12.9072
G01 X55.5115 Y13.1145
G01 X55.6781 Y13.3391
G01 X55.8219 Y13.5790
G01 X55.9415 Y13.8319
G01 X56.0357 Y14.0952
G01 X56.1036 Y14.3665
G01 X56.1447 Y14.6432
G01 X56.1584 Y14.9225
G01 X56.1447 Y15.2018
G01 X56.1037 Y15.4784
G01 X56.0357 Y15.7498
G01 X55.9415 Y16.0131
G01 X55.8219 Y16.2660
G01 X55.6781 Y16.5059
G01 X55.5115 Y16.7305
G01 X55.3237 Y16.9378
G01 X55.1164 Y17.1256
G01 X54.8918 Y17.2922
G01 X54.6519 Y17.4360
G01 X54.3990 Y17.5556
G01 X54.1357 Y17.6498
G01 X53.8644 Y17.7177
G01 X53.5877 Y17.7588
G01 X53.3084 Y17.7725
G01 X53.0291 Y17.7588
G01 X52.7500 Y17.7172
G00 Z2.0000
G00 X50.0820 Y14.4956
G01 F60.00
G01 Z-0.0000
G01 F60.00
G01 X50.3016 Y13.6783
G01 X50.7270 Y12.9417
G01 X51.3277 Y12.3410
G01 X52.0643 Y11.9156
G01 X52.8816 Y11.6960
G01 X53.7354 Y11.6960
G01 X54.5527 Y11.9156
G01 X55.2893 Y12.3410
G01 X55.8900 Y12.9417
G01 X56.3154 Y13.6783
G01 X56.5340 Y14.4956
G01 X56.5340 Y15.3494
G01 X56.3154 Y16.1667
G01 X55.8900 Y16.9033
G01 X55.2893 Y17.5040
G01 X54.5527 Y17.9294
G01 X53.7354 Y18.1490
G01 X52.8816 Y18.1490
G01 X52.0643 Y17.9294
G01 X51.3277 Y17.5040
G01 X50.7270 Y16.9033
G01 X50.3016 Y16.1667
G01 X50.0820 Y15.3494
G01 X50.0820 Y14.4956
G00 Z2.0000
M05
G00 Z2.0000
G00 Z5.00


